time,weekday,hour,1/3 NLH tables,1/3 NLH wait,1/3/6 NLH tables,1/3/6 NLH wait,2/5/10 NLH tables,2/5/10 NLH wait,2/5 PLO tables,2/5 PLO wait,High Hand tables,High Hand wait,wynn_1/3 tables,wynn_1/3 wait,wynn_2/5 tables,wynn_2/5 wait,wynn_5/10 tables,wynn_5/10 wait,wynn_10/20 tables,wynn_10/20 wait,wynn_20/40 tables,wynn_20/40 wait,hustler_1/3 tables,hustler_1/3 wait,hustler_2/3 tables,hustler_2/3 wait,hustler_2/5 tables,hustler_2/5 wait,hustler_5/5 tables,hustler_5/5 wait,hustler_5/5/10 tables,hustler_5/5/10 wait,hustler_10/20 tables,hustler_10/20 wait
2026-06-08T22:38-07:00,Mon,22,3,12,1,10,0,7,1,12,0,12
2026-06-08T23:20-07:00,Mon,23,3,12,1,8,0,4,1,11,0,12
2026-06-09T01:49-07:00,Tue,1,2,6,1,2,0,4,1,2,0,12
2026-06-09T04:50-07:00,Tue,4,2,1,0,0,0,0,0,0,0,12
2026-06-09T06:30-07:00,Tue,6,1,0,0,0,0,0,0,0,0,12
2026-06-09T06:45-07:00,Tue,6,1,0,0,0,0,0,0,0,0,12
2026-06-09T06:46-07:00,Tue,6,1,0,0,0,0,0,0,0,0,12
2026-06-09T06:56-07:00,Tue,6,1,0,0,0,0,0,0,0,0,12
2026-06-09T07:06-07:00,Tue,7,0,0,0,0,0,0,0,0,0,12
2026-06-09T07:16-07:00,Tue,7,0,0,0,0,0,0,0,0,0,12
2026-06-09T07:26-07:00,Tue,7,0,3,0,1,0,0,0,1,0,12
2026-06-09T07:36-07:00,Tue,7,0,4,0,1,0,0,0,1,0,12
2026-06-09T07:46-07:00,Tue,7,0,5,0,1,0,0,0,1,0,12
2026-06-09T07:56-07:00,Tue,7,0,7,0,1,0,0,0,1,0,12
2026-06-09T08:06-07:00,Tue,8,0,7,0,1,0,0,0,1,0,12
2026-06-09T08:59-07:00,Tue,8,0,12,0,1,0,0,0,1,0,12
2026-06-09T09:09-07:00,Tue,9,0,13,0,1,0,0,0,1,0,12
2026-06-09T09:19-07:00,Tue,9,0,14,0,2,0,1,0,2,0,12
2026-06-09T09:29-07:00,Tue,9,1,6,0,2,0,1,0,2,0,12
2026-06-09T09:39-07:00,Tue,9,1,9,0,3,0,1,0,3,0,12
2026-06-09T09:49-07:00,Tue,9,1,9,0,3,0,1,0,3,0,12
2026-06-09T09:59-07:00,Tue,9,1,12,0,4,0,1,0,4,0,12
2026-06-09T10:09-07:00,Tue,10,1,13,0,5,0,0,0,7,0,12
2026-06-09T10:19-07:00,Tue,10,2,19,0,5,0,0,0,8,0,12
2026-06-09T10:29-07:00,Tue,10,2,14,0,5,0,0,0,8,0,12
2026-06-09T10:39-07:00,Tue,10,2,12,0,5,0,0,0,9,0,12
2026-06-09T10:49-07:00,Tue,10,2,11,0,5,0,0,0,9,0,12
2026-06-09T10:59-07:00,Tue,10,2,12,0,5,0,0,0,10,0,12
2026-06-09T11:09-07:00,Tue,11,2,11,0,3,0,0,0,9,0,12
2026-06-09T11:19-07:00,Tue,11,2,13,0,3,0,0,0,10,0,12
2026-06-09T11:29-07:00,Tue,11,2,19,0,4,0,0,0,11,0,12
2026-06-09T11:39-07:00,Tue,11,2,18,0,3,0,0,0,9,0,12
2026-06-09T11:49-07:00,Tue,11,2,19,0,3,0,0,0,11,0,12
2026-06-09T12:00-07:00,Tue,12,2,17,0,3,0,0,0,11,0,12
2026-06-09T12:10-07:00,Tue,12,2,18,0,4,0,0,0,11,0,12
2026-06-09T12:20-07:00,Tue,12,3,11,0,4,0,0,0,10,0,12
2026-06-09T12:30-07:00,Tue,12,3,14,0,5,0,0,0,11,0,12
2026-06-09T12:40-07:00,Tue,12,3,16,0,5,0,0,0,11,0,12
2026-06-09T12:50-07:00,Tue,12,3,15,0,5,0,0,0,11,0,12
2026-06-09T13:00-07:00,Tue,13,3,13,0,5,0,0,1,5,0,12
2026-06-09T13:10-07:00,Tue,13,3,10,0,4,0,0,1,7,0,12
2026-06-09T13:20-07:00,Tue,13,3,10,0,4,0,0,1,5,0,12
2026-06-09T13:30-07:00,Tue,13,3,12,0,4,0,0,1,4,0,12
2026-06-09T13:40-07:00,Tue,13,4,21,0,7,0,0,1,8,0,12
2026-06-09T13:50-07:00,Tue,13,4,14,0,8,0,0,1,9,0,12
2026-06-09T14:00-07:00,Tue,14,4,15,0,8,0,0,1,10,0,12
2026-06-09T14:10-07:00,Tue,14,4,19,0,8,0,0,1,11,0,12
2026-06-09T14:20-07:00,Tue,14,4,21,0,9,0,0,1,12,0,12
2026-06-09T16:31-07:00,Tue,16,5,14,0,12,0,3,2,8,0,12
2026-06-09T16:41-07:00,Tue,16,5,14,0,9,0,2,2,7,0,12
2026-06-09T16:51-07:00,Tue,16,5,15,0,10,0,0,2,8,0,12
2026-06-09T17:01-07:00,Tue,17,5,15,0,11,0,0,2,9,0,12
2026-06-09T17:11-07:00,Tue,17,5,15,0,11,0,0,2,11,0,12
2026-06-09T17:21-07:00,Tue,17,5,16,0,12,0,1,2,13,0,12
2026-06-09T17:31-07:00,Tue,17,5,17,0,12,0,1,2,12,0,12
2026-06-09T17:41-07:00,Tue,17,5,16,0,11,0,1,2,11,0,12
2026-06-09T17:51-07:00,Tue,17,5,19,0,13,0,1,2,11,0,12
2026-06-09T18:01-07:00,Tue,18,5,15,1,14,0,1,2,9,0,12
2026-06-09T18:11-07:00,Tue,18,5,16,1,7,0,1,1,9,0,12
2026-06-09T18:21-07:00,Tue,18,5,11,1,6,0,1,1,9,0,12
2026-06-09T21:49-07:00,Tue,21,6,20,1,20,0,4,1,12,0,12
2026-06-09T21:59-07:00,Tue,21,6,17,2,16,0,3,1,12,0,12
2026-06-09T22:09-07:00,Tue,22,6,20,2,21,0,4,1,13,0,12
2026-06-09T22:19-07:00,Tue,22,6,12,2,4,0,4,1,11,0,12
2026-06-09T22:29-07:00,Tue,22,6,9,2,1,0,3,1,8,0,12
2026-06-09T22:39-07:00,Tue,22,6,11,2,3,0,2,1,10,0,12
2026-06-09T22:49-07:00,Tue,22,5,13,2,3,0,2,1,10,0,12
2026-06-09T22:59-07:00,Tue,22,5,11,2,3,0,2,1,8,0,12
2026-06-09T23:09-07:00,Tue,23,5,14,2,4,0,2,1,9,0,12
2026-06-09T23:19-07:00,Tue,23,5,12,2,4,0,2,1,10,0,12
2026-06-09T23:29-07:00,Tue,23,5,13,2,4,0,2,1,10,0,12
2026-06-09T23:39-07:00,Tue,23,5,11,2,4,0,2,1,8,0,12
2026-06-10T02:01-07:00,Wed,2,2,3,1,3,0,0,1,0,0,12
2026-06-10T02:11-07:00,Wed,2,2,4,1,4,0,0,1,1,0,12
2026-06-10T02:21-07:00,Wed,2,2,5,1,5,0,0,1,1,0,12
2026-06-10T02:31-07:00,Wed,2,2,5,1,5,0,0,1,1,0,12
2026-06-10T02:41-07:00,Wed,2,2,4,1,3,0,0,1,1,0,12
2026-06-10T02:51-07:00,Wed,2,2,2,1,3,0,0,1,1,0,12
2026-06-10T03:01-07:00,Wed,3,2,2,1,4,0,0,1,1,0,12
2026-06-10T03:11-07:00,Wed,3,2,2,1,4,0,0,1,1,0,12
2026-06-10T03:21-07:00,Wed,3,2,2,1,4,0,0,1,1,0,12
2026-06-10T03:31-07:00,Wed,3,1,2,1,4,0,0,1,1,0,12
2026-06-10T03:41-07:00,Wed,3,1,2,0,3,0,0,1,1,0,12
2026-06-10T03:51-07:00,Wed,3,1,1,0,2,0,0,1,0,0,12
2026-06-10T05:36-07:00,Wed,5,1,2,0,0,0,0,1,0,0,12
2026-06-10T05:46-07:00,Wed,5,1,1,0,0,0,0,0,0,0,12
2026-06-10T05:56-07:00,Wed,5,1,1,0,0,0,0,0,0,0,12
2026-06-10T06:06-07:00,Wed,6,1,1,0,0,0,0,0,0,0,12
2026-06-10T06:16-07:00,Wed,6,1,0,0,0,0,0,0,0,0,12
2026-06-10T06:26-07:00,Wed,6,1,0,0,0,0,0,0,0,0,12
2026-06-10T06:36-07:00,Wed,6,1,0,0,0,0,0,0,0,0,12
2026-06-10T06:46-07:00,Wed,6,1,0,0,0,0,0,0,0,0,12
2026-06-10T06:56-07:00,Wed,6,1,0,0,0,0,0,0,0,0,12
2026-06-10T07:06-07:00,Wed,7,1,1,0,0,0,0,0,0,0,12
2026-06-10T07:16-07:00,Wed,7,1,3,0,0,0,0,0,0,0,12
2026-06-10T07:26-07:00,Wed,7,1,5,0,0,0,0,0,0,0,12
2026-06-10T09:26-07:00,Wed,9,2,6,0,1,0,1,0,2,0,12
2026-06-10T09:36-07:00,Wed,9,2,7,0,1,0,1,0,2,0,12
2026-06-10T09:46-07:00,Wed,9,2,9,0,2,0,1,0,3,0,12
2026-06-10T09:56-07:00,Wed,9,2,10,0,2,0,1,0,3,0,12
2026-06-10T10:06-07:00,Wed,10,2,10,0,2,0,0,0,4,0,12
2026-06-10T10:16-07:00,Wed,10,2,12,0,2,0,0,0,4,0,12
2026-06-10T10:26-07:00,Wed,10,2,10,0,3,0,0,0,7,0,12
2026-06-10T10:36-07:00,Wed,10,2,12,0,3,0,0,0,7,0,12
2026-06-10T10:46-07:00,Wed,10,2,13,0,3,0,0,0,6,0,12
2026-06-10T10:56-07:00,Wed,10,2,16,0,3,0,0,0,6,0,12
2026-06-10T11:06-07:00,Wed,11,2,18,0,3,0,0,0,7,0,12
2026-06-10T11:16-07:00,Wed,11,2,18,0,2,0,0,0,6,0,12
2026-06-10T12:19-07:00,Wed,12,3,25,0,5,0,0,0,12,0,12
2026-06-10T12:29-07:00,Wed,12,3,27,0,5,0,0,0,11,0,12
2026-06-10T12:39-07:00,Wed,12,4,17,0,7,0,0,0,11,0,12
2026-06-10T12:49-07:00,Wed,12,4,20,0,8,0,0,0,11,0,12
2026-06-10T12:59-07:00,Wed,12,4,18,0,8,0,0,0,8,0,12
2026-06-10T13:09-07:00,Wed,13,4,20,0,9,0,0,0,8,0,12
2026-06-10T13:19-07:00,Wed,13,4,26,0,11,0,0,0,11,0,12
2026-06-10T13:29-07:00,Wed,13,4,22,0,9,0,0,1,5,0,12
2026-06-10T13:40-07:00,Wed,13,4,24,0,11,0,0,1,5,0,12
2026-06-10T13:50-07:00,Wed,13,4,23,0,11,0,0,1,7,0,12
2026-06-10T14:00-07:00,Wed,14,4,26,0,11,0,0,1,8,0,12
2026-06-10T14:10-07:00,Wed,14,4,28,0,11,0,0,1,8,0,12
2026-06-10T14:46-07:00,Wed,14,5,25,1,16,0,0,1,10,0,12
2026-06-10T14:56-07:00,Wed,14,5,17,1,4,0,0,1,9,0,12
2026-06-10T15:06-07:00,Wed,15,5,15,1,6,0,0,1,11,0,12
2026-06-10T15:16-07:00,Wed,15,5,12,1,5,0,0,1,11,0,12
2026-06-10T15:26-07:00,Wed,15,5,17,1,7,0,0,1,10,0,12
2026-06-10T15:36-07:00,Wed,15,5,16,1,9,0,1,1,11,0,12
2026-06-10T15:46-07:00,Wed,15,5,15,1,9,0,1,1,12,0,12
2026-06-10T15:56-07:00,Wed,15,5,15,1,10,0,1,1,13,0,12
2026-06-10T16:06-07:00,Wed,16,5,20,1,13,0,1,1,16,0,12
2026-06-10T16:16-07:00,Wed,16,5,21,1,13,0,1,1,18,0,12
2026-06-10T16:26-07:00,Wed,16,5,24,1,14,0,1,1,16,0,12
2026-06-10T16:36-07:00,Wed,16,5,25,1,12,0,1,1,17,0,12
2026-06-10T16:50-07:00,Wed,16,5,25,1,12,0,1,1,13,0,12
2026-06-10T17:00-07:00,Wed,17,5,24,1,13,0,1,1,12,0,12
2026-06-10T17:10-07:00,Wed,17,5,21,2,14,0,1,1,11,0,12
2026-06-10T17:20-07:00,Wed,17,5,17,2,6,0,2,1,9,0,12
2026-06-10T17:30-07:00,Wed,17,5,21,2,7,0,0,1,10,0,12
2026-06-10T17:40-07:00,Wed,17,5,23,2,8,0,0,1,10,0,12
2026-06-10T17:50-07:00,Wed,17,5,23,2,8,0,0,1,10,0,12
2026-06-10T18:00-07:00,Wed,18,5,24,2,10,0,0,1,11,0,12
2026-06-10T18:10-07:00,Wed,18,4,23,2,10,0,0,1,11,0,12
2026-06-10T18:20-07:00,Wed,18,5,13,2,7,0,0,1,11,0,12
2026-06-10T18:31-07:00,Wed,18,5,15,2,7,0,0,1,11,0,12
2026-06-10T18:41-07:00,Wed,18,5,15,2,7,0,0,1,11,0,12
2026-06-10T21:59-07:00,Wed,21,4,21,2,12,0,1,2,11,0,12
2026-06-10T22:09-07:00,Wed,22,5,22,1,16,0,1,2,10,0,12
2026-06-10T22:19-07:00,Wed,22,5,13,1,15,0,2,2,11,0,12
2026-06-10T22:29-07:00,Wed,22,5,11,1,11,0,2,2,11,0,12
2026-06-10T22:39-07:00,Wed,22,5,11,1,12,0,2,2,11,0,12
2026-06-10T22:49-07:00,Wed,22,5,14,1,11,0,2,2,11,0,12
2026-06-10T22:59-07:00,Wed,22,5,14,1,11,0,2,2,10,0,12
2026-06-10T23:09-07:00,Wed,23,5,13,1,8,0,2,2,10,0,12
2026-06-10T23:19-07:00,Wed,23,5,12,1,6,0,2,2,8,0,12
2026-06-10T23:29-07:00,Wed,23,5,13,1,7,0,2,2,8,0,12
2026-06-10T23:39-07:00,Wed,23,5,11,1,7,0,3,2,8,0,12
2026-06-10T23:49-07:00,Wed,23,5,11,1,6,0,3,2,7,0,12
2026-06-11T02:45-07:00,Thu,2,3,0,0,0,0,0,1,5,0,12
2026-06-11T02:55-07:00,Thu,2,3,0,0,0,0,0,1,6,0,12
2026-06-11T03:05-07:00,Thu,3,3,0,0,0,0,0,1,6,0,12
2026-06-11T03:15-07:00,Thu,3,3,0,0,0,0,0,1,6,0,12
2026-06-11T03:25-07:00,Thu,3,2,0,0,0,0,0,1,6,0,12
2026-06-11T03:35-07:00,Thu,3,2,0,0,0,0,0,1,6,0,12
2026-06-11T03:45-07:00,Thu,3,2,0,0,0,0,0,1,6,0,12
2026-06-11T03:55-07:00,Thu,3,2,0,0,0,0,0,1,6,0,12
2026-06-11T04:05-07:00,Thu,4,2,0,0,0,0,0,1,6,0,12
2026-06-11T04:15-07:00,Thu,4,2,0,0,0,0,0,1,6,0,12
2026-06-11T04:25-07:00,Thu,4,2,0,0,0,0,0,1,6,0,12
2026-06-11T04:35-07:00,Thu,4,2,0,0,0,0,0,1,6,0,12
2026-06-11T07:12-07:00,Thu,7,1,1,0,0,0,0,0,1,0,12
2026-06-11T07:22-07:00,Thu,7,1,4,0,0,0,0,0,1,0,12
2026-06-11T07:32-07:00,Thu,7,1,5,0,1,0,1,0,0,0,12
2026-06-11T07:42-07:00,Thu,7,1,6,0,2,0,1,0,0,0,12
2026-06-11T07:52-07:00,Thu,7,1,6,0,2,0,1,0,0,0,12
2026-06-11T08:02-07:00,Thu,8,1,7,0,2,0,1,0,0,0,12
2026-06-11T08:12-07:00,Thu,8,1,8,0,2,0,1,0,0,0,12
2026-06-11T08:22-07:00,Thu,8,1,11,0,2,0,1,0,0,0,12
2026-06-11T08:32-07:00,Thu,8,1,9,0,2,0,1,0,0,0,12
2026-06-11T08:42-07:00,Thu,8,1,11,0,2,0,1,0,0,0,12
2026-06-11T08:52-07:00,Thu,8,1,11,0,2,0,1,0,0,0,12
2026-06-11T09:02-07:00,Thu,9,1,12,0,2,0,1,0,1,0,12
2026-06-11T10:47-07:00,Thu,10,2,18,0,10,0,2,0,7,0,12
2026-06-11T10:58-07:00,Thu,10,3,15,0,11,0,2,0,8,0,12
2026-06-11T11:08-07:00,Thu,11,2,14,1,4,0,1,0,8,0,12
2026-06-11T11:18-07:00,Thu,11,2,15,1,4,0,2,0,9,0,12
2026-06-11T11:28-07:00,Thu,11,2,19,1,4,0,2,0,11,0,12
2026-06-11T11:38-07:00,Thu,11,2,18,1,4,0,2,0,10,0,12
2026-06-11T11:48-07:00,Thu,11,2,19,1,5,0,2,0,10,0,12
2026-06-11T11:58-07:00,Thu,11,2,20,1,5,0,2,0,10,0,12
2026-06-11T12:08-07:00,Thu,12,2,17,1,6,0,2,0,11,0,12
2026-06-11T12:18-07:00,Thu,12,3,10,1,7,0,2,0,9,0,12
2026-06-11T12:28-07:00,Thu,12,3,10,1,6,0,2,0,8,0,12
2026-06-11T12:38-07:00,Thu,12,3,11,1,6,0,2,0,7,0,12
2026-06-11T13:35-07:00,Thu,13,3,14,1,15,0,3,1,5,0,12
2026-06-11T13:45-07:00,Thu,13,3,16,1,14,0,3,1,7,0,12
2026-06-11T13:55-07:00,Thu,13,3,17,1,15,0,3,1,8,0,12
2026-06-11T14:05-07:00,Thu,14,3,18,1,11,0,3,1,9,0,12
2026-06-11T14:15-07:00,Thu,14,3,22,1,14,0,3,1,9,0,12
2026-06-11T14:25-07:00,Thu,14,3,22,1,12,0,2,1,7,0,12
2026-06-11T14:35-07:00,Thu,14,3,21,1,11,0,2,1,6,0,12
2026-06-11T14:46-07:00,Thu,14,4,15,1,6,0,2,1,4,0,12
2026-06-11T14:56-07:00,Thu,14,4,15,1,10,0,2,1,5,0,12
2026-06-11T15:06-07:00,Thu,15,4,19,1,11,0,2,1,4,0,12
2026-06-11T15:16-07:00,Thu,15,4,19,1,12,0,2,1,4,0,12
2026-06-11T15:26-07:00,Thu,15,4,19,1,13,0,2,1,4,0,12
2026-06-11T15:36-07:00,Thu,15,4,21,1,12,0,2,1,4,0,12
2026-06-11T15:46-07:00,Thu,15,5,21,1,12,0,2,1,6,0,12
2026-06-11T15:56-07:00,Thu,15,5,14,1,14,0,3,1,6,0,12
2026-06-11T16:06-07:00,Thu,16,5,16,1,16,0,3,1,7,0,12
2026-06-11T16:16-07:00,Thu,16,5,16,1,15,0,3,1,7,0,12
2026-06-11T16:26-07:00,Thu,16,5,20,1,16,0,4,1,10,0,12
2026-06-11T16:36-07:00,Thu,16,5,18,1,15,0,4,1,10,0,12
2026-06-11T16:46-07:00,Thu,16,5,19,1,17,0,5,1,11,0,12
2026-06-11T16:56-07:00,Thu,16,5,20,1,19,0,5,1,13,0,12
2026-06-11T17:06-07:00,Thu,17,5,22,1,19,0,5,1,11,0,12
2026-06-11T17:16-07:00,Thu,17,5,20,1,19,0,5,1,10,0,12
2026-06-11T17:26-07:00,Thu,17,5,22,1,18,0,5,1,11,0,12
2026-06-11T22:05-07:00,Thu,22,5,26,2,8,0,5,2,11,0,12
2026-06-11T22:15-07:00,Thu,22,6,18,2,6,0,5,2,13,0,12
2026-06-11T22:25-07:00,Thu,22,6,18,2,6,0,5,2,13,0,12
2026-06-11T22:35-07:00,Thu,22,6,17,2,6,0,5,2,11,0,12
2026-06-11T22:45-07:00,Thu,22,6,21,2,7,0,6,2,8,0,12
2026-06-11T22:55-07:00,Thu,22,6,17,2,8,0,6,2,8,0,12
2026-06-11T23:05-07:00,Thu,23,6,17,2,8,0,6,2,10,0,12
2026-06-11T23:15-07:00,Thu,23,6,13,2,3,0,6,2,10,0,12
2026-06-11T23:25-07:00,Thu,23,6,11,2,4,0,6,2,9,0,12
2026-06-11T23:35-07:00,Thu,23,6,9,1,3,0,6,2,10,0,12
2026-06-11T23:45-07:00,Thu,23,6,6,1,3,0,6,2,11,0,12
2026-06-11T23:55-07:00,Thu,23,6,6,1,3,0,6,2,10,0,12
2026-06-12T02:13-07:00,Fri,2,3,4,0,0,0,5,2,3,0,12
2026-06-12T02:23-07:00,Fri,2,2,4,0,0,0,5,2,3,0,12
2026-06-12T02:33-07:00,Fri,2,2,3,0,0,0,5,2,3,0,12
2026-06-12T02:43-07:00,Fri,2,2,5,0,0,0,5,2,3,0,12
2026-06-12T02:53-07:00,Fri,2,2,6,0,0,0,5,2,3,0,12
2026-06-12T03:03-07:00,Fri,3,2,5,0,0,0,5,2,2,0,12
2026-06-12T03:13-07:00,Fri,3,2,3,0,0,0,0,2,1,0,12
2026-06-12T03:23-07:00,Fri,3,2,1,0,0,0,0,2,1,0,12
2026-06-12T03:33-07:00,Fri,3,2,1,0,0,0,0,2,0,0,12
2026-06-12T03:43-07:00,Fri,3,2,1,0,0,0,0,2,0,0,12
2026-06-12T03:53-07:00,Fri,3,2,2,0,0,0,0,2,0,0,12
2026-06-12T04:03-07:00,Fri,4,2,2,0,0,0,0,2,0,0,12
2026-06-12T05:44-07:00,Fri,5,0,3,0,0,0,0,0,0,0,12
2026-06-12T05:54-07:00,Fri,5,0,3,0,0,0,0,0,0,0,12
2026-06-12T06:04-07:00,Fri,6,0,2,0,0,0,0,0,0,0,12
2026-06-12T06:14-07:00,Fri,6,0,2,0,0,0,0,0,0,0,12
2026-06-12T06:24-07:00,Fri,6,0,2,0,0,0,0,0,0,0,12
2026-06-12T06:34-07:00,Fri,6,0,3,0,0,0,0,0,0,0,12
2026-06-12T06:44-07:00,Fri,6,0,3,0,0,0,0,0,0,0,12
2026-06-12T06:54-07:00,Fri,6,0,3,0,0,0,0,0,0,0,12
2026-06-12T07:04-07:00,Fri,7,0,3,0,0,0,0,0,0,0,12
2026-06-12T07:14-07:00,Fri,7,0,4,0,0,0,0,0,0,0,12
2026-06-12T07:24-07:00,Fri,7,0,6,0,0,0,0,0,0,0,12
2026-06-12T07:34-07:00,Fri,7,0,7,0,1,0,1,0,0,0,12
2026-06-12T09:28-07:00,Fri,9,1,6,0,3,0,1,0,0,0,12
2026-06-12T09:38-07:00,Fri,9,1,8,0,3,0,1,0,0,0,12
2026-06-12T09:48-07:00,Fri,9,1,8,0,3,0,1,0,0,0,12
2026-06-12T09:52-07:00,Fri,9,1,8,0,3,0,1,0,0,0,12
2026-06-12T10:02-07:00,Fri,10,1,8,0,3,0,1,0,0,0,12
2026-06-12T10:12-07:00,Fri,10,1,8,0,3,0,1,0,0,0,12
2026-06-12T10:22-07:00,Fri,10,1,9,0,4,0,2,0,4,0,12
2026-06-12T10:32-07:00,Fri,10,1,12,0,4,0,2,0,4,0,12
2026-06-12T10:42-07:00,Fri,10,1,11,0,4,0,2,0,4,0,12
2026-06-12T11:52-07:00,Fri,11,2,15,0,9,0,3,0,5,0,12
2026-06-12T12:02-07:00,Fri,12,2,17,0,10,0,4,0,3,0,12
2026-06-12T12:12-07:00,Fri,12,2,22,0,10,0,4,0,3,0,12
2026-06-12T12:23-07:00,Fri,12,2,23,0,11,0,4,0,3,0,12
2026-06-12T12:33-07:00,Fri,12,3,29,0,13,0,5,0,4,0,12
2026-06-12T12:43-07:00,Fri,12,3,25,0,16,0,7,0,5,0,12
2026-06-12T13:53-07:00,Fri,13,3,32,1,16,0,15,0,14,0,12
2026-06-12T14:03-07:00,Fri,14,3,38,1,16,0,15,1,15,0,12
2026-06-12T14:13-07:00,Fri,14,4,33,1,13,0,14,1,7,0,12
2026-06-12T14:23-07:00,Fri,14,4,26,1,14,0,15,1,7,0,12
2026-06-12T14:33-07:00,Fri,14,4,29,1,16,0,15,1,8,0,12
2026-06-12T14:43-07:00,Fri,14,4,30,1,16,0,15,1,7,0,12
2026-06-12T15:54-07:00,Fri,15,5,20,1,11,1,6,1,7,0,12
2026-06-12T16:04-07:00,Fri,16,5,21,1,11,1,7,1,7,0,12
2026-06-12T16:14-07:00,Fri,16,5,19,1,12,1,8,1,9,0,12
2026-06-12T16:24-07:00,Fri,16,5,23,1,12,1,8,1,10,0,12
2026-06-12T16:34-07:00,Fri,16,6,19,1,15,1,10,1,12,0,12
2026-06-12T16:44-07:00,Fri,16,6,21,1,16,1,11,1,11,0,12
2026-06-12T17:55-07:00,Fri,17,6,34,2,12,1,13,2,14,0,12
2026-06-12T18:05-07:00,Fri,18,7,33,2,10,1,12,2,8,0,12
2026-06-12T18:15-07:00,Fri,18,7,24,2,10,1,14,2,11,0,12
2026-06-12T18:25-07:00,Fri,18,7,26,2,9,1,15,2,9,0,12
2026-06-12T18:35-07:00,Fri,18,7,26,2,10,1,15,2,9,0,12
2026-06-12T18:45-07:00,Fri,18,7,29,2,13,1,14,2,9,0,12
2026-06-12T19:55-07:00,Fri,19,7,38,2,18,1,18,2,11,0,12
2026-06-12T20:05-07:00,Fri,20,8,42,2,17,1,18,2,12,0,12
2026-06-12T20:15-07:00,Fri,20,8,34,2,19,1,21,2,11,0,12
2026-06-12T20:25-07:00,Fri,20,8,33,2,17,1,21,2,11,0,12
2026-06-12T20:35-07:00,Fri,20,8,39,2,16,1,18,2,12,0,12
2026-06-12T20:45-07:00,Fri,20,8,40,2,16,1,19,2,12,0,12
2026-06-12T21:56-07:00,Fri,21,8,37,2,17,2,19,1,16,0,12
2026-06-12T22:06-07:00,Fri,22,9,34,2,16,2,8,1,16,0,12
2026-06-12T22:16-07:00,Fri,22,9,23,2,17,2,8,1,15,0,12
2026-06-12T22:26-07:00,Fri,22,9,27,2,16,2,8,1,9,0,12
2026-06-12T22:36-07:00,Fri,22,9,24,2,14,2,10,1,9,0,12
2026-06-12T22:46-07:00,Fri,22,9,24,2,14,2,10,1,12,0,12
2026-06-12T23:57-07:00,Fri,23,8,25,2,9,2,7,1,12,0,12
2026-06-13T00:07-07:00,Sat,0,8,21,2,9,2,5,2,11,0,12
2026-06-13T00:17-07:00,Sat,0,8,27,2,10,2,5,2,3,0,12
2026-06-13T00:27-07:00,Sat,0,8,23,2,9,1,4,2,2,0,12
2026-06-13T00:37-07:00,Sat,0,8,16,2,6,1,5,2,4,0,12
2026-06-13T00:47-07:00,Sat,0,8,17,2,8,1,6,2,6,0,12
2026-06-13T01:57-07:00,Sat,1,8,6,1,6,1,2,2,7,0,12
2026-06-13T02:07-07:00,Sat,2,8,6,1,6,1,2,2,13,0,12
2026-06-13T02:17-07:00,Sat,2,7,6,1,7,1,2,1,12,0,12
2026-06-13T02:27-07:00,Sat,2,7,3,1,5,1,1,1,10,0,12
2026-06-13T02:38-07:00,Sat,2,6,4,1,4,1,1,1,13,0,12
2026-06-13T02:48-07:00,Sat,2,6,4,1,3,1,1,1,12,0,12
2026-06-13T03:58-07:00,Sat,3,4,2,0,0,1,2,1,5,0,12
2026-06-13T04:08-07:00,Sat,4,4,2,0,0,1,2,1,5,0,12
2026-06-13T04:18-07:00,Sat,4,4,3,0,0,1,1,1,5,0,12
2026-06-13T04:28-07:00,Sat,4,3,2,0,0,1,1,1,5,0,12
2026-06-13T04:38-07:00,Sat,4,3,1,0,0,1,1,1,4,0,12
2026-06-13T04:48-07:00,Sat,4,3,1,0,0,1,1,1,4,0,12
2026-06-13T05:59-07:00,Sat,5,2,1,0,0,1,0,1,0,0,12
2026-06-13T06:09-07:00,Sat,6,2,2,0,0,1,0,0,0,0,12
2026-06-13T06:19-07:00,Sat,6,2,2,0,0,1,0,0,0,0,12
2026-06-13T06:29-07:00,Sat,6,2,3,0,0,1,0,0,0,0,12
2026-06-13T06:39-07:00,Sat,6,2,2,0,0,1,0,0,0,0,12
2026-06-13T06:49-07:00,Sat,6,2,2,0,0,1,0,0,0,0,12
2026-06-13T07:59-07:00,Sat,7,2,2,0,0,1,1,0,0,0,12
2026-06-13T08:09-07:00,Sat,8,2,1,0,0,1,0,0,0,0,12
2026-06-13T08:19-07:00,Sat,8,2,1,0,0,1,0,0,0,0,12
2026-06-13T08:29-07:00,Sat,8,2,0,0,0,1,0,0,0,0,12
2026-06-13T08:40-07:00,Sat,8,2,0,0,0,1,0,0,0,0,12
2026-06-13T08:50-07:00,Sat,8,2,1,0,0,1,0,0,0,0,12
2026-06-13T10:00-07:00,Sat,10,1,5,0,1,1,1,0,1,0,12
2026-06-13T10:10-07:00,Sat,10,1,6,0,1,1,2,0,1,0,12
2026-06-13T10:20-07:00,Sat,10,1,6,0,2,1,2,0,1,0,12
2026-06-13T10:30-07:00,Sat,10,1,5,0,2,1,2,0,1,0,12
2026-06-13T10:40-07:00,Sat,10,1,5,0,2,1,2,0,1,0,12
2026-06-13T10:50-07:00,Sat,10,1,6,0,2,1,2,0,1,0,12
2026-06-13T12:01-07:00,Sat,12,2,7,0,3,1,0,0,2,0,12
2026-06-13T12:11-07:00,Sat,12,2,9,0,4,1,0,0,3,0,12
2026-06-13T12:21-07:00,Sat,12,2,10,0,4,1,0,0,3,0,12
2026-06-13T12:31-07:00,Sat,12,2,11,0,4,1,0,0,3,0,12
2026-06-13T12:41-07:00,Sat,12,2,9,0,3,1,0,0,3,0,12
2026-06-13T12:51-07:00,Sat,12,2,10,0,3,1,0,0,4,0,12
2026-06-13T14:01-07:00,Sat,14,2,20,0,9,0,1,0,9,0,12
2026-06-13T14:11-07:00,Sat,14,2,20,0,10,0,2,0,9,0,12
2026-06-13T14:21-07:00,Sat,14,2,23,0,11,0,2,0,9,0,12
2026-06-13T14:31-07:00,Sat,14,3,24,0,10,0,2,0,10,0,12
2026-06-13T14:41-07:00,Sat,14,3,20,0,12,0,4,0,13,0,12
2026-06-13T14:51-07:00,Sat,14,3,20,0,12,0,4,0,14,0,12
2026-06-13T15:02-07:00,Sat,15,3,23,0,12,0,5,0,14,0,12
2026-06-13T15:12-07:00,Sat,15,3,22,0,12,0,5,0,14,0,12
2026-06-13T15:22-07:00,Sat,15,3,23,0,13,0,5,1,16,0,12
2026-06-13T15:32-07:00,Sat,15,3,19,0,14,0,5,1,8,0,12
2026-06-13T15:42-07:00,Sat,15,3,18,0,15,0,5,1,7,0,12
2026-06-13T15:52-07:00,Sat,15,3,22,0,15,0,5,1,8,0,12
2026-06-13T17:02-07:00,Sat,17,4,19,1,15,0,10,1,3,0,12
2026-06-13T17:12-07:00,Sat,17,4,21,1,14,0,10,1,3,0,12
2026-06-13T17:23-07:00,Sat,17,4,19,1,12,0,10,1,4,0,12
2026-06-13T17:33-07:00,Sat,17,4,22,1,13,0,11,1,4,0,12
2026-06-13T17:43-07:00,Sat,17,4,23,1,13,0,12,1,4,0,12
2026-06-13T17:53-07:00,Sat,17,4,22,1,12,0,13,1,5,0,12
2026-06-13T19:03-07:00,Sat,19,4,29,2,16,0,12,1,8,0,12
2026-06-13T19:13-07:00,Sat,19,4,34,2,12,0,14,1,8,0,12
2026-06-13T19:23-07:00,Sat,19,4,35,2,13,0,16,1,10,0,12
2026-06-13T19:33-07:00,Sat,19,4,33,2,12,0,17,1,10,0,12
2026-06-13T19:43-07:00,Sat,19,4,36,2,12,0,17,1,10,0,12
2026-06-13T19:53-07:00,Sat,19,4,38,2,11,0,17,1,10,0,12
2026-06-13T21:04-07:00,Sat,21,6,35,2,9,1,9,1,7,0,12
2026-06-13T21:14-07:00,Sat,21,6,20,2,8,1,10,1,8,0,12
2026-06-13T21:24-07:00,Sat,21,7,27,2,8,1,10,1,9,0,12
2026-06-13T21:34-07:00,Sat,21,7,23,2,12,1,9,1,9,0,12
2026-06-13T21:44-07:00,Sat,21,8,30,1,11,1,9,1,10,0,12
2026-06-13T21:54-07:00,Sat,21,8,26,1,13,1,9,1,11,0,12
2026-06-13T23:04-07:00,Sat,23,8,35,1,21,1,22,0,20,0,12
2026-06-13T23:15-07:00,Sat,23,8,32,1,21,1,22,0,21,0,12
2026-06-13T23:25-07:00,Sat,23,8,31,1,22,1,22,0,20,0,12
2026-06-13T23:35-07:00,Sat,23,8,28,1,19,1,21,0,20,0,12
2026-06-13T23:45-07:00,Sat,23,8,27,1,19,1,21,0,21,0,12
2026-06-13T23:55-07:00,Sat,23,8,25,1,15,1,14,0,20,0,12
2026-06-14T00:05-07:00,Sun,0,8,25,1,13,1,13,0,22,0,12
2026-06-14T00:15-07:00,Sun,0,7,23,1,14,1,13,0,21,0,12
2026-06-14T00:25-07:00,Sun,0,7,23,1,14,1,13,0,23,0,12
2026-06-14T00:35-07:00,Sun,0,6,18,1,15,1,13,0,20,0,12
2026-06-14T00:45-07:00,Sun,0,6,17,1,15,1,12,0,19,0,12
2026-06-14T00:55-07:00,Sun,0,5,13,1,14,1,10,0,18,0,12
2026-06-14T02:06-07:00,Sun,2,4,2,1,2,1,2,0,5,0,12
2026-06-14T02:16-07:00,Sun,2,3,1,1,2,1,1,0,5,0,12
2026-06-14T02:26-07:00,Sun,2,3,1,1,2,1,1,0,5,0,12
2026-06-14T02:36-07:00,Sun,2,3,4,1,3,1,1,0,5,0,12
2026-06-14T02:46-07:00,Sun,2,3,5,1,3,1,1,0,5,0,12
2026-06-14T02:56-07:00,Sun,2,3,5,1,2,1,0,0,4,0,12
2026-06-14T04:06-07:00,Sun,4,3,1,0,0,1,1,0,0,0,12
2026-06-14T04:16-07:00,Sun,4,3,0,0,0,1,1,0,0,0,12
2026-06-14T04:26-07:00,Sun,4,3,1,0,0,1,1,0,0,0,12
2026-06-14T04:36-07:00,Sun,4,3,1,0,0,1,1,0,0,0,12
2026-06-14T04:46-07:00,Sun,4,3,3,0,0,1,1,0,0,0,12
2026-06-14T04:57-07:00,Sun,4,3,3,0,0,1,1,0,0,0,12
2026-06-14T06:07-07:00,Sun,6,2,3,0,0,1,0,0,0,0,12
2026-06-14T06:17-07:00,Sun,6,2,5,0,0,1,0,0,0,0,12
2026-06-14T06:27-07:00,Sun,6,2,5,0,0,1,0,0,0,0,12
2026-06-14T06:37-07:00,Sun,6,1,6,0,0,1,0,0,0,0,12
2026-06-14T06:47-07:00,Sun,6,1,6,0,0,1,0,0,0,0,12
2026-06-14T06:57-07:00,Sun,6,1,4,0,0,0,0,0,0,0,12
2026-06-14T08:08-07:00,Sun,8,1,2,0,0,0,0,0,0,0,12
2026-06-14T08:18-07:00,Sun,8,1,2,0,0,0,0,0,0,0,12
2026-06-14T08:28-07:00,Sun,8,1,2,0,0,0,0,0,0,0,12
2026-06-14T08:38-07:00,Sun,8,1,3,0,0,0,0,0,0,0,12
2026-06-14T08:48-07:00,Sun,8,1,3,0,0,0,0,0,0,0,12
2026-06-14T08:58-07:00,Sun,8,1,1,0,0,0,0,0,0,0,12
2026-06-14T10:08-07:00,Sun,10,1,5,0,2,0,1,0,1,0,12
2026-06-14T10:18-07:00,Sun,10,1,6,0,2,0,1,0,1,0,12
2026-06-14T10:28-07:00,Sun,10,1,9,0,4,0,1,0,1,0,12
2026-06-14T10:38-07:00,Sun,10,2,13,0,4,0,1,0,1,0,12
2026-06-14T10:49-07:00,Sun,10,2,19,0,5,0,1,0,3,0,12
2026-06-14T10:59-07:00,Sun,10,2,19,0,5,0,1,0,4,0,12
2026-06-14T12:09-07:00,Sun,12,2,17,0,5,0,1,0,7,0,12
2026-06-14T12:19-07:00,Sun,12,2,21,0,5,0,1,0,7,0,12
2026-06-14T12:29-07:00,Sun,12,3,18,0,7,0,1,0,9,0,12
2026-06-14T12:39-07:00,Sun,12,3,20,0,9,0,1,0,11,0,12
2026-06-14T12:49-07:00,Sun,12,3,17,0,9,0,1,1,11,0,12
2026-06-14T12:59-07:00,Sun,12,3,18,0,10,0,1,1,5,0,12
2026-06-14T14:10-07:00,Sun,14,3,23,0,11,0,2,1,6,0,12
2026-06-14T14:20-07:00,Sun,14,3,26,0,13,0,2,1,7,0,12
2026-06-14T14:30-07:00,Sun,14,3,22,0,12,0,1,1,6,0,12
2026-06-14T14:40-07:00,Sun,14,4,28,0,13,0,1,1,5,0,12
2026-06-14T14:50-07:00,Sun,14,4,23,0,15,0,1,1,6,0,12
2026-06-14T15:00-07:00,Sun,15,4,25,1,16,0,1,1,6,0,12
2026-06-14T16:10-07:00,Sun,16,5,26,1,11,0,3,1,8,0,12
2026-06-14T16:20-07:00,Sun,16,5,28,1,12,0,3,1,9,0,12
2026-06-14T16:30-07:00,Sun,16,5,30,1,12,0,3,1,9,0,12
2026-06-14T16:40-07:00,Sun,16,5,30,1,12,0,3,1,9,0,12
2026-06-14T16:50-07:00,Sun,16,5,33,1,13,0,3,1,9,0,12
2026-06-14T17:00-07:00,Sun,17,5,28,1,12,0,3,1,9,0,12
2026-06-14T18:11-07:00,Sun,18,5,12,2,9,0,5,1,8,0,12
2026-06-14T18:21-07:00,Sun,18,5,17,2,7,0,5,1,10,0,12
2026-06-14T18:31-07:00,Sun,18,5,20,2,7,0,5,1,13,0,12
2026-06-14T18:41-07:00,Sun,18,5,23,2,7,0,5,1,13,0,12
2026-06-14T18:51-07:00,Sun,18,5,26,2,9,0,6,1,14,0,12
2026-06-14T19:01-07:00,Sun,19,5,31,2,9,0,6,1,14,0,12
2026-06-14T19:11-07:00,Sun,19,5,24,2,9,0,6,1,13,0,12
2026-06-14T19:21-07:00,Sun,19,5,23,2,11,0,6,1,13,0,12
2026-06-14T19:31-07:00,Sun,19,5,20,2,10,0,6,1,11,0,12
2026-06-14T19:41-07:00,Sun,19,5,19,2,9,0,5,1,11,0,12
2026-06-14T19:51-07:00,Sun,19,5,18,2,7,0,4,1,11,0,12
2026-06-14T20:01-07:00,Sun,20,5,15,2,8,0,4,1,13,0,12
2026-06-14T21:12-07:00,Sun,21,5,16,2,19,0,5,2,8,0,12
2026-06-14T21:22-07:00,Sun,21,5,23,1,21,0,5,2,10,0,12
2026-06-14T21:32-07:00,Sun,21,6,15,1,22,0,5,2,8,0,12
2026-06-14T21:42-07:00,Sun,21,6,16,1,21,0,5,2,9,0,12
2026-06-14T21:52-07:00,Sun,21,6,15,1,16,0,5,2,8,0,12
2026-06-14T22:02-07:00,Sun,22,6,14,1,15,0,5,2,8,0,12
2026-06-14T23:13-07:00,Sun,23,5,9,1,10,0,6,2,7,0,12
2026-06-14T23:23-07:00,Sun,23,5,10,1,9,0,6,2,7,0,12
2026-06-14T23:33-07:00,Sun,23,5,10,1,9,0,6,1,8,0,12
2026-06-14T23:43-07:00,Sun,23,5,13,1,12,0,6,1,11,0,12
2026-06-14T23:53-07:00,Sun,23,5,10,1,12,0,6,1,12,0,12
2026-06-15T00:03-07:00,Mon,0,4,10,1,12,0,6,1,8,0,12
2026-06-15T01:14-07:00,Mon,1,3,3,1,4,0,5,0,3,0,12
2026-06-15T01:24-07:00,Mon,1,3,2,1,3,0,5,0,1,0,12
2026-06-15T01:34-07:00,Mon,1,3,2,1,2,0,0,0,1,0,12
2026-06-15T01:44-07:00,Mon,1,3,1,1,0,0,0,0,0,0,12
2026-06-15T01:54-07:00,Mon,1,3,0,1,0,0,0,0,0,0,12
2026-06-15T02:04-07:00,Mon,2,3,0,1,0,0,0,0,0,0,12
2026-06-15T03:14-07:00,Mon,3,1,3,1,1,0,0,0,0,0,12
2026-06-15T03:24-07:00,Mon,3,1,3,1,2,0,1,0,0,0,12
2026-06-15T03:34-07:00,Mon,3,1,4,1,2,0,1,0,0,0,12
2026-06-15T03:44-07:00,Mon,3,1,1,1,2,0,1,0,0,0,12
2026-06-15T03:54-07:00,Mon,3,1,0,1,2,0,1,0,0,0,12
2026-06-15T04:04-07:00,Mon,4,1,0,1,2,0,1,0,0,0,12
2026-06-15T05:15-07:00,Mon,5,1,1,0,0,0,0,0,0,0,12
2026-06-15T05:25-07:00,Mon,5,1,1,0,0,0,0,0,0,0,12
2026-06-15T05:35-07:00,Mon,5,1,1,0,0,0,0,0,0,0,12
2026-06-15T05:45-07:00,Mon,5,1,0,0,0,0,0,0,0,0,12
2026-06-15T05:55-07:00,Mon,5,1,0,0,0,0,0,0,0,0,12
2026-06-15T06:05-07:00,Mon,6,1,0,0,0,0,0,0,0,0,12
2026-06-15T07:16-07:00,Mon,7,1,0,0,0,0,0,0,0,0,12
2026-06-15T07:26-07:00,Mon,7,1,3,0,0,0,0,0,0,0,12
2026-06-15T07:36-07:00,Mon,7,1,3,0,0,0,0,0,0,0,12
2026-06-15T07:46-07:00,Mon,7,1,3,0,0,0,0,0,0,0,12
2026-06-15T07:56-07:00,Mon,7,1,5,0,0,0,0,0,0,0,12
2026-06-15T08:06-07:00,Mon,8,1,6,0,0,0,0,0,0,0,12
2026-06-15T09:15-07:00,Mon,9,1,14,0,2,0,0,0,2,0,12
2026-06-15T09:25-07:00,Mon,9,1,15,0,2,0,0,0,2,0,12
2026-06-15T09:35-07:00,Mon,9,2,9,0,2,0,0,0,2,0,12
2026-06-15T09:45-07:00,Mon,9,2,6,0,1,0,0,0,0,0,12
2026-06-15T09:55-07:00,Mon,9,2,6,0,1,0,0,0,0,0,12
2026-06-15T10:05-07:00,Mon,10,2,8,0,3,0,0,0,1,0,12
2026-06-15T11:16-07:00,Mon,11,2,16,0,6,0,1,0,4,0,12
2026-06-15T11:26-07:00,Mon,11,2,19,0,7,0,1,0,5,0,12
2026-06-15T11:36-07:00,Mon,11,2,20,0,7,0,1,0,5,0,12
2026-06-15T11:46-07:00,Mon,11,3,13,0,7,0,1,0,7,0,12
2026-06-15T11:56-07:00,Mon,11,3,13,0,6,0,1,0,7,0,12
2026-06-15T12:06-07:00,Mon,12,3,12,0,5,0,1,0,7,0,12
2026-06-15T13:17-07:00,Mon,13,3,15,0,5,0,1,0,9,0,12
2026-06-15T13:27-07:00,Mon,13,3,14,0,5,0,1,0,9,0,12
2026-06-15T13:37-07:00,Mon,13,3,15,0,6,0,1,0,9,0,12
2026-06-15T13:47-07:00,Mon,13,3,16,0,6,0,1,0,9,0,12
2026-06-15T13:57-07:00,Mon,13,4,18,0,8,0,1,0,9,0,12
2026-06-15T14:07-07:00,Mon,14,4,11,0,9,0,1,0,10,0,12
2026-06-15T15:18-07:00,Mon,15,4,18,0,12,0,2,1,11,0,12
2026-06-15T15:28-07:00,Mon,15,4,19,0,12,0,2,1,12,0,12
2026-06-15T15:38-07:00,Mon,15,4,19,0,13,0,3,1,12,0,12
2026-06-15T15:48-07:00,Mon,15,4,20,0,13,0,4,1,11,0,12
2026-06-15T15:58-07:00,Mon,15,4,14,0,12,0,3,1,11,0,12
2026-06-15T16:08-07:00,Mon,16,4,10,0,13,0,3,1,12,0,12
2026-06-15T17:18-07:00,Mon,17,3,10,1,3,0,4,1,13,0,12
2026-06-15T17:28-07:00,Mon,17,3,10,1,3,0,4,1,15,0,12
2026-06-15T17:38-07:00,Mon,17,3,11,1,3,0,4,1,15,0,12
2026-06-15T17:48-07:00,Mon,17,3,14,1,6,0,4,1,17,0,12
2026-06-15T17:59-07:00,Mon,17,3,13,1,6,0,4,1,14,0,12
2026-06-15T18:09-07:00,Mon,18,3,17,1,11,0,4,1,14,0,12
2026-06-15T19:19-07:00,Mon,19,3,17,1,8,0,6,2,9,0,12
2026-06-15T19:29-07:00,Mon,19,3,18,1,9,0,6,2,12,0,12
2026-06-15T19:39-07:00,Mon,19,3,17,1,8,0,6,2,12,0,12
2026-06-15T19:49-07:00,Mon,19,3,20,1,8,0,6,2,13,0,12
2026-06-15T19:59-07:00,Mon,19,3,20,1,11,0,8,2,15,0,12
2026-06-15T20:09-07:00,Mon,20,3,19,1,11,0,9,2,15,0,12
2026-06-15T21:20-07:00,Mon,21,4,18,1,5,0,9,2,11,0,12
2026-06-15T21:30-07:00,Mon,21,4,22,1,6,0,9,2,11,0,12
2026-06-16T08:26-07:00,Tue,8,1,11,0,1,0,1,0,1,0,12
2026-06-16T08:36-07:00,Tue,8,1,13,0,1,0,1,0,1,0,12
2026-06-16T08:46-07:00,Tue,8,1,12,0,1,0,1,0,1,0,12
2026-06-16T08:56-07:00,Tue,8,1,12,0,1,0,1,0,1,0,12
2026-06-16T09:06-07:00,Tue,9,2,5,0,1,0,1,0,1,0,12
2026-06-16T09:16-07:00,Tue,9,2,5,0,1,0,1,0,1,0,12
2026-06-16T10:27-07:00,Tue,10,2,10,0,3,0,0,0,6,0,12
2026-06-16T10:37-07:00,Tue,10,2,11,0,3,0,0,0,6,0,12
2026-06-16T10:47-07:00,Tue,10,2,15,0,5,0,1,0,7,0,12
2026-06-16T10:57-07:00,Tue,10,2,16,0,5,0,1,0,8,0,12
2026-06-16T11:07-07:00,Tue,11,2,21,0,8,0,1,0,10,0,12
2026-06-16T11:17-07:00,Tue,11,3,22,0,9,0,1,0,10,0,12
2026-06-16T12:28-07:00,Tue,12,4,12,0,7,0,1,0,7,0,12
2026-06-16T12:38-07:00,Tue,12,4,13,0,7,0,1,0,6,0,12
2026-06-16T12:48-07:00,Tue,12,4,14,0,7,0,1,0,6,0,12
2026-06-16T12:58-07:00,Tue,12,4,17,0,7,0,1,0,6,0,12
2026-06-16T13:08-07:00,Tue,13,5,11,0,8,0,2,0,7,0,12
2026-06-16T13:18-07:00,Tue,13,5,12,0,8,0,2,0,7,0,12
2026-06-16T14:28-07:00,Tue,14,5,13,0,8,0,3,0,5,0,12
2026-06-16T14:38-07:00,Tue,14,5,10,0,9,0,3,0,7,0,12
2026-06-16T14:48-07:00,Tue,14,5,12,0,10,0,4,0,8,0,12
2026-06-16T14:59-07:00,Tue,14,5,13,0,10,0,4,0,10,0,12
2026-06-16T15:09-07:00,Tue,15,5,16,0,12,0,5,0,10,0,12
2026-06-16T15:19-07:00,Tue,15,5,17,0,13,0,6,0,11,0,12
2026-06-16T16:29-07:00,Tue,16,5,19,0,16,0,9,1,14,0,12
2026-06-16T16:39-07:00,Tue,16,5,19,0,15,0,9,1,14,0,12
2026-06-16T16:49-07:00,Tue,16,5,15,1,15,0,9,1,14,0,12
2026-06-16T16:59-07:00,Tue,16,5,18,1,7,0,9,1,15,0,12
2026-06-16T17:09-07:00,Tue,17,5,17,1,9,0,9,1,15,0,12
2026-06-16T17:19-07:00,Tue,17,5,17,1,8,0,10,1,15,0,12
2026-06-16T18:30-07:00,Tue,18,6,18,1,16,0,13,1,9,0,12
2026-06-16T18:40-07:00,Tue,18,6,15,1,16,0,12,1,8,0,12
2026-06-16T18:50-07:00,Tue,18,6,15,1,12,0,11,1,8,0,12
2026-06-16T19:00-07:00,Tue,19,6,14,1,10,0,11,1,9,0,12
2026-06-16T19:10-07:00,Tue,19,6,18,1,13,0,12,1,11,0,12
2026-06-16T19:20-07:00,Tue,19,6,20,1,14,0,13,1,12,0,12
2026-06-16T20:31-07:00,Tue,20,6,23,1,20,0,12,1,18,0,12
2026-06-16T20:41-07:00,Tue,20,6,27,1,20,0,12,1,18,0,12
2026-06-16T20:51-07:00,Tue,20,6,29,1,18,0,12,1,17,0,12
2026-06-16T21:01-07:00,Tue,21,6,28,1,19,0,14,1,18,0,12
2026-06-16T21:11-07:00,Tue,21,6,33,1,21,0,16,1,18,0,12
2026-06-16T21:21-07:00,Tue,21,6,34,1,24,0,17,1,20,0,12
2026-06-16T22:31-07:00,Tue,22,7,21,1,22,0,18,2,10,0,12
2026-06-16T22:41-07:00,Tue,22,7,14,1,20,0,17,2,7,0,12
2026-06-16T22:51-07:00,Tue,22,7,10,1,19,0,16,2,7,0,12
2026-06-16T23:01-07:00,Tue,23,7,6,1,17,0,15,2,5,0,12
2026-06-16T23:11-07:00,Tue,23,7,6,1,16,0,16,2,4,0,12
2026-06-16T23:22-07:00,Tue,23,7,6,1,18,0,17,2,3,0,12
2026-06-17T00:32-07:00,Wed,0,7,9,1,17,0,20,2,0,0,12
2026-06-17T00:42-07:00,Wed,0,7,6,1,17,0,20,2,1,0,12
2026-06-17T00:52-07:00,Wed,0,7,4,1,14,0,19,2,6,0,12
2026-06-17T01:02-07:00,Wed,1,7,3,1,10,0,19,2,9,0,12
2026-06-17T01:12-07:00,Wed,1,6,4,1,10,0,19,2,9,0,12
2026-06-17T01:22-07:00,Wed,1,6,1,1,10,0,18,2,9,0,12
2026-06-17T02:33-07:00,Wed,2,4,1,1,3,0,8,2,2,0,12
2026-06-17T02:43-07:00,Wed,2,3,2,1,2,0,8,2,1,0,12
2026-06-17T02:53-07:00,Wed,2,3,3,1,3,0,8,2,1,0,12
2026-06-17T03:03-07:00,Wed,3,3,3,1,2,0,8,2,1,0,12
2026-06-17T03:13-07:00,Wed,3,2,3,1,2,0,0,2,1,0,12
2026-06-17T03:23-07:00,Wed,3,2,3,1,2,0,0,2,1,0,12
2026-06-17T04:34-07:00,Wed,4,0,2,1,1,0,0,2,0,0,12
2026-06-17T04:44-07:00,Wed,4,0,1,1,0,0,0,2,0,0,12
2026-06-17T04:54-07:00,Wed,4,0,1,1,2,0,0,2,1,0,12
2026-06-17T05:04-07:00,Wed,5,0,1,1,2,0,0,2,1,0,12
2026-06-17T05:14-07:00,Wed,5,0,1,1,2,0,0,2,1,0,12
2026-06-17T05:24-07:00,Wed,5,0,1,1,2,0,0,2,1,0,12
2026-06-17T06:34-07:00,Wed,6,0,3,1,1,0,0,1,0,0,12
2026-06-17T06:44-07:00,Wed,6,0,3,1,1,0,0,1,0,0,12
2026-06-17T06:54-07:00,Wed,6,0,3,1,1,0,0,1,0,0,12
2026-06-17T07:04-07:00,Wed,7,0,3,1,1,0,0,1,0,0,12
2026-06-17T07:15-07:00,Wed,7,0,4,1,1,0,0,1,0,0,12
2026-06-17T07:25-07:00,Wed,7,0,6,1,2,0,0,1,0,0,12
2026-06-17T08:35-07:00,Wed,8,0,15,1,5,0,1,0,1,0,12
2026-06-17T08:45-07:00,Wed,8,0,15,1,4,0,1,0,1,0,12
2026-06-17T08:55-07:00,Wed,8,0,15,1,3,0,1,0,1,0,12
2026-06-17T09:05-07:00,Wed,9,0,17,1,3,0,1,0,1,0,12
2026-06-17T09:15-07:00,Wed,9,1,19,1,4,0,1,0,1,0,12
2026-06-17T09:25-07:00,Wed,9,2,7,0,6,0,1,0,1,0,12
2026-06-17T10:36-07:00,Wed,10,2,15,0,12,0,1,0,7,0,12
2026-06-17T10:46-07:00,Wed,10,2,16,0,11,0,0,0,7,0,12
2026-06-17T10:56-07:00,Wed,10,2,16,0,11,0,0,0,6,0,12
2026-06-17T11:06-07:00,Wed,11,2,17,0,10,0,0,0,6,0,12
2026-06-17T11:16-07:00,Wed,11,2,15,0,10,0,0,0,6,0,12
2026-06-17T11:26-07:00,Wed,11,2,16,0,10,0,0,0,6,0,12
2026-06-17T11:36-07:00,Wed,11,2,17,0,10,0,0,0,6,0,12
2026-06-17T11:46-07:00,Wed,11,2,18,0,9,0,0,0,7,0,12
2026-06-17T11:56-07:00,Wed,11,2,18,0,9,0,0,0,8,0,12
2026-06-17T12:07-07:00,Wed,12,2,15,0,9,0,0,0,6,0,12
2026-06-17T12:17-07:00,Wed,12,2,18,0,9,0,0,0,6,0,12
2026-06-17T12:27-07:00,Wed,12,3,13,0,8,0,0,0,7,0,12
2026-06-17T13:37-07:00,Wed,13,3,10,0,6,0,0,0,10,0,12
2026-06-17T13:47-07:00,Wed,13,3,10,0,6,0,0,0,10,0,12
2026-06-17T13:57-07:00,Wed,13,3,14,0,8,0,0,0,11,0,12
2026-06-17T14:07-07:00,Wed,14,3,17,0,8,0,0,0,11,0,12
2026-06-17T14:17-07:00,Wed,14,3,15,0,7,0,0,0,11,0,12
2026-06-17T14:27-07:00,Wed,14,3,15,0,7,0,0,1,4,0,12
2026-06-17T15:38-07:00,Wed,15,4,14,0,11,0,1,1,9,0,12
2026-06-17T15:48-07:00,Wed,15,4,15,0,11,0,1,1,9,0,12
2026-06-17T15:58-07:00,Wed,15,4,15,0,12,0,1,1,10,0,12
2026-06-17T16:08-07:00,Wed,16,4,16,1,13,0,1,1,10,0,12
2026-06-17T16:18-07:00,Wed,16,3,18,1,6,0,1,1,10,0,12
2026-06-17T16:28-07:00,Wed,16,3,17,1,6,0,0,1,6,0,12
2026-06-17T17:38-07:00,Wed,17,4,23,0,12,0,0,1,10,0,11
2026-06-17T17:48-07:00,Wed,17,4,25,0,15,0,2,1,12,0,12
2026-06-17T17:58-07:00,Wed,17,4,29,0,18,0,2,1,13,0,12
2026-06-17T18:08-07:00,Wed,18,4,29,0,18,0,2,1,13,0,12
2026-06-17T18:18-07:00,Wed,18,4,30,0,18,0,2,1,13,0,12
2026-06-17T18:29-07:00,Wed,18,4,26,0,16,0,3,1,8,0,12
2026-06-17T19:39-07:00,Wed,19,4,23,1,9,0,3,1,10,0,12
2026-06-17T19:49-07:00,Wed,19,4,21,1,8,0,3,1,10,0,12
2026-06-17T19:59-07:00,Wed,19,5,22,1,5,0,3,1,11,0,12
2026-06-17T20:09-07:00,Wed,20,5,18,1,8,0,3,1,10,0,12
2026-06-17T20:19-07:00,Wed,20,5,23,1,10,0,5,1,11,0,12
2026-06-17T20:29-07:00,Wed,20,5,21,1,10,0,5,1,13,0,12
2026-06-17T21:40-07:00,Wed,21,5,13,1,12,0,4,2,19,0,12
2026-06-17T21:50-07:00,Wed,21,5,15,1,14,0,5,2,11,0,12
2026-06-17T22:00-07:00,Wed,22,5,16,1,16,0,5,2,11,0,12
2026-06-17T22:10-07:00,Wed,22,5,16,1,19,0,6,2,14,0,12
2026-06-17T22:20-07:00,Wed,22,5,15,1,16,0,7,2,13,0,12
2026-06-17T22:30-07:00,Wed,22,5,16,1,15,0,7,2,14,0,12
2026-06-17T23:40-07:00,Wed,23,3,12,1,10,0,6,2,11,0,12
2026-06-17T23:51-07:00,Wed,23,3,14,1,8,0,6,2,12,0,12
2026-06-18T00:01-07:00,Thu,0,3,15,1,8,0,6,2,12,0,12
2026-06-18T00:11-07:00,Thu,0,3,11,1,8,0,6,2,13,0,12
2026-06-18T00:21-07:00,Thu,0,3,12,1,9,0,6,2,11,0,12
2026-06-18T00:31-07:00,Thu,0,3,11,1,8,0,5,2,10,0,12
2026-06-18T01:41-07:00,Thu,1,3,4,1,1,0,5,2,2,0,12
2026-06-18T01:51-07:00,Thu,1,3,2,1,0,0,0,2,1,0,12
2026-06-18T02:01-07:00,Thu,2,3,1,1,0,0,0,2,0,0,12
2026-06-18T02:11-07:00,Thu,2,2,1,1,0,0,0,2,0,0,12
2026-06-18T02:21-07:00,Thu,2,2,2,1,0,0,0,1,1,0,12
2026-06-18T02:31-07:00,Thu,2,2,2,1,0,0,0,1,3,0,12
2026-06-18T03:42-07:00,Thu,3,1,1,1,0,0,0,1,0,0,12
2026-06-18T03:52-07:00,Thu,3,1,2,1,1,0,0,1,0,0,12
2026-06-18T04:02-07:00,Thu,4,1,3,1,0,0,0,1,0,0,12
2026-06-18T04:12-07:00,Thu,4,1,3,1,0,0,0,1,0,0,12
2026-06-18T04:22-07:00,Thu,4,1,3,1,0,0,0,1,1,0,12
2026-06-18T04:32-07:00,Thu,4,1,3,1,0,0,0,0,0,0,12
2026-06-18T05:43-07:00,Thu,5,1,2,0,0,0,0,0,0,0,12
2026-06-18T05:53-07:00,Thu,5,1,0,0,0,0,0,0,0,0,12
2026-06-18T06:03-07:00,Thu,6,1,1,0,0,0,0,0,0,0,12
2026-06-18T06:13-07:00,Thu,6,1,0,0,0,0,0,0,0,0,12
2026-06-18T06:23-07:00,Thu,6,1,0,0,0,0,0,0,0,0,12
2026-06-18T06:33-07:00,Thu,6,1,0,0,0,0,0,0,0,0,12
2026-06-18T07:43-07:00,Thu,7,0,4,0,0,0,0,0,0,0,12
2026-06-18T07:53-07:00,Thu,7,0,5,0,0,0,0,0,0,0,12
2026-06-18T08:03-07:00,Thu,8,0,5,0,0,0,0,0,0,0,12
2026-06-18T08:13-07:00,Thu,8,0,6,0,0,0,0,0,0,0,12
2026-06-18T08:23-07:00,Thu,8,0,7,0,1,0,0,0,0,0,12
2026-06-18T08:33-07:00,Thu,8,0,7,0,1,0,0,0,0,0,12
2026-06-18T09:32-07:00,Thu,9,1,4,0,1,0,0,0,0,0,12
2026-06-18T09:42-07:00,Thu,9,1,6,0,1,0,0,0,0,0,12
2026-06-18T10:09-07:00,Thu,10,1,5,0,1,0,0,0,0,0,12,2,17,2,10,2,9,0,10,0,5,2,2,0,9,0,3,0,1,0,0,0,0
2026-06-18T10:18-07:00,Thu,10,1,6,0,1,0,0,0,0,0,12,2,14,2,12,2,11,0,11,0,6,2,2,0,10,0,3,0,1,0,1,0,0
2026-06-18T10:28-07:00,Thu,10,1,8,0,1,0,0,0,1,0,12,2,20,2,13,2,9,0,11,0,6,2,3,0,11,0,3,0,1,0,1,0,0
2026-06-18T10:38-07:00,Thu,10,1,10,0,2,0,0,0,3,0,12,2,27,2,15,2,9,0,11,0,6,2,5,0,14,0,4,0,1,0,1,0,0
2026-06-18T10:48-07:00,Thu,10,1,11,0,3,0,0,0,3,0,12,2,27,2,21,2,11,0,11,0,6,2,5,0,17,0,4,0,1,0,1,0,0
2026-06-18T10:59-07:00,Thu,10,1,11,0,3,0,0,0,3,0,12,2,34,2,22,2,13,0,11,0,6,2,4,0,11,0,4,0,1,0,1,0,0
2026-06-18T11:09-07:00,Thu,11,1,12,0,3,0,0,0,3,0,12,2,38,2,23,2,14,0,11,0,6,2,5,0,10,0,5,0,6,0,3,0,0
2026-06-18T12:19-07:00,Thu,12,2,18,0,6,0,0,0,8,0,12,3,35,2,38,2,24,1,7,0,11,1,8,2,6,0,5,1,5,0,10,0,0
2026-06-18T12:29-07:00,Thu,12,2,19,0,7,0,0,0,8,0,12,3,34,2,41,2,27,1,9,0,12,1,7,2,8,0,6,1,8,0,12,0,0
2026-06-18T12:39-07:00,Thu,12,2,20,0,8,0,0,0,9,0,12,3,39,2,45,2,31,1,11,0,12,1,5,2,10,0,6,1,7,0,12,0,0
2026-06-18T12:49-07:00,Thu,12,2,21,0,7,0,0,0,8,0,12,3,43,2,44,2,34,1,13,0,12,1,6,2,7,0,6,1,4,0,14,0,0
2026-06-18T12:59-07:00,Thu,12,2,20,0,8,0,0,0,7,0,12,3,50,2,53,2,37,1,15,0,12,1,8,2,7,0,7,1,6,0,15,0,0
2026-06-18T13:09-07:00,Thu,13,2,19,0,8,0,0,0,8,0,12,3,50,2,54,2,39,1,17,0,12,1,10,2,8,0,7,1,7,0,16,0,0
2026-06-18T14:20-07:00,Thu,14,2,16,1,1,0,0,0,6,0,12,3,85,2,88,2,54,1,20,0,15,2,6,3,6,0,2,0,8,2,5,0,0
2026-06-18T14:30-07:00,Thu,14,3,10,1,2,0,0,0,7,0,12,3,94,2,89,2,57,1,18,0,16,2,6,3,6,0,3,0,9,2,4,0,0
2026-06-18T14:40-07:00,Thu,14,3,20,1,4,0,0,0,9,0,12,3,97,2,93,2,60,1,19,0,16,2,6,3,4,0,3,0,9,2,4,0,0
2026-06-18T14:50-07:00,Thu,14,4,22,1,6,0,0,0,9,0,12,5,91,4,74,2,60,1,21,0,18,2,7,3,5,0,3,0,9,2,5,0,0
2026-06-18T15:00-07:00,Thu,15,4,14,0,6,0,0,0,9,0,12,5,70,3,74,2,59,1,22,0,18,2,9,3,7,0,3,1,10,2,6,0,0
2026-06-18T15:10-07:00,Thu,15,4,17,0,5,0,0,0,11,0,12,6,41,5,45,3,52,1,23,0,18,3,12,3,3,0,3,1,1,2,6,0,0
2026-06-18T16:13-07:00,Thu,16,5,23,0,12,0,1,0,10,0,12,9,27,7,25,4,14,1,9,1,5,2,9,3,14,0,7,1,3,2,7,0,0
2026-06-18T16:23-07:00,Thu,16,5,23,0,13,0,1,0,10,0,12,9,28,7,24,4,12,1,12,1,4,2,12,3,13,0,8,1,1,2,5,0,0
2026-06-18T16:33-07:00,Thu,16,5,23,0,15,0,2,0,11,0,12,9,27,7,22,4,11,1,13,1,3,2,7,3,8,0,6,1,2,2,5,0,0
2026-06-18T16:43-07:00,Thu,16,5,27,0,14,0,2,0,11,0,12,9,26,7,22,4,13,1,15,1,5,2,8,3,9,0,6,1,1,2,5,0,0
2026-06-18T16:53-07:00,Thu,16,5,25,0,17,0,2,0,12,0,12,9,26,7,26,4,15,1,17,1,5,2,4,3,11,0,5,1,1,2,2,0,0
2026-06-18T17:03-07:00,Thu,17,5,24,0,19,0,3,0,11,0,12,8,27,8,32,4,19,1,11,1,5,2,6,4,11,0,6,1,1,2,3,0,0
2026-06-18T18:14-07:00,Thu,18,6,31,1,21,0,7,0,15,0,12,8,34,9,25,4,24,1,13,1,5,2,2,4,3,0,9,0,9,2,4,0,0
2026-06-18T18:24-07:00,Thu,18,6,32,1,21,0,8,0,17,0,12,8,38,9,24,5,14,1,12,1,6,2,2,4,2,0,10,0,11,2,4,0,0
2026-06-18T18:34-07:00,Thu,18,6,31,1,23,0,8,0,17,0,12,8,40,9,24,5,12,1,12,1,6,2,3,4,6,0,11,0,9,2,4,0,0
2026-06-18T18:44-07:00,Thu,18,6,30,1,23,0,8,1,17,0,12,9,29,9,22,5,14,1,7,1,4,2,7,4,6,0,11,0,9,2,4,0,0
2026-06-18T18:54-07:00,Thu,18,6,26,1,23,0,9,1,8,0,12,9,30,9,22,5,16,1,7,1,6,2,8,4,6,1,8,0,11,2,4,0,0
2026-06-18T19:04-07:00,Thu,19,6,26,1,21,0,9,1,8,0,12,9,27,9,18,5,18,1,8,1,6,2,4,4,7,1,10,0,12,2,3,0,0
2026-06-18T20:15-07:00,Thu,20,7,28,0,17,1,12,1,12,0,12,9,37,9,28,5,15,1,9,1,4,1,7,3,13,1,10,0,8,2,1,0,0
2026-06-18T20:25-07:00,Thu,20,7,25,0,15,1,11,1,13,0,12,9,33,9,32,5,14,1,7,1,2,1,7,3,12,1,8,0,6,2,2,0,0
2026-06-18T20:35-07:00,Thu,20,7,30,0,17,1,13,1,14,0,12,10,39,9,34,5,14,1,6,1,2,1,9,3,17,1,12,0,8,2,1,0,0
2026-06-18T20:45-07:00,Thu,20,7,25,0,18,1,14,1,14,0,12,10,22,9,36,5,17,1,6,1,2,1,9,3,12,1,10,0,6,2,2,0,0
2026-06-18T20:55-07:00,Thu,20,7,28,1,12,1,16,1,15,0,12,10,29,9,36,5,21,1,6,1,2,1,14,3,15,1,11,0,7,2,6,0,0
2026-06-18T21:05-07:00,Thu,21,7,25,1,13,1,16,1,14,0,12,10,25,9,30,5,18,1,2,1,0,2,17,3,20,1,15,0,10,2,8,0,0
2026-06-18T22:15-07:00,Thu,22,7,27,1,11,1,10,1,17,0,12,10,26,9,34,5,18,1,8,1,6,3,6,3,11,2,4,1,6,2,14,0,0
2026-06-18T22:25-07:00,Thu,22,7,24,1,13,1,11,1,18,0,12,10,25,9,34,5,17,1,7,1,5,3,7,3,15,2,6,1,10,2,16,0,0
2026-06-18T22:35-07:00,Thu,22,7,25,1,14,1,12,1,19,0,12,10,28,9,36,5,14,1,8,1,8,3,9,3,18,2,5,1,11,2,9,0,0
2026-06-18T22:45-07:00,Thu,22,7,22,1,12,1,10,1,18,0,12,10,25,9,33,5,13,1,9,1,9,3,6,4,9,2,3,1,8,2,8,0,0
2026-06-18T22:55-07:00,Thu,22,7,17,1,10,1,10,1,19,0,12,10,28,9,33,5,15,1,9,1,9,3,7,4,12,2,4,1,10,2,9,0,0
2026-06-18T23:05-07:00,Thu,23,7,19,1,11,1,11,1,20,0,12,10,23,9,34,5,16,1,10,1,10,3,6,4,12,2,3,1,5,2,3,0,0
2026-06-19T00:16-07:00,Fri,0,6,10,1,7,1,7,1,6,0,12,10,7,8,6,6,7,1,14,1,10,3,5,4,1,1,4,1,9,2,4,0,0
2026-06-19T00:26-07:00,Fri,0,6,10,1,8,1,7,1,6,0,12,10,6,8,6,6,7,1,14,1,10,3,4,4,1,1,4,1,10,2,5,0,0
2026-06-19T00:36-07:00,Fri,0,5,9,1,7,1,6,1,5,0,12,10,7,7,5,5,7,1,14,1,9,3,5,3,1,1,4,1,10,2,5,0,0
2026-06-19T00:46-07:00,Fri,0,5,6,1,5,1,4,0,4,0,12,10,7,7,6,5,9,1,14,1,11,3,2,3,4,1,4,1,10,2,5,0,0
2026-06-19T00:56-07:00,Fri,0,5,7,1,4,1,4,0,4,0,12,10,5,7,4,5,9,1,11,1,13,3,3,3,1,1,3,1,8,2,4,0,0
2026-06-19T01:06-07:00,Fri,1,4,6,1,6,1,2,0,2,0,12,9,5,7,4,5,9,1,11,1,13,2,6,3,1,1,3,1,8,2,4,0,0
2026-06-19T02:17-07:00,Fri,2,4,3,1,0,0,0,0,0,0,12,6,4,5,0,3,7,1,12,1,12,2,12,2,4,1,1,1,0,1,2,0,0
2026-06-19T02:27-07:00,Fri,2,3,3,1,0,0,0,0,0,0,12,6,4,5,0,3,6,1,9,1,12,2,9,2,4,1,1,1,0,1,3,0,0
2026-06-19T02:37-07:00,Fri,2,3,2,1,0,0,0,0,0,0,12,6,4,5,0,3,6,1,5,1,9,2,4,2,2,1,1,1,0,1,3,0,0
2026-06-19T02:47-07:00,Fri,2,3,2,1,0,0,0,0,0,0,12,5,6,4,0,3,4,1,3,1,8,2,4,2,3,1,1,1,0,1,3,0,0
2026-06-19T02:57-07:00,Fri,2,3,3,1,0,0,0,0,0,0,12,4,5,4,0,3,2,1,1,0,6,2,2,2,0,1,1,1,0,1,1,0,0
2026-06-19T03:07-07:00,Fri,3,3,2,1,0,0,0,0,0,0,12,4,4,4,0,3,1,1,0,0,6,2,0,2,0,1,1,1,0,1,1,0,0
2026-06-19T04:18-07:00,Fri,4,3,1,1,0,0,0,0,0,0,12,3,8,1,8,2,2,1,3,0,7,1,3,1,0,1,0,0,0,1,0,0,0
2026-06-19T04:28-07:00,Fri,4,3,1,1,0,0,0,0,0,0,12,3,8,1,8,2,3,1,4,0,8,1,3,1,0,1,0,0,0,1,0,0,0
2026-06-19T04:38-07:00,Fri,4,3,1,1,0,0,0,0,0,0,12,3,8,1,7,1,3,1,4,0,8,1,6,1,2,1,0,0,0,1,0,0,0
2026-06-19T04:48-07:00,Fri,4,2,1,1,0,0,0,0,0,0,12,3,3,1,7,1,5,1,4,0,8,1,3,1,3,1,0,0,0,1,0,0,0
2026-06-19T04:58-07:00,Fri,4,2,2,1,0,0,0,0,0,0,12,3,2,1,7,1,3,1,4,0,8,1,2,1,2,1,0,0,0,1,0,0,0
2026-06-19T05:08-07:00,Fri,5,2,3,1,0,0,0,0,0,0,12,3,2,1,7,1,3,1,4,0,7,1,3,1,2,1,0,0,0,1,0,0,0
2026-06-19T06:18-07:00,Fri,6,1,2,0,0,0,0,0,0,0,12,3,4,1,14,1,6,0,3,0,2,1,0,1,0,0,0,0,0,1,0,0,0
2026-06-19T06:29-07:00,Fri,6,0,2,0,0,0,0,0,0,0,12,3,4,1,13,1,6,0,3,0,2,1,1,1,0,0,0,0,0,1,0,0,0
2026-06-19T06:39-07:00,Fri,6,0,2,0,0,0,0,0,0,0,12,3,3,1,13,1,7,0,5,0,3,1,2,1,1,0,0,0,0,1,0,0,0
2026-06-19T06:49-07:00,Fri,6,0,3,0,0,0,0,0,0,0,12,3,4,1,11,1,9,0,6,0,4,1,2,1,1,0,0,0,0,1,0,0,0
2026-06-19T06:59-07:00,Fri,6,0,3,0,0,0,0,0,0,0,12,3,4,1,5,1,9,0,6,0,4,1,1,1,0,0,0,0,0,1,0,0,0
2026-06-19T07:09-07:00,Fri,7,0,5,0,0,0,0,0,0,0,12,2,4,1,5,1,9,0,6,0,4,1,2,1,0,0,0,0,0,1,0,0,0
2026-06-19T08:19-07:00,Fri,8,1,6,0,2,0,1,0,1,0,12,2,11,1,8,1,8,0,7,0,5,1,1,0,0,0,0,0,0,0,0,0,0
2026-06-19T08:29-07:00,Fri,8,1,4,0,2,0,1,0,1,0,12,2,14,1,9,1,9,0,7,0,5,1,2,0,0,0,0,0,0,0,0,0,0
2026-06-19T08:39-07:00,Fri,8,1,4,0,2,0,1,0,1,0,12,2,14,1,9,1,9,0,6,0,4,1,2,0,0,0,0,0,0,0,0,0,0
2026-06-19T08:49-07:00,Fri,8,1,4,0,2,0,1,0,1,0,12,3,15,1,10,1,8,0,5,0,3,1,3,0,1,0,0,0,0,0,0,0,0
2026-06-19T08:59-07:00,Fri,8,1,5,0,3,0,1,0,1,0,12,3,11,1,12,1,6,0,5,0,3,1,3,0,1,0,0,0,0,0,0,0,0
2026-06-19T09:09-07:00,Fri,9,1,6,0,3,0,1,0,1,0,12,3,12,1,12,1,3,0,5,0,3,1,2,0,1,0,0,0,0,0,0,0,0
2026-06-19T09:19-07:00,Fri,9,1,6,0,3,0,1,0,1,0,12,3,15,1,12,1,3,0,5,0,3,1,2,0,2,0,0,0,0,0,0,0,0
2026-06-19T09:29-07:00,Fri,9,1,6,0,3,0,1,0,1,0,12,3,18,1,16,1,5,0,5,0,3,1,4,0,4,0,0,0,0,0,0,0,0
2026-06-19T09:39-07:00,Fri,9,1,7,0,4,0,1,0,1,0,12,3,22,2,22,1,6,0,5,0,3,1,5,0,5,0,0,0,0,0,0,0,0
2026-06-19T10:50-07:00,Fri,10,2,19,0,6,0,1,0,3,0,12,5,29,2,18,2,14,0,12,0,6,2,5,0,9,0,2,0,3,0,2,0,0
2026-06-19T11:00-07:00,Fri,11,2,18,0,6,0,1,0,3,0,12,5,27,2,23,2,14,0,12,0,6,2,3,1,9,0,2,0,3,0,2,0,0
2026-06-19T11:10-07:00,Fri,11,2,18,0,6,0,1,0,3,0,12,6,33,2,31,2,16,0,13,0,7,2,7,1,0,0,2,0,3,0,2,0,0
2026-06-19T11:20-07:00,Fri,11,2,19,0,8,0,1,0,5,0,12,6,30,3,24,2,16,0,14,0,7,2,8,1,0,0,2,0,3,0,2,0,0
2026-06-19T11:30-07:00,Fri,11,2,27,0,9,0,1,0,6,0,12,6,30,3,23,2,14,0,15,0,8,2,9,1,2,0,3,0,4,0,3,0,0
2026-06-19T11:40-07:00,Fri,11,2,33,0,10,0,2,0,8,0,12,6,32,3,28,2,15,0,14,0,8,2,8,1,5,0,3,0,5,0,5,0,0
2026-06-19T12:50-07:00,Fri,12,4,19,0,7,0,3,0,7,0,12,7,31,4,30,2,20,1,10,0,8,3,4,1,10,0,5,0,6,0,7,0,4
2026-06-19T13:01-07:00,Fri,13,4,19,0,8,0,2,0,7,0,12,7,34,4,35,2,22,1,10,0,8,3,5,2,3,0,5,0,6,0,7,0,4
2026-06-19T13:11-07:00,Fri,13,5,24,0,11,0,3,0,9,0,12,7,30,4,35,2,23,1,10,0,8,3,7,2,5,0,6,0,7,0,7,0,4
2026-06-19T13:21-07:00,Fri,13,5,18,0,12,0,4,0,10,0,12,8,40,5,40,2,26,1,11,0,8,3,6,2,6,0,7,0,9,0,10,0,4
2026-06-19T13:31-07:00,Fri,13,5,20,0,13,0,5,0,14,0,12,8,34,5,40,3,30,1,15,0,10,3,3,2,7,0,8,0,10,0,11,0,5
2026-06-19T13:41-07:00,Fri,13,5,18,0,14,0,5,1,15,0,12,8,37,5,41,3,26,2,16,0,11,3,5,2,8,0,8,0,10,1,3,0,5
2026-06-19T13:51-07:00,Fri,13,5,17,0,13,0,5,1,7,0,12,8,38,5,41,3,21,2,8,0,11,3,7,2,9,0,8,0,10,1,4,0,5
2026-06-19T14:01-07:00,Fri,14,5,16,0,13,0,5,1,10,0,12,8,40,5,45,3,26,2,11,0,14,3,12,3,3,0,10,0,7,1,4,0,5
2026-06-19T14:11-07:00,Fri,14,5,11,0,13,0,5,1,11,0,12,8,48,7,33,3,32,2,11,0,15,3,12,3,4,0,8,0,7,1,4,0,3
2026-06-19T14:21-07:00,Fri,14,5,12,0,14,0,5,1,11,0,12,9,32,7,26,3,34,2,11,0,16,3,8,3,5,0,8,0,7,1,4,0,3
2026-06-19T14:31-07:00,Fri,14,5,13,0,16,0,7,1,12,0,12,9,42,7,32,3,35,2,11,0,16,3,5,3,5,0,9,0,8,1,3,0,3
2026-06-19T14:41-07:00,Fri,14,5,16,1,13,0,8,1,16,0,12,9,46,7,37,4,27,2,13,0,18,3,4,3,9,0,13,0,10,1,4,0,3
2026-06-19T15:52-07:00,Fri,15,5,24,1,21,0,14,2,20,0,12,11,39,8,45,4,41,2,22,0,20,4,11,3,7,0,5,1,5,1,4,0,0
2026-06-19T16:02-07:00,Fri,16,5,23,1,20,0,14,2,9,0,12,11,41,8,41,4,45,2,23,1,17,4,9,3,11,0,7,1,7,1,3,1,0
2026-06-19T16:12-07:00,Fri,16,5,23,1,23,0,15,2,11,0,12,11,44,8,49,4,50,2,24,1,10,4,9,3,13,0,7,1,8,1,1,1,0
2026-06-19T16:22-07:00,Fri,16,5,23,1,22,0,15,2,11,0,12,11,39,9,51,4,51,2,25,1,3,4,9,3,16,0,7,1,7,1,1,1,0
2026-06-19T16:32-07:00,Fri,16,5,26,1,25,0,16,2,11,0,12,11,36,9,38,4,46,2,18,1,2,4,6,3,20,0,10,1,7,1,0,1,0
2026-06-19T16:42-07:00,Fri,16,5,23,1,18,1,14,2,10,0,12,11,43,9,41,4,45,2,19,1,5,4,4,4,8,0,10,1,8,1,1,1,0
2026-06-19T16:52-07:00,Fri,16,5,29,1,12,1,7,2,10,0,12,11,54,9,47,5,50,2,20,1,8,4,4,4,7,0,12,1,8,1,2,1,0
2026-06-19T17:02-07:00,Fri,17,5,25,1,10,1,7,2,10,0,12,11,54,9,49,5,46,2,21,1,9,3,8,4,9,0,13,1,9,1,2,1,0
2026-06-19T17:12-07:00,Fri,17,5,29,1,15,1,11,2,11,0,12,11,57,9,52,5,43,2,21,1,9,3,10,4,9,0,13,1,6,1,2,1,0
2026-06-19T17:22-07:00,Fri,17,5,31,1,18,1,12,2,15,0,12,11,60,9,56,5,45,2,15,1,12,3,8,5,4,0,16,1,6,1,2,1,0
2026-06-19T17:32-07:00,Fri,17,5,29,1,18,1,13,2,13,0,12,11,58,9,57,5,49,2,17,1,15,3,5,5,5,0,8,1,6,1,2,1,0
2026-06-19T17:42-07:00,Fri,17,5,28,1,18,1,13,2,12,0,12,11,56,9,59,5,47,2,19,1,15,3,6,5,5,0,7,1,6,1,2,1,0
2026-06-19T18:53-07:00,Fri,18,5,23,2,19,1,20,2,15,0,12,11,61,9,60,5,51,2,17,1,14,4,17,5,17,0,13,1,11,1,6,1,0
2026-06-19T19:03-07:00,Fri,19,6,25,2,21,1,20,2,19,0,12,11,54,9,43,5,42,2,18,1,10,4,6,5,14,0,14,1,13,1,6,1,0
2026-06-19T19:13-07:00,Fri,19,6,30,2,24,1,24,2,19,0,12,11,48,9,31,5,32,2,19,1,7,4,8,5,7,1,17,1,14,1,7,1,0
2026-06-19T19:23-07:00,Fri,19,6,32,2,25,1,24,2,18,0,12,11,49,9,29,5,32,2,16,1,8,4,5,5,5,1,5,1,13,1,7,1,0
2026-06-19T19:33-07:00,Fri,19,6,36,2,26,1,26,2,18,0,12,11,49,9,28,5,30,2,12,1,5,4,7,5,11,1,9,1,15,1,9,1,0
2026-06-19T19:43-07:00,Fri,19,6,36,2,28,1,28,2,19,0,12,11,52,9,28,5,31,2,6,1,4,4,7,5,11,1,8,1,15,1,9,1,0
2026-06-19T20:54-07:00,Fri,20,8,32,2,20,2,17,2,17,0,12,11,56,9,22,6,26,2,12,0,3,5,5,7,6,1,7,2,10,1,4,1,1
2026-06-19T21:04-07:00,Fri,21,8,31,2,18,2,17,2,18,0,12,11,59,9,26,6,16,2,10,0,5,5,3,7,4,1,7,2,13,1,7,1,2
2026-06-19T21:14-07:00,Fri,21,8,29,2,19,2,19,2,14,0,12,11,59,9,28,6,15,2,11,0,5,5,4,7,4,1,3,2,11,1,11,1,1
2026-06-19T21:24-07:00,Fri,21,8,27,2,15,2,17,2,10,0,12,12,57,9,36,6,17,2,15,0,5,5,6,7,10,1,4,2,6,1,12,1,1
2026-06-19T21:34-07:00,Fri,21,8,29,2,15,2,17,2,11,0,12,12,40,9,38,6,17,2,16,0,7,5,5,7,13,0,0,2,10,1,15,1,3
2026-06-19T21:44-07:00,Fri,21,8,27,2,17,2,17,2,11,0,12,12,33,9,36,6,18,2,17,0,9,5,4,8,5,0,1,2,10,1,15,1,3
2026-06-19T22:54-07:00,Fri,22,8,26,2,22,2,21,2,20,0,12,12,40,9,18,6,17,2,20,0,10,5,5,7,9,0,5,2,3,2,1,1,1
2026-06-19T23:04-07:00,Fri,23,8,27,2,19,2,18,2,19,0,12,12,43,9,25,6,15,2,20,0,11,5,5,7,9,0,5,2,3,2,1,1,0
2026-06-19T23:14-07:00,Fri,23,8,23,2,16,2,18,2,17,0,12,12,38,9,30,6,16,2,16,0,11,5,1,7,4,0,5,2,3,2,2,1,0
2026-06-19T23:24-07:00,Fri,23,8,12,2,13,2,17,2,14,0,12,12,36,9,20,6,15,2,12,0,12,5,3,7,8,0,5,2,3,2,2,1,0
2026-06-19T23:35-07:00,Fri,23,8,16,2,11,2,16,2,13,0,12,12,22,9,16,6,13,2,12,0,11,5,4,7,7,0,5,2,1,2,1,1,0
2026-06-19T23:45-07:00,Fri,23,8,16,2,11,2,15,2,13,0,12,12,14,9,13,6,9,2,10,0,10,4,4,7,6,0,5,2,0,2,0,1,0
2026-06-20T00:55-07:00,Sat,0,7,9,2,3,2,12,1,7,0,12,12,4,9,5,5,6,2,6,0,15,3,2,6,1,0,7,2,3,2,1,0,0
2026-06-20T01:05-07:00,Sat,1,7,9,2,3,2,10,1,5,0,12,11,6,8,7,5,8,2,8,0,16,3,4,6,3,0,8,2,4,2,2,0,0
2026-06-20T01:15-07:00,Sat,1,6,8,1,7,2,10,1,3,0,12,11,6,8,8,5,9,2,8,0,16,3,8,6,3,0,8,2,6,2,4,0,0
2026-06-20T01:25-07:00,Sat,1,6,10,1,6,2,10,1,3,0,12,11,4,7,3,5,7,2,5,0,16,4,11,6,3,0,8,2,6,1,5,0,0
2026-06-20T01:35-07:00,Sat,1,6,8,1,7,2,10,1,6,0,12,11,5,7,5,4,6,2,6,0,17,4,3,6,4,0,8,2,5,1,6,0,0
2026-06-20T01:45-07:00,Sat,1,6,7,1,7,2,10,1,8,0,12,11,3,7,5,4,6,2,6,0,17,4,3,6,3,0,8,2,4,1,5,0,0
2026-06-20T02:56-07:00,Sat,2,5,4,0,2,2,1,1,2,0,12,7,2,5,2,2,2,1,1,0,0,4,2,4,0,0,7,2,1,0,1,0,0
2026-06-20T03:06-07:00,Sat,3,4,4,0,2,2,1,1,2,0,12,7,3,4,2,1,3,1,1,0,0,3,2,4,0,0,7,2,1,0,1,0,0
2026-06-20T03:16-07:00,Sat,3,4,3,0,2,2,1,1,2,0,12,7,3,3,2,1,3,1,1,0,0,3,2,4,0,0,7,2,2,0,0,0,0
2026-06-20T03:26-07:00,Sat,3,4,1,0,1,2,0,1,0,0,12,6,2,3,0,1,2,1,0,0,0,3,2,4,1,0,7,2,2,0,0,0,0
2026-06-20T03:36-07:00,Sat,3,4,1,0,1,1,2,1,0,0,12,6,1,3,0,1,5,0,0,0,0,2,3,4,3,0,7,1,3,0,0,0,0
2026-06-20T03:46-07:00,Sat,3,4,1,0,1,1,2,1,0,0,12,6,2,3,1,1,5,0,0,0,0,2,0,4,3,0,7,1,4,0,0,0,0
2026-06-20T04:57-07:00,Sat,4,3,3,0,0,1,3,0,2,0,12,4,2,2,4,1,1,0,0,0,0,2,3,2,4,0,8,1,0,0,0,0,0
2026-06-20T05:07-07:00,Sat,5,3,2,0,0,1,3,0,2,0,12,4,2,2,3,1,1,0,0,0,0,2,5,2,4,0,8,1,0,0,0,0,0
2026-06-20T05:17-07:00,Sat,5,3,2,0,0,1,3,0,2,0,12,4,3,2,4,1,1,0,0,0,0,2,5,2,3,0,8,1,0,0,0,0,0
2026-06-20T05:27-07:00,Sat,5,3,1,0,0,1,3,0,2,0,12,4,5,2,5,1,1,0,0,0,0,2,5,2,2,0,8,1,0,0,0,0,0
2026-06-20T05:37-07:00,Sat,5,2,1,0,0,1,1,0,2,0,12,3,4,2,5,1,1,0,0,0,0,2,5,2,2,0,8,1,0,0,0,0,0
2026-06-20T05:47-07:00,Sat,5,2,1,0,0,1,1,0,2,0,12,3,4,1,5,1,1,0,0,0,0,2,4,1,4,0,8,1,0,0,0,0,0
2026-06-20T06:57-07:00,Sat,6,2,3,0,0,0,0,0,0,0,12,2,5,1,4,1,2,0,0,0,0,1,5,1,0,0,0,0,0,0,0,0,0
2026-06-20T07:07-07:00,Sat,7,2,3,0,0,0,0,0,0,0,12,2,6,1,5,1,2,0,0,0,0,1,5,1,0,0,0,0,0,0,0,0,0
2026-06-20T07:17-07:00,Sat,7,2,3,0,0,0,0,0,0,0,12,2,5,1,5,1,2,0,0,0,0,1,5,1,0,0,0,0,0,0,0,0,0
2026-06-20T07:27-07:00,Sat,7,2,2,0,0,0,0,0,0,0,12,2,6,1,5,1,4,0,1,0,1,1,6,1,1,0,0,0,0,0,0,0,0
2026-06-20T07:37-07:00,Sat,7,2,1,0,0,0,0,0,0,0,12,2,5,1,7,1,3,0,1,0,1,1,7,1,1,0,0,0,0,0,0,0,0
2026-06-20T07:47-07:00,Sat,7,2,1,0,0,0,0,0,0,0,12,2,4,1,7,1,4,0,1,0,1,1,7,1,1,0,0,0,0,0,0,0,0
2026-06-20T08:58-07:00,Sat,8,2,5,0,2,0,0,0,2,0,12,1,13,1,17,1,7,0,2,0,1,1,5,1,1,0,1,0,1,0,0,0,0
2026-06-20T09:08-07:00,Sat,9,2,6,0,2,0,0,0,2,0,12,1,14,2,5,2,3,0,3,0,1,1,6,1,1,0,1,0,1,0,0,0,0
2026-06-20T09:18-07:00,Sat,9,2,7,0,2,0,0,0,2,0,12,2,10,2,9,1,5,0,3,0,1,1,6,1,1,0,1,0,1,0,0,0,0
2026-06-20T09:28-07:00,Sat,9,2,7,0,3,0,0,0,2,0,12,2,12,2,9,1,6,0,3,0,1,1,5,1,1,0,1,0,1,0,0,0,0
2026-06-20T09:38-07:00,Sat,9,1,8,0,3,0,0,0,2,0,12,2,12,2,11,1,8,0,3,0,1,1,6,1,2,0,1,0,1,0,0,0,0
2026-06-20T09:48-07:00,Sat,9,1,10,0,3,0,0,0,2,0,12,2,16,2,12,1,8,0,3,0,1,2,12,1,4,0,2,0,2,0,0,0,0
2026-06-20T10:59-07:00,Sat,10,1,22,0,9,0,2,0,1,0,12,4,18,3,12,2,15,0,9,0,5,2,7,2,2,0,7,0,10,0,5,0,1
2026-06-20T11:09-07:00,Sat,11,2,26,0,9,0,2,0,3,0,12,4,19,3,15,2,18,0,9,0,5,2,8,2,4,0,7,0,10,0,5,0,1
2026-06-20T11:19-07:00,Sat,11,2,20,0,9,0,2,0,3,0,12,4,25,3,18,2,19,0,10,0,6,2,6,2,5,0,7,0,11,0,5,0,1
2026-06-20T11:29-07:00,Sat,11,2,22,0,10,0,3,0,3,0,12,6,26,3,25,3,21,0,10,0,6,2,6,2,3,0,8,0,12,0,6,0,1
2026-06-20T11:39-07:00,Sat,11,2,23,0,10,0,3,0,3,0,12,6,21,3,28,3,13,0,11,0,7,2,5,2,2,0,3,1,1,0,4,0,1
2026-06-20T11:49-07:00,Sat,11,2,28,0,11,0,3,0,4,0,12,6,27,3,32,3,13,0,11,0,7,2,6,2,2,0,3,1,3,0,6,0,2
2026-06-20T12:59-07:00,Sat,12,3,28,0,13,0,3,0,8,0,12,7,20,5,19,3,15,1,7,0,8,2,4,2,11,0,4,1,9,0,9,0,3
2026-06-20T13:09-07:00,Sat,13,3,32,0,13,0,3,0,10,0,12,7,20,5,19,3,21,1,8,0,9,2,3,2,8,0,5,1,6,0,10,0,3
2026-06-20T13:19-07:00,Sat,13,3,29,0,13,0,3,0,10,0,12,7,23,5,21,3,23,1,9,0,8,2,6,2,7,0,5,1,6,0,10,0,3
2026-06-20T13:30-07:00,Sat,13,4,32,0,13,0,3,0,10,0,12,8,28,5,29,4,26,1,12,0,10,2,3,2,3,0,6,1,8,0,10,0,3
2026-06-20T13:40-07:00,Sat,13,4,24,0,13,0,3,0,11,0,12,8,28,6,35,4,29,1,12,0,10,2,4,2,3,0,6,1,6,0,9,0,3
2026-06-20T13:50-07:00,Sat,13,4,25,0,13,0,3,1,12,0,12,8,30,6,26,4,22,1,13,0,11,2,5,2,3,0,6,1,4,0,8,0,2
2026-06-20T15:00-07:00,Sat,15,4,19,1,13,0,9,1,11,0,12,11,32,8,24,6,28,1,16,1,7,3,12,2,11,0,10,1,5,0,10,0,2
2026-06-20T15:10-07:00,Sat,15,4,19,1,14,0,10,1,12,0,12,12,26,8,26,5,28,1,14,1,7,4,5,2,12,0,10,1,5,0,12,0,3
2026-06-20T15:20-07:00,Sat,15,4,21,1,16,0,12,1,13,0,12,12,28,9,24,5,29,1,14,1,7,4,5,2,13,0,8,1,5,0,12,0,3
2026-06-20T15:30-07:00,Sat,15,4,21,1,15,0,11,1,12,0,12,12,33,9,30,5,29,1,14,1,7,4,6,2,14,0,8,1,6,0,13,0,3
2026-06-20T15:40-07:00,Sat,15,4,22,1,15,0,11,1,15,0,12,12,34,9,33,5,30,1,15,1,7,4,5,3,16,0,8,1,7,0,13,0,3
2026-06-20T15:50-07:00,Sat,15,4,20,1,12,0,12,1,13,0,12,12,37,9,35,5,36,1,16,1,7,4,2,3,6,0,8,2,7,0,13,0,3
2026-06-20T17:01-07:00,Sat,17,5,20,1,11,1,8,1,13,0,12,11,33,10,27,5,29,1,19,1,7,3,4,3,7,0,10,1,4,1,3,0,3
2026-06-20T17:11-07:00,Sat,17,5,21,1,10,1,10,2,14,0,12,11,28,10,26,5,29,1,15,1,3,3,2,3,8,0,8,1,4,1,4,0,3
2026-06-20T17:21-07:00,Sat,17,5,22,1,6,1,8,2,7,0,12,11,31,10,28,5,36,1,17,1,3,3,6,3,9,0,8,1,5,1,4,0,3
2026-06-20T17:31-07:00,Sat,17,5,18,1,8,1,9,2,9,0,12,11,35,10,31,5,36,1,17,1,3,3,4,3,11,0,6,1,6,1,4,0,3
2026-06-20T17:41-07:00,Sat,17,5,20,1,8,1,9,2,9,0,12,11,43,10,35,5,34,1,18,1,4,3,1,4,3,0,5,1,6,1,5,0,3
2026-06-20T17:51-07:00,Sat,17,5,24,1,9,1,9,2,9,0,12,11,43,10,29,5,35,1,17,1,4,3,5,4,6,0,7,1,8,1,7,0,3
2026-06-20T19:02-07:00,Sat,19,6,28,1,8,1,9,2,9,0,12,11,38,10,28,5,22,1,24,1,3,5,3,4,8,0,3,2,2,1,2,0,3
2026-06-20T19:12-07:00,Sat,19,6,31,1,10,1,10,2,11,0,12,11,40,10,28,5,25,1,28,1,2,5,3,4,8,0,3,2,2,1,2,0,3
2026-06-20T19:22-07:00,Sat,19,6,29,1,11,1,11,2,8,0,12,11,36,10,25,5,21,1,26,1,3,5,3,4,7,0,4,2,3,1,3,0,3
2026-06-20T19:32-07:00,Sat,19,6,29,1,11,1,12,2,8,0,12,11,37,10,25,5,22,1,27,1,4,5,2,4,5,0,5,1,5,1,3,0,3
2026-06-20T19:42-07:00,Sat,19,7,34,1,12,1,13,2,10,0,12,11,38,10,29,5,17,1,23,1,3,5,0,4,5,0,7,1,2,1,2,0,3
2026-06-20T19:52-07:00,Sat,19,7,29,1,13,1,13,2,14,0,12,11,37,10,25,5,15,1,21,1,4,4,1,4,7,0,8,1,3,1,2,0,3
2026-06-20T21:02-07:00,Sat,21,7,28,1,19,1,25,2,22,0,12,11,26,10,17,4,21,2,8,1,10,4,8,4,13,1,5,1,17,1,8,1,1
2026-06-20T21:13-07:00,Sat,21,7,25,1,17,1,23,2,19,0,12,11,29,10,17,4,22,2,10,1,12,4,7,5,15,1,1,2,7,1,9,1,1
2026-06-20T21:23-07:00,Sat,21,7,31,1,14,1,16,2,17,0,12,11,27,10,18,4,25,2,10,1,13,4,7,5,5,1,2,2,9,1,11,1,2
2026-06-20T21:33-07:00,Sat,21,7,30,1,13,1,16,2,17,0,12,11,27,10,19,4,25,2,10,1,13,4,8,5,9,1,2,2,9,1,11,1,2
2026-06-20T21:43-07:00,Sat,21,7,30,1,13,1,18,2,15,0,12,11,29,10,17,4,31,2,10,1,14,4,8,6,11,1,3,2,10,1,11,1,2
2026-06-20T21:53-07:00,Sat,21,7,30,1,15,1,19,2,13,0,12,11,32,10,18,4,28,2,10,1,14,4,10,6,15,1,6,2,10,1,11,1,2
2026-06-20T23:03-07:00,Sat,23,8,36,1,16,1,16,2,10,0,12,11,34,10,12,4,9,2,6,1,8,5,7,5,15,1,6,2,6,1,9,0,0
2026-06-20T23:13-07:00,Sat,23,9,32,1,17,1,16,2,9,0,12,11,37,10,15,4,11,1,8,1,6,5,9,6,17,1,6,2,6,1,9,0,0
2026-06-20T23:23-07:00,Sat,23,9,21,1,16,1,14,2,6,0,12,11,30,10,17,4,9,1,6,1,3,5,5,6,5,1,5,2,7,1,9,0,0
2026-06-20T23:33-07:00,Sat,23,9,21,1,17,1,13,2,6,0,12,11,27,10,23,4,6,1,4,1,3,5,3,6,6,1,4,2,7,1,9,0,0
2026-06-20T23:43-07:00,Sat,23,9,16,1,13,1,9,2,6,0,12,11,22,10,22,4,4,1,5,1,4,5,2,6,8,1,5,2,7,1,3,0,0
2026-06-20T23:53-07:00,Sat,23,9,14,1,13,1,5,2,7,0,12,11,21,10,15,4,5,1,6,1,4,5,0,7,1,1,6,2,10,1,4,0,0
2026-06-21T01:04-07:00,Sun,1,7,13,1,9,1,7,1,6,0,12,11,11,9,9,3,4,1,4,1,2,4,3,5,1,1,1,2,1,1,1,0,0
2026-06-21T01:14-07:00,Sun,1,7,10,1,9,1,7,1,5,0,12,11,11,8,6,3,4,1,3,1,2,4,2,4,1,1,0,2,0,1,0,0,0
2026-06-21T01:24-07:00,Sun,1,6,6,1,9,1,6,1,5,0,12,11,9,7,6,3,2,1,3,1,2,3,2,4,0,1,0,2,1,1,0,0,0
2026-06-21T01:34-07:00,Sun,1,6,6,1,6,1,5,1,5,0,12,10,9,7,5,3,1,1,3,1,3,3,3,4,1,1,0,2,1,1,0,0,0
2026-06-21T01:44-07:00,Sun,1,6,5,1,3,1,3,1,3,0,12,10,7,7,6,2,2,1,2,1,2,3,2,4,1,1,0,2,0,1,0,0,0
2026-06-21T01:54-07:00,Sun,1,6,5,1,3,1,3,0,0,0,12,10,6,7,3,2,2,1,1,1,1,3,1,3,1,0,0,2,0,1,0,0,0
2026-06-21T03:05-07:00,Sun,3,5,1,1,0,1,1,0,0,0,12,8,2,5,3,0,1,1,1,0,2,2,0,2,0,0,0,0,4,1,1,0,0
2026-06-21T03:15-07:00,Sun,3,5,1,1,0,1,1,0,0,0,12,7,1,5,2,0,1,1,1,0,2,2,0,2,0,0,0,0,4,1,1,0,0
2026-06-21T03:25-07:00,Sun,3,4,1,1,0,1,1,0,0,0,12,7,2,4,2,0,1,1,1,0,2,2,0,2,0,0,0,0,4,1,0,0,0
2026-06-21T03:35-07:00,Sun,3,4,0,1,0,1,1,0,0,0,12,7,1,4,1,0,0,1,1,0,1,2,0,2,1,0,0,0,0,0,0,0,0
2026-06-21T03:45-07:00,Sun,3,4,0,1,0,1,1,0,0,0,12,5,1,4,0,0,0,1,1,0,1,2,0,2,1,0,0,0,0,0,0,0,0
2026-06-21T03:55-07:00,Sun,3,4,2,1,1,1,2,0,0,0,12,5,2,4,0,0,0,1,1,0,1,2,0,2,1,0,0,0,0,0,0,0,0
2026-06-21T05:06-07:00,Sun,5,3,3,0,0,1,0,0,0,0,12,3,1,3,0,0,0,1,0,0,0,1,0,1,0,0,0,1,0,0,0,0,0
2026-06-21T05:16-07:00,Sun,5,3,3,0,0,1,0,0,0,0,12,2,1,3,0,0,0,0,0,0,0,1,0,1,0,0,0,1,0,0,0,0,0
2026-06-21T05:26-07:00,Sun,5,3,3,0,0,1,0,0,0,0,12,2,3,3,1,0,1,0,0,0,0,1,0,1,0,0,0,1,0,0,0,0,0
2026-06-21T05:36-07:00,Sun,5,3,3,0,0,1,0,0,0,0,12,2,3,3,1,0,1,0,0,0,0,1,0,1,0,0,0,1,0,0,0,0,0
2026-06-21T05:46-07:00,Sun,5,3,4,0,0,1,0,0,0,0,12,2,2,3,1,0,1,0,0,0,0,1,0,1,0,0,0,1,0,0,0,0,0
2026-06-21T05:56-07:00,Sun,5,3,2,0,0,0,0,0,0,0,12,2,2,3,2,0,1,0,0,0,0,1,0,1,0,0,0,1,0,0,0,0,0
2026-06-21T07:06-07:00,Sun,7,3,5,0,0,0,0,0,0,0,12,2,2,2,4,0,3,0,2,0,1,1,0,1,0,0,0,0,1,0,0,0,0
2026-06-21T07:17-07:00,Sun,7,3,6,0,0,0,0,0,0,0,12,2,3,2,3,0,3,0,2,0,1,0,0,1,1,0,0,0,1,0,0,0,0
2026-06-21T07:27-07:00,Sun,7,3,7,0,0,0,0,0,0,0,12,2,1,2,2,0,2,0,2,0,1,0,0,1,1,0,0,0,1,0,0,0,0
2026-06-21T07:37-07:00,Sun,7,3,5,0,0,0,0,0,0,0,12,2,2,1,4,0,3,0,3,0,1,0,0,1,1,0,0,0,0,0,0,0,0
2026-06-21T07:47-07:00,Sun,7,2,5,0,0,0,0,0,0,0,12,2,2,1,4,0,3,0,3,0,1,0,0,1,1,0,0,0,0,0,0,0,0
2026-06-21T07:57-07:00,Sun,7,2,5,0,0,0,0,0,0,0,12,2,5,1,4,0,3,0,3,0,1,0,0,1,1,0,0,0,0,0,0,0,0
2026-06-21T09:07-07:00,Sun,9,2,3,0,0,0,0,0,0,0,12,2,11,1,12,0,10,0,6,0,2,0,5,1,2,0,0,0,0,0,0,0,0
2026-06-21T09:17-07:00,Sun,9,2,4,0,0,0,0,0,0,0,12,2,11,2,6,0,10,0,6,0,2,1,6,0,3,0,1,0,0,0,0,0,0
2026-06-21T09:27-07:00,Sun,9,2,4,0,0,0,0,0,0,0,12,2,10,2,6,0,10,0,6,0,2,0,9,0,4,0,1,0,0,0,0,0,0
2026-06-21T09:37-07:00,Sun,9,2,4,0,0,0,0,0,0,0,12,2,12,2,7,0,11,0,6,0,2,1,5,0,4,0,1,0,0,0,0,0,0
2026-06-21T09:47-07:00,Sun,9,2,4,0,0,0,0,0,0,0,12,3,15,2,6,0,11,0,6,0,2,1,5,0,4,0,1,0,0,0,0,0,0
2026-06-21T09:57-07:00,Sun,9,2,5,0,0,0,0,0,0,0,12,3,7,2,7,1,12,0,6,0,2,1,5,0,4,0,1,0,0,0,0,0,0
2026-06-21T11:08-07:00,Sun,11,2,11,0,0,0,0,0,3,0,12,3,24,2,19,1,11,0,8,0,4,1,10,1,11,0,3,0,1,0,0,0,0
2026-06-21T11:18-07:00,Sun,11,2,10,0,1,0,0,0,3,0,12,3,29,2,24,1,15,0,10,0,4,1,5,1,5,0,3,0,1,0,0,0,0
2026-06-21T11:28-07:00,Sun,11,1,9,0,2,0,0,0,4,0,12,4,20,3,29,1,21,0,11,0,4,1,6,1,7,0,4,0,2,0,0,0,0
2026-06-21T11:38-07:00,Sun,11,1,9,0,2,0,0,0,4,0,12,4,18,3,22,1,23,1,12,0,5,1,6,1,7,0,4,0,4,0,2,0,0
2026-06-21T11:48-07:00,Sun,11,1,9,0,2,0,0,0,4,0,12,4,20,3,26,1,18,1,6,0,5,1,8,1,8,0,5,0,5,0,2,0,0
2026-06-21T11:58-07:00,Sun,11,1,7,0,2,0,0,0,3,0,12,4,22,3,27,1,18,1,7,0,7,1,8,2,3,0,6,0,6,0,2,0,0
2026-06-21T13:09-07:00,Sun,13,1,17,0,3,0,1,0,5,0,12,6,23,6,23,2,22,1,15,0,9,2,5,3,7,0,11,1,10,0,6,0,0
2026-06-21T13:19-07:00,Sun,13,1,20,0,3,0,1,0,5,0,12,6,23,6,23,2,25,1,16,0,10,2,1,3,3,0,4,1,4,0,6,0,0
2026-06-21T13:29-07:00,Sun,13,1,22,0,3,0,1,0,6,0,12,6,25,6,25,2,27,1,17,0,9,2,1,3,3,0,4,0,4,0,2,0,0
2026-06-21T13:39-07:00,Sun,13,1,24,0,3,0,1,0,6,0,12,6,30,6,32,2,32,1,17,0,9,2,6,3,5,0,4,0,4,0,2,0,0
2026-06-21T13:49-07:00,Sun,13,2,16,0,3,0,1,0,6,0,12,6,34,7,30,2,33,1,18,0,9,2,1,3,5,0,2,0,2,0,2,0,0
2026-06-21T13:59-07:00,Sun,13,2,15,0,3,0,1,0,6,0,12,6,32,7,33,2,42,1,21,1,11,2,1,3,1,0,2,0,2,0,2,0,0
2026-06-21T15:09-07:00,Sun,15,3,18,0,9,0,1,0,12,0,12,8,22,9,24,5,31,2,5,1,4,3,4,4,5,0,8,0,5,0,2,0,0
2026-06-21T15:20-07:00,Sun,15,3,18,0,9,0,1,0,12,0,12,8,17,9,22,5,20,2,5,1,2,3,4,4,7,0,8,0,5,0,2,0,0
2026-06-21T15:30-07:00,Sun,15,3,16,0,10,0,1,1,13,0,12,8,16,9,22,5,21,2,5,1,1,3,3,4,8,0,8,0,6,0,2,0,0
2026-06-21T15:40-07:00,Sun,15,3,15,0,10,0,1,1,6,0,12,8,14,9,20,5,18,2,6,1,3,3,2,4,8,0,8,0,8,0,4,0,0
2026-06-21T15:50-07:00,Sun,15,3,13,0,10,0,1,1,5,0,12,8,14,9,19,5,17,2,5,1,3,3,0,4,6,0,9,0,9,0,6,0,0
2026-06-21T16:00-07:00,Sun,16,3,13,0,11,0,1,1,6,0,12,8,15,9,20,5,19,2,5,1,3,3,0,4,3,0,9,0,9,0,6,0,0
2026-06-21T17:10-07:00,Sun,17,4,13,0,11,0,2,1,10,0,12,8,15,9,20,5,19,2,16,0,11,3,1,4,4,0,5,0,3,0,2,0,0
2026-06-21T17:20-07:00,Sun,17,4,15,0,13,0,2,1,14,0,12,8,17,9,21,5,21,2,16,0,12,3,2,4,6,0,7,0,3,0,2,0,0
2026-06-21T17:30-07:00,Sun,17,4,20,0,16,0,2,1,15,0,12,8,16,7,23,5,21,2,20,0,15,3,1,4,4,0,8,0,5,0,3,0,0
2026-06-21T17:40-07:00,Sun,17,4,22,0,14,0,2,1,15,0,12,8,15,8,22,5,19,2,18,0,14,2,2,4,3,0,6,0,5,0,3,0,0
2026-06-21T17:50-07:00,Sun,17,3,25,1,15,0,3,1,17,0,12,8,15,8,28,5,19,2,17,0,15,2,5,4,2,0,6,0,5,0,3,0,0
2026-06-21T18:00-07:00,Sun,18,4,21,0,11,0,3,1,17,0,12,8,14,8,24,5,18,2,15,0,15,2,6,4,2,0,7,0,6,0,3,0,0
2026-06-21T19:11-07:00,Sun,19,5,16,0,15,0,4,1,16,0,12,8,23,8,24,5,17,2,13,0,16,2,1,3,6,0,9,1,3,0,5,0,0
2026-06-21T19:21-07:00,Sun,19,5,14,1,16,0,4,1,15,0,12,8,22,8,25,5,17,2,11,0,16,2,0,3,4,0,3,1,3,0,5,0,0
2026-06-21T19:31-07:00,Sun,19,5,16,0,13,0,4,1,11,0,12,8,24,8,30,5,20,2,13,0,17,2,1,3,5,0,3,1,4,0,2,0,0
2026-06-21T19:41-07:00,Sun,19,5,13,0,14,0,5,1,11,0,12,8,28,8,33,5,21,2,13,0,17,2,1,3,4,0,3,1,5,0,2,0,0
2026-06-21T19:51-07:00,Sun,19,5,13,0,14,0,5,1,11,0,12,8,27,9,24,5,18,2,11,0,16,2,4,3,6,0,3,1,6,0,2,0,0
2026-06-21T20:01-07:00,Sun,20,5,14,0,15,0,5,1,11,0,12,8,26,9,22,5,18,2,11,0,16,2,6,3,6,0,4,1,6,0,2,0,0
2026-06-21T21:12-07:00,Sun,21,5,14,0,10,0,6,1,9,0,12,9,14,9,16,4,18,2,8,0,17,2,11,4,10,0,7,1,4,0,0,0,0
2026-06-21T21:22-07:00,Sun,21,5,14,0,10,0,6,1,8,0,12,9,13,9,15,4,13,2,8,0,2,2,11,4,12,0,10,1,6,0,0,0,0
2026-06-21T21:32-07:00,Sun,21,5,13,0,9,0,6,1,8,0,12,9,15,9,16,4,12,2,9,0,2,2,10,4,14,0,11,1,7,0,0,0,0
2026-06-21T21:42-07:00,Sun,21,5,13,0,9,0,6,1,7,0,12,9,20,9,22,4,17,2,10,0,3,2,12,4,17,0,11,1,8,0,0,0,0
2026-06-21T21:52-07:00,Sun,21,5,11,0,9,0,6,1,6,0,12,9,29,9,22,4,15,2,12,0,3,2,10,4,11,0,9,1,4,0,0,0,0
2026-06-21T22:02-07:00,Sun,22,5,16,0,13,0,6,1,9,0,12,9,26,9,24,4,16,2,10,0,3,2,4,4,13,0,9,1,4,0,0,0,0
2026-06-21T23:13-07:00,Sun,23,5,17,0,14,0,6,1,9,0,12,10,25,8,21,2,12,2,4,0,1,2,7,5,2,0,0,1,4,0,0,0,0
2026-06-21T23:23-07:00,Sun,23,5,15,0,13,0,5,1,8,0,12,10,25,8,13,2,12,2,4,0,2,2,11,5,3,0,0,1,4,0,0,0,0
2026-06-21T23:33-07:00,Sun,23,5,12,0,14,0,6,1,9,0,12,10,26,8,13,2,13,2,3,0,2,2,5,5,0,0,0,1,3,0,0,0,0
2026-06-21T23:43-07:00,Sun,23,4,9,0,11,0,6,1,7,0,12,10,19,8,10,2,12,2,6,0,2,2,5,5,0,0,0,1,5,0,0,0,0
2026-06-21T23:53-07:00,Sun,23,4,10,0,11,0,6,1,8,0,12,10,17,8,8,2,12,2,5,0,2,2,3,5,1,0,0,1,4,0,0,0,0
2026-06-22T00:03-07:00,Mon,0,4,7,0,11,0,6,1,7,0,12,10,10,8,8,1,12,2,6,0,2,2,3,5,0,0,0,1,6,0,0,0,0
2026-06-22T01:13-07:00,Mon,1,4,5,0,5,0,0,1,4,0,12,10,1,8,3,1,7,2,4,0,2,1,4,3,1,0,0,1,3,0,0,0,0
2026-06-22T01:24-07:00,Mon,1,4,5,0,5,0,0,1,4,0,12,10,2,7,4,1,8,2,4,0,1,1,2,3,1,0,0,1,3,0,0,0,0
2026-06-22T01:34-07:00,Mon,1,4,4,0,5,0,0,1,1,0,12,10,7,7,9,1,6,2,4,0,1,1,2,3,1,0,0,1,2,0,0,0,0
2026-06-22T01:44-07:00,Mon,1,4,4,0,5,0,0,1,2,0,12,9,4,7,3,1,2,2,2,0,1,1,3,2,1,0,0,1,2,0,0,0,0
2026-06-22T01:54-07:00,Mon,1,4,3,0,5,0,0,1,3,0,12,9,2,7,2,1,2,2,2,0,1,1,3,2,0,0,0,1,0,0,0,0,0
2026-06-22T02:04-07:00,Mon,2,4,2,0,5,0,0,1,3,0,12,8,2,7,2,1,1,2,2,0,1,1,2,2,2,0,0,1,0,0,0,0,0
2026-06-22T03:14-07:00,Mon,3,3,1,0,0,0,0,1,1,0,12,5,1,5,1,1,1,1,1,0,1,1,0,1,3,0,0,1,0,0,0,0,0
2026-06-22T03:24-07:00,Mon,3,2,1,0,0,0,0,1,1,0,12,5,0,4,1,1,0,1,0,0,1,1,0,1,3,0,0,1,0,0,0,0,0
2026-06-22T03:34-07:00,Mon,3,2,3,0,0,0,0,0,0,0,12,4,3,4,2,1,1,1,0,0,1,1,1,1,5,0,0,1,0,0,0,0,0
2026-06-22T03:44-07:00,Mon,3,2,3,0,0,0,0,0,0,0,12,4,2,3,1,1,1,1,0,0,1,1,4,1,7,0,0,0,0,0,0,0,0
2026-06-22T03:54-07:00,Mon,3,2,3,0,0,0,0,0,0,0,12,4,3,3,0,1,1,1,0,0,1,1,4,1,7,0,0,0,0,0,0,0,0
2026-06-22T04:04-07:00,Mon,4,2,3,0,0,0,0,0,0,0,12,4,3,3,0,1,0,1,0,0,0,1,3,1,6,0,0,0,0,0,0,0,0
2026-06-22T05:15-07:00,Mon,5,2,0,0,0,0,0,0,0,0,12,2,1,1,1,1,2,1,2,0,0,1,3,1,2,0,0,0,0,0,0,0,0
2026-06-22T05:25-07:00,Mon,5,2,0,0,0,0,0,0,0,0,12,2,1,1,0,1,1,1,3,0,0,1,1,1,1,0,0,0,0,0,0,0,0
2026-06-22T05:35-07:00,Mon,5,2,0,0,0,0,0,0,0,0,12,2,2,1,0,1,1,1,3,0,0,1,2,1,1,0,0,0,0,0,0,0,0
2026-06-22T05:45-07:00,Mon,5,2,1,0,0,0,0,0,0,0,12,2,2,1,0,1,1,1,2,0,0,1,1,1,0,0,0,0,0,0,0,0,0
2026-06-22T05:55-07:00,Mon,5,2,1,0,0,0,0,0,0,0,12,2,3,1,0,1,1,1,1,0,0,1,0,1,0,0,0,0,0,0,0,0,0
2026-06-22T06:05-07:00,Mon,6,2,1,0,0,0,0,0,0,0,12,2,2,1,0,1,1,1,1,0,1,1,0,1,0,0,0,0,0,0,0,0,0
2026-06-22T07:16-07:00,Mon,7,1,2,0,0,0,0,0,0,0,12,2,2,0,1,1,2,1,1,0,1,0,0,1,1,0,0,0,0,0,0,0,0
2026-06-22T07:26-07:00,Mon,7,1,3,0,0,0,0,0,0,0,12,2,2,0,1,1,1,1,0,0,1,0,0,1,1,0,0,0,0,0,0,0,0
2026-06-22T07:36-07:00,Mon,7,1,3,0,0,0,0,0,0,0,12,2,2,0,1,1,2,1,1,0,1,0,0,1,0,0,0,0,0,0,0,0,0
2026-06-22T07:46-07:00,Mon,7,1,3,0,0,0,0,0,0,0,12,2,0,0,1,1,3,1,1,0,1,0,0,1,1,0,0,0,0,0,0,0,0
2026-06-22T07:56-07:00,Mon,7,1,6,0,0,0,0,0,0,0,12,2,0,0,2,1,3,1,1,0,1,0,0,1,1,0,0,0,0,0,0,0,0
2026-06-22T08:06-07:00,Mon,8,1,8,0,0,0,0,0,0,0,12,2,1,0,2,0,3,1,1,0,1,0,0,1,1,0,0,0,0,0,0,0,0
2026-06-22T09:17-07:00,Mon,9,1,9,0,3,0,1,0,3,0,12,3,11,0,14,0,8,0,4,1,2,0,4,1,3,0,1,0,1,0,0,0,0
2026-06-22T09:27-07:00,Mon,9,1,10,0,3,0,1,0,3,0,12,3,10,0,16,0,8,0,4,1,1,0,4,1,3,0,1,0,1,0,0,0,0
2026-06-22T09:37-07:00,Mon,9,1,10,0,3,0,1,0,3,0,12,3,15,0,20,0,9,0,4,1,1,0,6,1,3,0,1,0,1,0,0,0,0
2026-06-22T09:47-07:00,Mon,9,1,10,0,3,0,1,0,3,0,12,3,13,0,20,0,9,0,4,1,1,0,6,1,4,0,1,0,1,0,0,0,0
2026-06-22T09:57-07:00,Mon,9,2,16,0,3,0,1,0,4,0,12,3,12,0,21,0,10,0,5,1,2,0,8,1,3,0,2,0,2,0,1,0,0
2026-06-22T10:07-07:00,Mon,10,2,11,0,3,0,0,0,4,0,12,3,16,1,15,0,12,0,5,1,2,1,4,1,6,0,2,0,2,0,1,0,0
2026-06-22T11:18-07:00,Mon,11,2,19,0,4,0,0,0,5,0,12,4,24,2,17,0,18,0,8,1,4,2,6,2,10,0,6,0,6,0,3,0,0
2026-06-22T11:28-07:00,Mon,11,2,18,0,4,0,0,0,5,0,12,4,26,2,19,0,21,0,10,1,5,2,11,2,11,0,6,0,6,0,3,0,0
2026-06-22T11:38-07:00,Mon,11,2,17,0,4,0,0,0,5,0,12,4,28,3,22,1,27,0,11,1,6,2,10,2,12,0,8,0,11,0,8,0,0
2026-06-22T11:48-07:00,Mon,11,2,15,0,4,0,0,0,4,0,12,5,39,3,23,1,30,0,11,1,6,2,11,2,11,0,8,0,11,0,9,0,0
2026-06-22T11:58-07:00,Mon,11,2,15,0,4,0,0,0,5,0,12,5,26,3,27,1,25,0,13,1,6,3,7,2,13,0,8,1,12,0,10,0,0
2026-06-22T12:08-07:00,Mon,12,2,14,0,4,0,0,0,4,0,12,5,23,3,20,1,16,0,13,1,6,3,8,2,15,0,10,1,5,0,11,0,0
2026-06-22T13:19-07:00,Mon,13,3,15,0,9,0,0,0,9,0,12,7,21,3,29,2,19,1,8,0,5,4,24,4,19,0,13,1,6,1,4,0,1
2026-06-22T13:29-07:00,Mon,13,3,16,0,9,0,0,0,9,0,12,7,22,3,33,2,24,1,14,0,7,4,21,4,19,1,18,1,8,1,6,0,1
2026-06-22T13:39-07:00,Mon,13,3,17,0,9,0,0,0,10,0,12,7,19,3,33,2,20,1,13,0,8,5,27,4,17,1,4,1,10,1,8,0,1
2026-06-22T13:49-07:00,Mon,13,3,19,0,9,0,0,0,10,0,12,7,23,3,44,2,23,1,13,0,8,5,17,4,16,1,4,1,10,1,8,0,1
2026-06-22T13:59-07:00,Mon,13,4,21,0,10,0,0,0,10,0,12,7,29,3,48,2,27,1,15,0,9,5,19,4,20,1,6,1,10,1,8,0,1
2026-06-22T14:09-07:00,Mon,14,4,16,0,10,0,0,0,7,0,12,7,31,3,53,3,20,1,15,0,9,5,29,4,25,1,7,1,12,1,8,0,1
2026-06-22T15:19-07:00,Mon,15,4,19,1,6,0,0,0,11,0,12,7,72,5,67,4,25,1,16,0,9,6,27,5,13,1,5,2,9,1,6,0,1
2026-06-22T15:30-07:00,Mon,15,4,17,1,6,0,0,0,11,0,12,7,74,5,45,4,29,1,16,0,9,6,22,5,11,1,6,2,6,1,3,0,0
2026-06-22T15:40-07:00,Mon,15,4,13,1,7,0,0,1,8,0,12,7,67,5,50,4,27,1,18,0,10,6,21,5,12,1,8,2,7,1,4,0,0
2026-06-22T15:50-07:00,Mon,15,4,13,1,7,0,0,1,9,0,12,7,68,5,49,4,25,1,19,0,12,6,26,5,15,1,12,2,9,1,4,0,0
2026-06-22T16:00-07:00,Mon,16,4,14,1,6,0,1,1,10,0,12,8,66,5,52,4,27,1,19,0,12,6,28,5,19,1,14,2,9,1,3,0,0
2026-06-22T16:10-07:00,Mon,16,4,14,1,5,0,1,1,8,0,12,8,49,5,53,4,25,2,16,0,12,6,28,6,9,1,16,2,10,1,5,1,0
2026-06-22T17:20-07:00,Mon,17,4,12,0,4,0,2,1,4,0,12,11,28,6,32,4,20,2,6,0,15,7,5,6,7,1,7,3,9,1,10,1,1
2026-06-22T17:30-07:00,Mon,17,4,14,0,6,0,2,1,5,0,12,14,24,9,38,4,20,2,5,0,14,7,2,6,7,1,7,3,9,1,12,1,1
2026-06-22T17:40-07:00,Mon,17,4,17,0,6,0,2,1,8,0,12,14,19,9,23,4,21,2,4,0,15,7,4,6,9,1,9,3,10,1,12,1,1
2026-06-22T17:50-07:00,Mon,17,5,23,0,6,0,2,1,8,0,12,14,18,9,22,4,21,2,4,0,15,7,3,6,7,1,10,3,11,1,13,1,1
2026-06-22T18:00-07:00,Mon,18,5,16,0,6,0,2,1,9,0,12,14,15,9,19,4,21,2,5,0,15,7,5,6,8,1,9,3,11,1,14,1,1
2026-06-22T18:11-07:00,Mon,18,5,19,0,6,0,2,1,9,0,12,14,19,9,18,4,18,2,5,0,16,7,10,6,11,1,8,3,11,1,13,1,1
2026-06-22T19:21-07:00,Mon,19,4,13,0,7,0,0,1,6,0,12,13,23,9,16,5,13,2,9,0,18,7,5,6,22,1,11,4,10,1,7,1,4
2026-06-22T19:31-07:00,Mon,19,4,13,0,8,0,0,1,7,0,12,13,24,9,15,5,13,2,8,0,18,7,13,6,28,1,15,4,12,1,6,1,4
2026-06-22T19:41-07:00,Mon,19,4,8,0,8,0,0,1,6,0,12,13,24,9,13,5,12,2,8,0,18,7,15,6,26,1,12,4,8,1,6,1,4
2026-06-22T19:51-07:00,Mon,19,4,9,0,8,0,0,1,6,0,12,13,30,9,12,5,12,2,7,0,18,7,21,6,26,1,13,4,9,1,7,1,0
2026-06-22T20:01-07:00,Mon,20,4,10,0,8,0,0,1,6,0,12,13,22,9,9,5,11,2,7,0,18,7,21,6,24,1,12,4,6,1,7,1,0
2026-06-22T20:11-07:00,Mon,20,4,12,0,8,0,0,1,6,0,12,13,25,9,12,5,12,2,7,0,19,7,20,6,28,1,12,4,6,1,8,1,0
2026-06-22T21:22-07:00,Mon,21,5,9,0,7,0,0,1,8,0,12,12,30,8,12,3,13,2,11,0,21,7,16,7,25,1,13,4,6,1,8,1,1
2026-06-22T21:32-07:00,Mon,21,5,12,0,8,0,0,1,8,0,12,12,24,8,12,3,14,2,13,0,22,7,16,7,13,1,16,4,13,1,15,1,3
2026-06-22T21:42-07:00,Mon,21,5,13,0,8,0,0,1,8,0,12,12,25,8,17,3,14,2,15,0,23,7,23,8,15,1,19,4,11,1,15,1,2
2026-06-22T21:52-07:00,Mon,21,5,14,0,8,0,0,1,8,0,12,12,22,8,14,3,13,2,15,0,24,7,22,8,8,1,20,4,12,1,14,1,3
2026-06-22T22:02-07:00,Mon,22,5,13,0,8,0,0,1,8,0,12,12,18,8,10,3,8,2,15,0,24,7,22,8,10,1,20,4,14,2,15,1,3
2026-06-22T22:12-07:00,Mon,22,5,13,0,8,0,0,1,9,0,12,12,17,8,9,3,6,2,16,0,24,7,17,8,12,1,21,4,6,2,8,1,4
2026-06-22T23:22-07:00,Mon,23,5,11,0,7,0,0,1,13,0,12,12,5,7,8,3,4,2,21,0,26,7,1,7,2,0,4,2,2,2,5,1,1
2026-06-22T23:33-07:00,Mon,23,5,8,0,6,0,0,1,8,0,12,12,3,7,9,3,8,2,22,1,14,5,1,5,2,0,3,2,0,2,3,1,2
2026-06-22T23:43-07:00,Mon,23,4,5,0,6,0,0,1,6,0,12,12,3,7,9,3,5,2,23,1,1,5,0,5,0,0,2,2,0,2,2,1,2
2026-06-22T23:53-07:00,Mon,23,4,3,0,6,0,0,1,6,0,12,12,3,7,7,3,5,3,21,0,1,4,1,5,4,0,2,1,2,2,2,1,2
2026-06-23T00:03-07:00,Tue,0,4,2,0,6,0,0,1,7,0,12,12,4,5,8,3,6,2,5,1,0,4,3,4,3,0,1,1,2,2,2,1,2
2026-06-23T00:13-07:00,Tue,0,4,3,0,7,0,0,1,7,0,12,11,4,5,11,3,5,2,4,1,0,4,2,4,2,0,1,1,2,2,1,1,1
2026-06-23T01:23-07:00,Tue,1,3,2,0,0,0,0,1,3,0,12,9,8,5,4,3,4,2,4,1,3,3,2,4,0,0,0,0,0,2,0,1,1
2026-06-23T01:33-07:00,Tue,1,3,1,0,0,0,0,1,3,0,12,9,6,4,3,3,3,1,4,1,2,3,2,3,1,0,0,0,0,2,0,1,1
2026-06-23T01:43-07:00,Tue,1,3,1,0,0,0,0,1,3,0,12,9,7,4,1,2,3,1,4,1,2,3,1,3,1,0,0,0,0,2,0,1,1
2026-06-23T01:54-07:00,Tue,1,3,1,0,0,0,0,1,1,0,12,9,6,4,1,2,2,1,4,1,2,3,0,3,0,0,0,0,0,2,0,1,1
2026-06-23T02:04-07:00,Tue,2,3,1,0,0,0,0,1,0,0,12,9,6,4,1,2,2,1,4,1,2,3,1,2,0,0,0,0,0,1,1,1,1
2026-06-23T02:14-07:00,Tue,2,3,1,0,0,0,0,1,0,0,12,9,6,4,1,2,2,1,4,1,2,2,2,2,0,0,0,0,0,1,1,1,1
2026-06-23T03:24-07:00,Tue,3,1,0,0,0,0,0,0,0,0,12,7,4,1,4,2,0,1,3,1,0,2,0,1,1,0,0,0,0,1,0,1,1
2026-06-23T03:34-07:00,Tue,3,1,0,0,0,0,0,0,0,0,12,6,1,1,4,2,0,1,0,1,0,2,0,1,1,0,0,0,0,1,0,1,1
2026-06-23T03:44-07:00,Tue,3,1,0,0,0,0,0,0,0,0,12,6,2,1,4,2,0,1,0,1,0,2,0,1,0,0,0,0,0,1,0,1,1
2026-06-23T03:54-07:00,Tue,3,1,0,0,0,0,0,0,0,0,12,5,2,1,4,2,0,1,1,1,0,2,0,1,0,0,0,0,0,0,0,1,1
2026-06-23T04:04-07:00,Tue,4,1,0,0,0,0,0,0,0,0,12,4,1,1,4,2,0,1,0,1,0,2,0,1,0,0,0,0,0,0,0,1,1
2026-06-23T04:15-07:00,Tue,4,1,0,0,0,0,0,0,0,0,12,4,0,1,4,2,0,1,0,0,0,2,2,1,0,0,0,0,0,0,0,1,1
2026-06-23T05:25-07:00,Tue,5,1,1,0,0,0,0,0,0,0,12,3,1,0,0,1,0,0,0,0,0,0,1,0,0,0,0,0,0,0,0,0,0
2026-06-23T05:35-07:00,Tue,5,1,1,0,0,0,0,0,0,0,12,3,1,0,0,1,0,0,0,0,0,0,1,0,0,0,0,0,0,0,0,0,0
2026-06-23T05:45-07:00,Tue,5,1,0,0,0,0,0,0,0,0,12,3,2,0,0,1,0,0,1,0,1,0,1,0,0,0,0,0,0,0,0,0,0
2026-06-23T05:55-07:00,Tue,5,1,1,0,0,0,0,0,0,0,12,2,2,0,0,1,0,0,1,0,1,0,1,0,0,0,0,0,0,0,0,0,0
2026-06-23T06:05-07:00,Tue,6,1,1,0,0,0,0,0,0,0,12,2,2,0,0,1,0,0,1,0,1,0,1,0,0,0,0,0,0,0,0,0,0
2026-06-23T06:15-07:00,Tue,6,1,1,0,0,0,0,0,0,0,12,2,5,0,0,1,1,0,1,0,1,0,1,0,0,0,0,0,0,0,0,0,0
2026-06-23T07:27-07:00,Tue,7,1,4,0,0,0,0,0,0,0,12,2,10,0,3,1,0,0,2,0,2,0,1,0,0,0,0,0,0,0,0,0,0
2026-06-23T07:37-07:00,Tue,7,1,4,0,0,0,0,0,0,0,12,2,11,0,4,1,0,0,2,0,2,0,1,0,0,0,0,0,0,0,0,0,0
2026-06-23T07:47-07:00,Tue,7,1,5,0,0,0,0,0,0,0,12,2,8,0,5,1,0,0,2,0,2,0,1,0,0,0,0,0,0,0,0,0,0
2026-06-23T07:57-07:00,Tue,7,1,7,0,1,0,0,0,0,0,12,2,7,0,5,1,0,0,2,0,2,0,1,0,0,0,0,0,0,0,0,0,0
2026-06-23T08:07-07:00,Tue,8,1,5,0,1,0,0,0,0,0,12,2,11,0,6,1,2,0,2,0,2,0,1,0,1,0,0,0,1,0,0,0,0
2026-06-23T08:17-07:00,Tue,8,1,5,0,1,0,0,0,0,0,12,2,10,0,7,1,3,0,2,0,2,0,1,0,1,0,0,0,1,0,0,0,0
2026-06-23T08:27-07:00,Tue,8,0,0,0,0,0,0,0,0,0,0,0,0,0,0,0,0,0,0,0,0,0,0,0,0,0,0,0,0,0,0,0,0
2026-06-23T08:37-07:00,Tue,8,0,0,0,0,0,0,0,0,0,0,0,0,0,0,0,0,0,0,0,0,0,0,0,0,0,0,0,0,0,0,0,0
2026-06-23T08:47-07:00,Tue,8,0,0,0,0,0,0,0,0,0,0,0,0,0,0,0,0,0,0,0,0,0,0,0,0,0,0,0,0,0,0,0,0
2026-06-23T09:04-07:00,Tue,9,1,4,0,1,0,0,0,0,0,12,3,6,0,9,1,4,0,2,0,2,0,3,0,3,0,1,0,2,0,1,0,0
2026-06-23T09:14-07:00,Tue,9,1,4,0,1,0,0,0,0,0,12,3,4,0,11,1,7,0,4,0,2,0,5,0,4,0,1,0,2,0,1,0,0
2026-06-23T09:24-07:00,Tue,9,1,5,0,2,0,0,0,0,0,12,3,4,0,12,1,9,0,4,0,2,0,5,0,5,0,1,0,2,0,1,0,0
2026-06-23T09:34-07:00,Tue,9,1,7,0,2,0,0,0,1,0,12,3,6,1,13,1,10,0,4,0,2,0,6,0,6,0,1,0,2,0,1,0,0
2026-06-23T09:44-07:00,Tue,9,1,8,0,2,0,0,0,1,0,12,3,8,1,8,1,11,0,4,0,2,0,7,0,6,0,1,0,2,0,1,0,0
2026-06-23T09:54-07:00,Tue,9,1,9,0,2,0,0,0,1,0,12,3,14,1,12,1,13,0,5,0,2,1,2,0,7,0,2,0,2,0,1,0,0
2026-06-23T11:05-07:00,Tue,11,2,14,0,6,0,0,0,9,0,12,4,19,2,20,2,11,0,7,0,4,1,3,1,6,0,6,0,6,0,6,0,0
2026-06-23T11:15-07:00,Tue,11,1,18,0,6,0,0,0,10,0,12,4,20,2,14,2,11,0,7,0,4,2,8,1,7,0,6,0,8,0,8,0,0
2026-06-23T11:25-07:00,Tue,11,1,21,0,7,0,1,0,12,0,12,4,20,2,13,2,14,0,8,0,4,2,3,1,9,0,6,0,8,0,8,0,0
2026-06-23T11:35-07:00,Tue,11,2,15,0,7,0,1,0,12,0,12,4,27,2,20,2,15,0,10,0,6,2,1,1,3,0,6,0,8,0,8,0,0
2026-06-23T11:45-07:00,Tue,11,2,16,0,7,0,1,0,13,0,12,4,28,2,26,2,16,0,10,0,6,2,0,1,4,0,6,0,10,0,9,0,0
2026-06-23T11:55-07:00,Tue,11,2,17,0,8,0,1,0,13,0,12,4,28,3,28,2,16,0,10,0,6,2,1,1,5,0,5,0,9,0,8,0,0
2026-06-23T13:06-07:00,Tue,13,4,11,0,5,0,0,0,7,0,12,6,22,4,29,3,23,0,14,0,10,2,7,1,8,0,5,0,8,1,4,0,0
2026-06-23T13:16-07:00,Tue,13,4,10,0,5,0,0,0,7,0,12,6,26,4,26,3,23,0,14,0,10,2,6,1,6,0,5,0,8,1,4,0,0
2026-06-23T13:26-07:00,Tue,13,4,10,0,7,0,0,0,9,0,12,6,31,5,23,3,22,0,15,0,10,2,8,1,9,0,7,0,11,1,7,0,0
2026-06-23T13:36-07:00,Tue,13,4,11,0,6,0,0,0,9,0,12,6,34,5,27,3,23,0,15,0,10,2,4,1,10,0,7,0,13,1,9,0,0
2026-06-23T13:46-07:00,Tue,13,4,9,0,6,0,0,0,9,0,12,6,37,6,32,3,24,1,12,0,10,2,6,1,9,0,8,1,4,1,7,0,0
2026-06-23T13:56-07:00,Tue,13,4,10,0,7,0,0,0,9,0,12,7,32,6,22,3,19,1,8,0,10,2,6,1,9,0,8,1,3,1,7,0,0
2026-06-23T15:07-07:00,Tue,15,4,19,0,8,0,0,0,9,0,12,7,23,7,20,4,22,1,14,0,11,3,1,2,10,0,6,1,5,1,10,0,0
2026-06-23T15:17-07:00,Tue,15,4,20,0,8,0,0,0,10,0,12,7,22,7,25,4,22,1,14,0,10,3,2,2,11,0,7,1,7,1,11,0,0
2026-06-23T15:27-07:00,Tue,15,4,25,0,8,0,1,0,11,0,12,7,16,7,22,4,23,1,16,1,10,3,4,2,12,0,7,1,7,2,5,0,0
2026-06-23T15:37-07:00,Tue,15,5,17,0,9,0,1,0,11,0,12,7,18,7,24,4,23,1,10,1,3,3,7,3,14,0,8,1,4,2,4,0,0
2026-06-23T15:47-07:00,Tue,15,5,18,0,9,0,1,0,12,0,12,7,17,7,24,4,25,1,12,1,5,3,7,3,6,0,6,1,2,2,2,0,0
2026-06-23T15:57-07:00,Tue,15,5,18,0,8,0,1,1,11,0,12,7,21,7,25,4,26,1,13,1,5,3,5,3,9,0,6,1,3,2,2,0,0
2026-06-23T17:07-07:00,Tue,17,5,15,0,10,0,1,1,12,0,12,7,29,7,25,5,12,1,16,1,7,3,4,3,1,0,7,1,6,2,0,0,0
2026-06-23T17:17-07:00,Tue,17,5,15,0,7,0,0,1,13,0,12,7,30,7,27,5,11,1,16,1,7,3,3,3,5,0,6,1,4,2,0,0,0
2026-06-23T17:27-07:00,Tue,17,5,15,0,7,0,0,1,12,0,12,7,30,7,30,5,11,1,17,1,8,3,6,3,6,0,7,1,5,2,1,0,0
2026-06-23T17:37-07:00,Tue,17,5,16,0,8,0,0,1,12,0,12,7,27,7,31,5,13,1,18,1,8,3,4,3,4,0,7,1,6,2,1,0,0
2026-06-23T17:48-07:00,Tue,17,5,15,0,9,0,0,1,13,0,12,7,29,8,33,5,11,1,17,1,7,3,3,3,5,0,7,1,6,2,2,0,0
2026-06-23T17:58-07:00,Tue,17,5,14,0,11,0,1,1,13,0,12,7,24,8,20,5,14,1,22,1,8,3,7,3,5,0,8,1,8,2,2,0,0
2026-06-23T19:08-07:00,Tue,19,5,23,0,13,0,2,1,14,0,12,7,26,8,24,5,17,1,25,1,3,3,5,3,9,0,14,1,7,1,3,0,0
2026-06-23T19:18-07:00,Tue,19,5,24,0,14,0,2,1,14,0,12,7,25,8,22,5,17,1,14,1,3,3,4,3,9,0,14,1,7,1,3,0,0
2026-06-23T19:28-07:00,Tue,19,5,29,0,19,0,3,1,17,0,12,7,25,8,23,5,18,1,16,1,3,2,4,3,9,0,16,1,9,1,5,0,0
2026-06-23T19:38-07:00,Tue,19,5,31,1,8,0,3,1,17,0,12,7,29,8,27,5,19,1,16,1,3,2,5,3,10,0,12,1,14,0,9,0,0
2026-06-23T19:48-07:00,Tue,19,5,25,1,8,0,3,1,17,0,12,7,36,8,31,5,19,1,16,1,3,2,2,3,9,0,10,1,12,0,9,0,0
2026-06-23T19:58-07:00,Tue,19,5,23,1,8,0,3,1,18,0,12,7,40,8,32,5,14,1,15,1,3,2,4,3,7,0,11,2,13,0,10,0,0
2026-06-23T21:09-07:00,Tue,21,6,14,0,3,0,4,2,8,0,12,8,22,9,29,5,23,1,6,1,6,2,9,3,7,1,5,2,9,0,14,0,0
2026-06-23T21:19-07:00,Tue,21,6,16,0,4,0,4,2,10,0,12,8,19,9,28,5,20,1,6,1,6,3,2,3,8,1,5,2,9,0,14,0,0
2026-06-23T21:29-07:00,Tue,21,6,17,0,6,0,6,2,11,0,12,8,17,9,27,5,19,1,6,1,6,3,4,3,11,1,9,2,9,0,15,0,0
2026-06-23T21:39-07:00,Tue,21,6,15,0,6,0,6,2,10,0,12,8,22,9,32,5,21,1,7,1,6,3,3,3,11,1,8,2,11,0,15,0,0
2026-06-23T21:49-07:00,Tue,21,6,17,0,7,0,7,2,10,0,12,8,28,9,33,5,24,1,7,1,6,3,2,3,11,1,6,2,9,0,13,0,0
2026-06-23T21:59-07:00,Tue,21,6,16,0,7,0,7,2,9,0,12,9,27,8,30,5,23,1,9,1,7,3,3,3,8,1,7,2,9,0,13,0,0
2026-06-23T23:10-07:00,Tue,23,7,14,0,7,0,8,2,12,0,12,8,22,9,17,5,11,1,5,0,8,3,1,2,6,1,4,1,3,0,11,0,0
2026-06-23T23:20-07:00,Tue,23,7,11,0,7,0,8,2,13,0,12,8,25,9,19,5,12,1,5,0,9,3,1,2,2,1,1,1,3,0,11,0,0
2026-06-23T23:30-07:00,Tue,23,7,10,0,6,0,7,2,10,0,12,8,27,9,17,5,9,1,4,0,9,2,3,2,2,1,1,0,2,1,2,0,0
2026-06-23T23:40-07:00,Tue,23,7,8,0,5,0,6,2,6,0,12,8,25,9,16,5,8,1,7,0,10,2,3,2,2,1,1,0,2,1,2,0,0
2026-06-23T23:50-07:00,Tue,23,7,9,0,5,0,6,2,7,0,12,8,19,9,11,5,8,1,7,0,10,2,2,2,1,1,1,0,2,1,2,0,0
2026-06-24T00:00-07:00,Wed,0,7,7,0,5,0,6,2,6,0,12,8,19,9,7,5,6,1,7,0,10,2,2,2,2,1,1,0,2,1,2,0,0
2026-06-24T01:10-07:00,Wed,1,5,7,0,6,0,8,2,8,0,12,7,8,6,2,4,2,1,5,0,8,2,1,2,3,0,0,0,0,1,3,0,0
2026-06-24T01:20-07:00,Wed,1,5,7,0,6,0,8,2,6,0,12,7,4,5,1,3,2,1,4,0,8,2,1,2,3,0,0,0,0,1,3,0,0
2026-06-24T01:30-07:00,Wed,1,5,6,0,6,0,4,2,5,0,12,7,5,5,1,3,3,1,5,0,9,2,0,2,0,0,0,0,0,1,2,0,0
2026-06-24T01:41-07:00,Wed,1,5,5,0,6,0,3,2,5,0,12,5,5,5,1,3,3,1,5,0,9,2,0,2,0,0,0,0,0,1,1,0,0
2026-06-24T01:51-07:00,Wed,1,4,5,0,6,0,3,2,4,0,12,5,4,5,1,3,4,1,5,0,9,2,0,2,0,0,0,0,0,1,1,0,0
2026-06-24T02:01-07:00,Wed,2,4,6,0,6,0,3,2,4,0,12,5,3,5,2,3,4,1,4,0,9,2,0,2,0,0,0,0,0,1,1,0,0
2026-06-24T03:11-07:00,Wed,3,3,2,0,0,0,0,2,3,0,12,4,1,3,0,1,4,1,0,0,8,1,0,1,3,0,1,0,0,1,0,0,0
2026-06-24T03:21-07:00,Wed,3,2,3,0,0,0,0,2,3,0,12,4,1,3,0,1,4,1,0,0,8,1,0,1,0,0,1,0,0,1,0,0,0
2026-06-24T03:31-07:00,Wed,3,2,5,0,0,0,0,1,3,0,12,4,1,3,0,1,4,1,0,0,0,1,0,0,0,0,1,0,0,1,0,0,0
2026-06-24T03:41-07:00,Wed,3,2,6,0,0,0,0,1,4,0,12,3,2,3,0,1,3,1,0,0,0,1,2,0,0,0,1,0,0,1,0,0,0
2026-06-24T03:51-07:00,Wed,3,2,7,0,0,0,0,1,4,0,12,3,1,3,0,1,2,1,0,0,0,1,3,0,0,0,1,0,0,1,0,0,0
2026-06-24T04:01-07:00,Wed,4,2,3,0,0,0,0,1,2,0,12,3,1,3,0,1,2,1,0,0,0,1,3,0,0,0,1,0,0,1,0,0,0
2026-06-24T05:12-07:00,Wed,5,1,1,0,0,0,0,1,0,0,12,2,0,1,0,0,1,1,1,0,0,1,0,0,0,0,1,0,0,0,0,0,0
2026-06-24T05:22-07:00,Wed,5,1,2,0,0,0,0,1,0,0,12,2,1,1,0,0,1,1,1,0,0,1,0,0,0,0,1,0,0,0,0,0,0
2026-06-24T05:32-07:00,Wed,5,1,2,0,0,0,0,0,1,0,12,2,2,1,0,0,1,1,1,0,0,1,0,0,0,0,1,0,0,0,0,0,0
2026-06-24T05:42-07:00,Wed,5,1,2,0,0,0,0,0,1,0,12,2,1,1,0,0,1,1,1,0,0,1,0,0,0,0,1,0,0,0,0,0,0
2026-06-24T05:52-07:00,Wed,5,1,1,0,0,0,0,0,1,0,12,2,1,1,0,0,1,1,1,0,0,1,0,0,0,0,1,0,0,0,0,0,0
2026-06-24T06:02-07:00,Wed,6,1,1,0,0,0,0,0,1,0,12,2,1,1,0,0,1,1,1,0,0,1,0,0,0,0,1,0,0,0,0,0,0
2026-06-24T07:13-07:00,Wed,7,1,2,0,0,0,0,0,1,0,12,2,4,0,2,0,0,1,0,0,1,0,0,0,0,0,1,0,0,0,0,0,0
2026-06-24T07:23-07:00,Wed,7,1,4,0,0,0,0,0,0,0,12,2,3,0,2,0,0,1,0,0,1,0,0,0,0,0,1,0,0,0,0,0,0
2026-06-24T07:33-07:00,Wed,7,1,5,0,0,0,0,0,0,0,12,2,3,0,2,0,0,1,0,0,1,0,0,0,0,0,1,0,0,0,0,0,0
2026-06-24T07:43-07:00,Wed,7,1,5,0,0,0,0,0,0,0,12,2,5,0,1,0,0,1,0,0,1,0,0,0,0,0,1,0,0,0,0,0,0
2026-06-24T07:53-07:00,Wed,7,1,4,0,0,0,0,0,0,0,12,2,7,0,1,0,0,1,0,0,1,0,0,0,0,0,1,0,0,0,0,0,0
2026-06-24T08:03-07:00,Wed,8,1,5,0,0,0,0,0,0,0,12,2,9,0,1,0,0,1,0,0,1,0,0,0,0,0,1,0,0,0,0,0,0
2026-06-24T09:14-07:00,Wed,9,1,6,0,0,0,0,0,2,0,12,3,8,0,9,0,5,1,4,0,2,0,5,0,3,0,3,0,2,0,2,0,0
2026-06-24T09:24-07:00,Wed,9,1,7,0,0,0,0,0,2,0,12,3,9,0,10,0,5,1,3,0,2,0,6,0,4,0,3,0,2,0,2,0,0
2026-06-24T09:34-07:00,Wed,9,1,7,0,0,0,0,0,2,0,12,3,11,0,12,0,7,1,4,0,2,0,7,0,4,0,3,0,2,0,2,0,0
2026-06-24T09:44-07:00,Wed,9,1,6,0,0,0,0,0,2,0,12,3,10,0,12,0,7,1,3,0,2,1,8,0,4,0,3,0,2,0,2,0,0
2026-06-24T09:54-07:00,Wed,9,1,6,0,0,0,0,0,2,0,12,3,12,1,14,0,7,1,3,0,2,1,2,0,4,0,3,0,2,0,2,0,0
2026-06-24T10:04-07:00,Wed,10,1,6,0,0,0,0,0,2,0,12,3,10,1,14,0,8,1,5,0,2,1,5,0,7,0,4,0,3,0,3,0,0
2026-06-24T11:15-07:00,Wed,11,2,18,0,4,0,1,0,7,0,12,4,19,3,19,1,6,1,7,0,4,2,6,1,4,0,9,0,7,0,6,0,0
2026-06-24T11:25-07:00,Wed,11,2,13,0,5,0,1,0,8,0,12,4,16,3,10,1,6,1,5,0,4,2,7,1,2,0,9,0,7,0,6,0,0
2026-06-24T11:35-07:00,Wed,11,2,15,0,5,0,1,0,8,0,12,4,18,3,12,1,10,1,6,0,6,2,7,1,4,0,12,0,11,0,7,0,0
2026-06-24T11:45-07:00,Wed,11,2,20,0,6,0,2,0,10,0,12,4,22,3,14,1,12,1,8,0,6,2,6,1,2,0,7,0,10,0,7,0,0
2026-06-24T11:55-07:00,Wed,11,2,21,0,6,0,2,0,10,0,12,4,22,3,18,1,14,1,8,0,6,2,7,1,1,0,7,0,9,0,7,0,0
2026-06-24T12:05-07:00,Wed,12,3,14,0,6,0,2,0,10,0,12,4,21,3,21,1,14,1,7,0,6,2,8,1,2,0,7,0,10,0,8,0,0
2026-06-24T13:16-07:00,Wed,13,3,16,0,6,0,1,1,5,0,12,6,20,4,25,2,26,1,11,0,7,3,2,1,2,1,0,0,6,1,4,0,0
2026-06-24T13:26-07:00,Wed,13,3,16,0,7,0,1,1,6,0,12,6,20,4,27,2,15,1,11,0,7,3,1,1,2,1,0,0,6,1,4,0,0
2026-06-24T13:36-07:00,Wed,13,3,19,0,7,0,1,1,6,0,12,6,23,5,27,2,19,1,11,0,7,3,2,1,3,1,1,0,7,1,4,0,0
2026-06-24T13:46-07:00,Wed,13,3,22,0,7,0,1,1,6,0,12,7,20,5,21,2,20,1,12,0,8,3,1,1,1,1,1,0,7,1,3,0,0
2026-06-24T13:56-07:00,Wed,13,3,25,0,9,0,2,1,7,0,12,7,16,5,24,2,25,1,16,0,9,3,3,1,2,1,1,0,7,1,3,0,0
2026-06-24T14:06-07:00,Wed,14,4,19,0,11,0,2,1,10,0,12,7,16,6,27,2,27,2,16,0,9,3,3,1,3,1,1,0,8,1,3,0,0
2026-06-24T15:17-07:00,Wed,15,6,15,0,11,0,2,1,5,0,12,8,24,7,23,3,20,2,10,0,11,3,3,1,6,1,3,0,12,1,5,0,0
2026-06-24T15:27-07:00,Wed,15,6,14,0,9,0,2,1,7,0,12,8,20,7,17,3,18,2,10,0,12,3,2,1,7,1,1,1,0,1,4,0,0
2026-06-24T15:37-07:00,Wed,15,6,16,0,10,0,2,1,8,0,12,8,25,7,19,3,19,2,11,0,13,3,4,1,5,1,1,1,1,1,1,0,0
2026-06-24T15:47-07:00,Wed,15,6,18,0,11,0,2,1,10,0,12,9,23,8,22,3,24,2,14,0,13,3,3,1,3,1,1,1,1,1,1,0,0
2026-06-24T15:57-07:00,Wed,15,6,22,0,13,0,2,1,8,0,12,9,21,8,30,3,26,2,17,1,15,3,4,1,3,0,1,1,3,1,1,0,0
2026-06-24T16:07-07:00,Wed,16,6,19,1,10,0,2,1,8,0,12,9,20,8,22,4,29,2,18,0,13,3,5,1,4,0,1,1,4,0,1,1,0
2026-06-24T17:17-07:00,Wed,17,5,13,1,7,0,3,1,11,0,12,8,19,8,28,4,18,3,12,0,17,2,4,1,6,0,3,1,5,0,2,0,0
2026-06-24T17:27-07:00,Wed,17,5,11,1,7,0,3,1,10,0,12,8,24,8,32,4,22,3,13,0,17,2,5,1,7,0,3,1,7,0,2,0,0
2026-06-24T17:37-07:00,Wed,17,5,15,1,7,0,3,1,9,0,12,8,28,8,37,4,19,3,10,0,16,2,8,1,6,0,3,1,7,0,2,0,0
2026-06-24T17:47-07:00,Wed,17,5,19,1,7,0,3,1,10,0,12,8,26,8,41,4,22,3,9,0,17,2,7,1,9,0,4,1,7,0,2,0,0
2026-06-24T17:58-07:00,Wed,17,5,23,1,8,0,3,1,9,0,12,8,27,8,41,4,24,3,11,0,18,2,8,1,7,0,4,1,5,0,2,0,0
2026-06-24T18:08-07:00,Wed,18,6,19,1,8,0,3,1,8,0,12,8,29,8,44,4,23,3,12,0,19,2,7,2,8,0,4,1,5,0,2,0,0
2026-06-24T19:18-07:00,Wed,19,6,11,1,7,0,3,1,4,0,12,8,50,8,59,4,36,3,18,0,21,3,1,2,3,0,4,1,6,0,7,0,0
2026-06-24T19:28-07:00,Wed,19,6,13,1,9,0,3,1,8,0,12,8,45,8,53,4,36,3,22,0,23,3,2,2,5,0,5,1,8,0,7,0,0
2026-06-24T19:38-07:00,Wed,19,6,15,1,7,0,3,1,9,0,12,8,41,8,55,4,34,3,22,0,24,3,4,2,6,0,6,1,9,0,7,0,0
2026-06-24T19:48-07:00,Wed,19,6,16,1,9,0,4,1,11,0,12,8,43,8,34,4,31,3,22,0,24,2,10,2,5,0,6,1,9,0,8,0,0
2026-06-24T19:58-07:00,Wed,19,5,19,1,10,0,5,1,11,0,12,8,43,8,35,4,31,3,16,0,24,2,11,2,7,0,7,1,9,0,7,0,0
2026-06-24T20:08-07:00,Wed,20,5,22,1,12,0,6,1,14,0,12,8,40,8,34,4,25,3,11,0,24,3,5,1,15,0,10,1,12,0,9,0,1
2026-06-24T21:19-07:00,Wed,21,5,25,1,12,0,7,1,14,0,12,8,30,8,39,4,39,3,11,0,14,3,13,3,19,0,14,2,10,0,12,0,1
2026-06-24T21:29-07:00,Wed,21,5,22,1,10,0,7,1,10,0,12,8,29,8,37,4,44,3,11,0,14,3,13,3,8,0,13,2,9,0,12,0,1
2026-06-24T21:39-07:00,Wed,21,5,20,1,8,0,5,1,8,0,12,8,26,8,42,4,48,3,12,0,12,3,11,2,9,1,7,2,11,0,13,0,1
2026-06-24T21:49-07:00,Wed,21,5,14,1,6,0,6,1,8,0,12,8,30,8,46,4,49,3,10,0,13,4,4,2,12,1,9,2,11,0,13,0,1
2026-06-24T21:59-07:00,Wed,21,5,19,1,7,0,6,1,8,0,12,8,33,8,37,4,50,3,7,0,13,4,2,2,11,1,8,2,10,0,13,0,2
2026-06-24T22:09-07:00,Wed,22,5,18,1,7,0,6,1,7,0,12,8,40,8,44,4,51,3,8,0,13,4,2,2,9,1,7,2,10,0,13,0,2
2026-06-24T23:20-07:00,Wed,23,5,15,1,7,0,6,1,10,0,12,8,26,9,21,5,18,2,8,0,12,3,5,2,4,1,2,2,5,0,9,0,2
2026-06-24T23:30-07:00,Wed,23,5,14,1,7,0,6,1,11,0,12,8,22,9,20,4,10,2,7,0,12,3,3,2,4,1,1,2,2,0,9,0,2
2026-06-24T23:40-07:00,Wed,23,5,12,1,8,0,5,1,11,0,12,8,22,9,15,4,12,2,6,0,12,3,2,2,6,1,1,2,2,0,9,0,2
2026-06-24T23:50-07:00,Wed,23,5,11,1,9,0,5,1,13,0,12,8,15,9,15,4,10,2,5,0,11,3,0,2,2,1,1,2,2,0,9,0,2
2026-06-25T00:00-07:00,Thu,0,5,10,1,7,0,6,1,15,0,12,8,8,9,16,4,9,2,3,0,11,3,1,2,2,1,1,2,1,0,9,0,2
2026-06-25T00:10-07:00,Thu,0,5,11,1,9,0,6,1,17,0,12,8,8,9,14,4,8,2,2,0,11,3,4,2,1,1,0,2,2,0,10,0,2
2026-06-25T01:21-07:00,Thu,1,4,7,1,6,0,6,1,12,0,12,6,6,7,6,3,4,2,1,0,10,2,2,2,1,0,0,2,2,0,10,0,2
2026-06-25T01:31-07:00,Thu,1,4,5,0,5,0,6,1,6,0,12,6,7,7,6,3,4,2,1,0,10,2,2,2,2,0,0,2,2,0,10,0,2
2026-06-25T01:41-07:00,Thu,1,4,5,0,3,0,0,1,6,0,12,6,3,7,6,3,5,2,1,0,10,2,2,2,2,0,0,2,3,0,10,0,2
2026-06-25T01:51-07:00,Thu,1,4,4,0,2,0,0,1,6,0,12,6,4,7,4,3,5,2,1,0,2,2,2,2,2,0,0,2,2,0,9,0,2
2026-06-25T02:01-07:00,Thu,2,4,2,0,1,0,0,1,4,0,12,6,5,7,3,3,3,0,6,1,5,2,2,1,4,0,0,2,2,0,9,0,2
2026-06-25T02:11-07:00,Thu,2,4,3,0,1,0,0,0,4,0,12,6,7,6,2,3,1,0,6,1,5,2,4,1,6,0,0,2,2,0,9,0,2
2026-06-25T03:21-07:00,Thu,3,2,2,0,0,0,0,0,2,0,12,5,2,4,3,3,3,0,6,1,3,2,3,1,2,0,0,1,0,0,9,0,2
2026-06-25T03:31-07:00,Thu,3,2,0,0,0,0,0,0,0,0,12,5,2,4,1,2,3,0,6,1,3,1,2,1,3,0,0,0,0,1,0,0,0
2026-06-25T03:41-07:00,Thu,3,2,1,0,0,0,0,0,0,0,12,5,4,4,2,2,4,0,7,1,3,1,4,1,4,0,0,0,0,1,0,0,0
2026-06-25T03:52-07:00,Thu,3,2,1,0,0,0,0,0,0,0,12,5,4,4,2,2,3,0,7,1,4,1,5,1,2,0,0,0,0,0,0,0,0
2026-06-25T04:02-07:00,Thu,4,2,1,0,0,0,0,0,1,0,12,5,5,3,2,2,3,0,7,1,3,1,7,1,0,0,0,0,0,0,0,0,0
2026-06-25T04:12-07:00,Thu,4,1,2,0,0,0,0,0,1,0,12,5,3,3,1,2,1,0,7,1,2,1,6,1,0,0,0,0,0,0,0,0,0
2026-06-25T05:22-07:00,Thu,5,1,1,0,0,0,0,0,1,0,12,4,2,2,0,1,0,0,7,1,1,1,4,1,0,0,0,0,0,0,0,0,0
2026-06-25T05:32-07:00,Thu,5,1,1,0,0,0,0,0,1,0,12,4,2,2,0,1,0,0,7,1,1,1,5,1,0,0,0,0,0,0,0,0,0
2026-06-25T05:42-07:00,Thu,5,1,1,0,0,0,0,0,1,0,12,4,1,1,0,1,0,0,7,1,1,1,1,1,0,0,0,0,0,0,0,0,0
2026-06-25T05:52-07:00,Thu,5,1,3,0,0,0,0,0,0,0,12,4,1,1,0,1,0,0,7,1,1,1,0,1,0,0,0,0,0,0,0,0,0
2026-06-25T06:02-07:00,Thu,6,1,3,0,0,0,0,0,0,0,12,4,1,0,1,1,0,0,7,1,2,1,0,1,0,0,0,0,0,0,0,0,0
2026-06-25T06:12-07:00,Thu,6,1,2,0,0,0,0,0,0,0,12,4,1,0,1,1,0,0,7,1,2,1,0,1,0,0,0,0,0,0,0,0,0
2026-06-25T07:23-07:00,Thu,7,1,2,0,0,0,0,0,0,0,12,2,7,0,4,1,2,0,8,1,1,1,2,1,1,0,1,0,1,0,0,0,0
2026-06-25T07:33-07:00,Thu,7,1,2,0,0,0,0,0,0,0,12,2,6,0,5,1,3,0,8,1,1,1,2,1,1,0,1,0,1,0,0,0,0
2026-06-25T07:43-07:00,Thu,7,1,5,0,1,0,0,0,0,0,12,2,6,0,7,1,4,0,8,1,1,1,3,1,3,0,2,0,2,0,0,0,0
2026-06-25T07:53-07:00,Thu,7,1,7,0,1,0,0,0,0,0,12,2,8,0,7,1,4,0,8,1,1,0,6,1,4,0,2,0,2,0,0,0,0
2026-06-25T08:03-07:00,Thu,8,1,7,0,1,0,0,0,0,0,12,2,6,0,6,1,3,0,8,1,1,0,6,1,3,0,2,0,2,0,0,0,0
2026-06-25T08:13-07:00,Thu,8,1,6,0,1,0,0,0,0,0,12,2,6,0,6,1,1,0,8,1,1,0,6,1,3,0,2,0,2,0,0,0,0
2026-06-25T09:24-07:00,Thu,9,1,13,0,5,0,1,0,5,0,12,2,6,1,18,1,6,0,10,1,0,0,6,1,2,0,3,0,2,0,1,0,0
2026-06-25T09:34-07:00,Thu,9,1,14,0,5,0,1,0,5,0,12,2,6,1,19,1,6,0,10,1,0,0,11,1,8,0,4,0,3,0,2,0,0
2026-06-25T09:44-07:00,Thu,9,1,19,0,7,0,2,0,6,0,12,2,11,1,22,1,8,0,10,1,0,1,6,1,8,0,5,0,3,0,2,0,0
2026-06-25T09:54-07:00,Thu,9,1,21,0,7,0,2,0,6,0,12,2,10,1,14,1,12,0,12,1,0,1,5,1,8,0,5,0,3,0,2,0,0
2026-06-25T10:04-07:00,Thu,10,1,25,0,8,0,2,0,8,0,12,2,10,1,12,1,12,0,12,1,0,1,4,1,9,0,6,0,3,0,2,0,0
2026-06-25T10:14-07:00,Thu,10,1,27,0,9,0,2,0,9,0,12,2,9,1,13,1,13,0,12,1,0,1,6,1,10,0,7,0,4,0,3,0,0
2026-06-25T11:25-07:00,Thu,11,3,28,0,10,0,2,0,9,0,12,3,24,2,20,2,16,0,10,1,3,1,5,2,2,0,5,0,3,1,2,0,0
2026-06-25T11:35-07:00,Thu,11,3,21,0,9,0,1,0,8,0,12,3,26,2,18,2,19,0,10,1,3,1,4,2,2,0,7,0,6,1,5,0,0
2026-06-25T11:45-07:00,Thu,11,3,24,0,11,0,1,0,10,0,12,3,32,2,24,2,24,0,11,1,3,1,7,2,2,0,7,0,6,1,5,0,0
2026-06-25T11:55-07:00,Thu,11,4,21,0,11,0,1,0,11,0,12,3,34,2,27,2,27,0,11,1,2,1,7,2,3,0,7,0,8,1,7,0,0
2026-06-25T12:05-07:00,Thu,12,4,26,0,11,0,1,0,12,0,12,4,30,2,34,2,32,1,4,0,2,1,7,2,4,0,8,0,10,1,9,0,0
2026-06-25T12:15-07:00,Thu,12,4,28,0,11,0,1,0,12,0,12,4,26,2,32,2,22,1,4,0,2,1,6,2,5,0,8,0,10,1,5,0,0
2026-06-25T13:26-07:00,Thu,13,5,27,0,14,0,2,1,14,0,12,6,46,3,42,3,29,1,18,0,8,1,9,3,1,0,4,0,11,1,8,0,0
2026-06-25T13:36-07:00,Thu,13,6,21,0,15,0,3,1,14,0,12,6,36,3,48,3,34,1,18,0,8,1,12,3,3,0,6,0,10,1,9,0,0
2026-06-25T13:46-07:00,Thu,13,6,21,0,17,0,5,1,14,0,12,6,43,3,48,3,33,1,19,0,9,2,15,3,5,0,5,0,9,1,7,0,0
2026-06-25T13:56-07:00,Thu,13,6,22,0,17,0,5,1,14,0,12,6,46,3,49,3,32,2,19,0,9,2,8,3,7,0,5,0,10,1,9,0,0
2026-06-25T14:06-07:00,Thu,14,6,20,0,16,0,5,1,14,0,12,6,54,3,51,4,30,2,9,0,9,2,7,3,7,0,5,1,8,1,9,0,0
2026-06-25T14:16-07:00,Thu,14,6,23,0,17,0,4,1,13,0,12,6,57,3,53,4,19,2,6,0,9,2,2,3,4,0,5,1,2,1,8,0,0
2026-06-25T14:26-07:00,Thu,14,6,22,0,18,0,6,1,15,0,12,6,63,3,57,4,19,2,6,0,9,2,4,3,4,0,5,1,4,1,10,0,0
2026-06-25T14:36-07:00,Thu,14,6,20,0,19,0,7,1,17,0,12,6,72,3,58,4,16,2,5,0,8,2,4,3,5,0,6,1,4,1,10,0,0
2026-06-25T14:46-07:00,Thu,14,6,22,1,20,0,7,1,19,0,12,6,77,3,55,4,18,2,6,0,8,2,1,3,3,0,6,1,2,1,8,0,0
2026-06-25T14:56-07:00,Thu,14,6,17,1,9,0,7,1,15,0,12,7,67,4,56,4,18,2,6,0,7,2,4,3,3,0,6,1,2,1,8,0,0
2026-06-25T15:06-07:00,Thu,15,6,16,1,8,0,8,1,16,0,12,7,43,4,33,4,17,2,7,0,8,2,3,3,3,0,7,1,3,1,4,0,0
2026-06-25T15:16-07:00,Thu,15,6,18,1,10,0,9,1,16,0,12,7,36,4,38,4,15,2,6,0,8,2,6,3,5,0,7,1,3,1,3,0,0
2026-06-25T16:27-07:00,Thu,16,5,13,1,7,0,9,2,12,0,12,8,40,6,41,5,21,2,10,0,13,2,9,3,7,0,4,1,5,1,2,0,0
2026-06-25T16:37-07:00,Thu,16,5,15,1,4,0,9,2,12,0,12,8,36,7,31,5,24,2,11,0,14,2,11,3,9,0,4,1,6,1,3,0,0
2026-06-25T16:47-07:00,Thu,16,5,15,1,5,0,9,2,12,0,12,8,37,7,33,5,21,2,10,0,14,2,7,3,10,0,5,1,6,1,3,0,0
2026-06-25T16:57-07:00,Thu,16,5,17,1,7,0,10,2,14,0,12,8,35,7,37,5,20,2,8,0,14,2,8,3,12,0,5,1,7,1,3,0,0
2026-06-25T17:07-07:00,Thu,17,5,19,1,10,0,11,2,16,0,12,8,39,7,37,5,22,2,12,1,15,2,6,3,13,0,5,1,8,1,1,0,0
2026-06-25T17:17-07:00,Thu,17,5,20,1,10,0,11,2,16,0,12,8,41,7,38,5,25,2,15,0,4,2,9,3,14,0,6,1,9,1,2,0,0
2026-06-25T18:28-07:00,Thu,18,4,26,1,15,0,13,2,14,0,12,8,39,8,37,5,24,2,25,0,4,2,7,4,5,0,11,1,11,1,5,0,0
2026-06-25T18:38-07:00,Thu,18,4,31,1,17,0,13,2,14,0,12,8,36,8,46,5,29,2,28,0,5,2,14,4,11,0,15,2,14,1,6,0,0
2026-06-25T18:48-07:00,Thu,18,4,38,1,19,0,14,2,15,0,12,8,37,9,51,5,31,2,30,0,6,2,16,4,8,0,16,2,8,1,10,0,0
2026-06-25T18:58-07:00,Thu,18,5,43,1,20,0,14,2,15,0,12,8,31,9,38,5,34,2,32,0,5,2,14,4,10,0,18,2,12,1,11,0,0
2026-06-25T19:08-07:00,Thu,19,5,33,1,20,0,15,2,13,0,12,8,27,9,36,5,34,2,32,0,6,3,6,4,12,1,5,2,11,1,12,0,0
2026-06-25T19:18-07:00,Thu,19,5,31,1,20,0,14,2,13,0,12,8,34,9,40,5,34,2,31,0,5,3,6,4,14,1,5,2,11,1,7,0,0
2026-06-25T20:28-07:00,Thu,20,6,29,1,9,1,5,2,11,0,12,9,24,9,37,6,38,2,20,0,6,2,8,4,22,0,13,2,12,1,9,0,0
2026-06-25T20:38-07:00,Thu,20,6,16,1,10,1,5,2,14,0,12,9,23,9,38,6,33,2,18,0,6,2,10,4,24,0,14,2,6,1,6,0,0
2026-06-25T20:49-07:00,Thu,20,6,17,1,14,1,7,2,17,0,12,9,26,9,26,6,36,2,19,0,6,2,2,4,9,0,12,2,4,1,6,0,0
2026-06-25T20:59-07:00,Thu,20,6,19,1,14,1,6,2,16,0,12,9,27,9,26,5,21,2,17,0,7,2,6,4,11,1,4,2,7,1,5,0,0
2026-06-25T21:09-07:00,Thu,21,6,24,1,17,1,7,2,17,0,12,9,30,9,30,5,19,2,19,0,8,2,4,4,7,1,4,2,6,1,5,0,0
2026-06-25T21:19-07:00,Thu,21,6,29,1,20,1,7,2,18,0,12,9,36,9,33,5,18,2,17,0,8,2,8,4,8,1,4,2,9,1,5,0,0
2026-06-25T22:29-07:00,Thu,22,6,17,1,25,1,15,2,16,0,12,9,17,9,15,5,12,2,9,0,8,2,7,4,7,0,9,2,9,1,10,0,0
2026-06-25T22:39-07:00,Thu,22,6,14,1,23,1,12,2,14,0,12,9,23,9,19,5,15,2,11,0,10,2,6,4,8,0,9,2,8,1,10,0,0
2026-06-25T22:49-07:00,Thu,22,6,10,1,19,1,12,2,11,0,12,9,21,9,20,5,16,2,12,0,11,2,6,4,8,0,11,2,9,1,10,0,0
2026-06-25T22:59-07:00,Thu,22,6,12,1,19,1,12,2,9,0,12,9,27,9,19,5,18,2,11,0,11,2,9,4,13,0,12,2,11,1,9,0,0
2026-06-25T23:09-07:00,Thu,23,6,11,1,13,1,10,2,9,0,12,9,25,9,16,5,12,2,8,0,10,2,6,4,11,0,12,2,9,1,8,0,0
2026-06-25T23:20-07:00,Thu,23,6,12,1,11,1,9,2,9,0,12,9,15,9,7,5,10,2,5,0,10,2,2,4,3,1,7,2,9,1,8,0,0
2026-06-26T00:30-07:00,Fri,0,5,7,0,4,1,4,2,7,0,12,9,9,8,7,5,6,2,4,0,11,2,2,3,0,1,5,2,0,1,6,0,0
2026-06-26T00:40-07:00,Fri,0,5,6,0,4,1,4,2,7,0,12,8,7,7,11,5,9,2,5,0,12,2,3,3,0,0,0,2,1,1,6,0,0
2026-06-26T00:50-07:00,Fri,0,5,6,0,4,1,4,2,6,0,12,8,6,7,9,5,9,2,4,0,12,2,5,3,0,0,0,2,1,1,1,0,0
2026-06-26T01:00-07:00,Fri,1,5,8,0,2,1,2,2,4,0,12,8,5,7,7,5,7,2,3,0,11,2,5,3,0,0,0,2,1,1,1,0,0
2026-06-26T01:10-07:00,Fri,1,5,8,0,1,1,2,2,3,0,12,7,7,7,7,4,7,2,4,0,11,2,2,3,0,0,0,2,2,1,1,0,0
2026-06-26T01:20-07:00,Fri,1,5,3,0,0,1,2,2,3,0,12,7,6,7,8,4,4,2,4,0,11,2,0,3,0,0,0,2,2,1,1,0,0
2026-06-26T02:31-07:00,Fri,2,4,0,0,0,1,0,1,5,0,12,6,2,5,3,3,3,2,2,0,11,2,0,3,0,0,0,1,2,1,1,0,0
2026-06-26T02:41-07:00,Fri,2,4,0,0,0,1,0,1,3,0,12,6,3,5,2,2,3,2,2,0,11,2,0,3,0,0,0,1,0,1,1,0,0
2026-06-26T02:51-07:00,Fri,2,3,0,0,0,1,1,1,3,0,12,6,3,5,2,2,3,2,2,0,11,1,3,2,0,0,0,1,0,1,1,0,0
2026-06-26T03:01-07:00,Fri,3,2,0,0,0,1,1,1,3,0,12,6,3,5,3,2,4,2,2,0,11,1,1,2,0,0,0,1,1,1,2,0,0
2026-06-26T03:11-07:00,Fri,3,2,0,0,0,1,1,1,2,0,12,5,3,5,3,2,3,2,2,0,11,1,1,2,0,0,0,1,2,1,2,0,0
2026-06-26T03:21-07:00,Fri,3,2,1,0,0,1,1,1,2,0,12,5,3,5,3,2,3,2,2,0,11,1,1,2,0,0,0,1,2,1,2,0,0
2026-06-26T04:32-07:00,Fri,4,2,6,0,0,1,0,1,0,0,12,3,2,4,1,1,4,0,2,1,0,1,0,1,0,0,0,0,0,1,0,0,0
2026-06-26T04:42-07:00,Fri,4,2,6,0,0,1,0,1,0,0,12,3,3,3,2,1,4,0,2,1,0,1,0,1,0,0,0,0,0,1,0,0,0
2026-06-26T04:52-07:00,Fri,4,2,4,0,0,1,0,1,0,0,12,3,2,3,2,1,4,0,2,1,0,1,0,1,1,0,0,0,0,1,0,0,0
2026-06-26T05:02-07:00,Fri,5,2,4,0,0,1,0,1,0,0,12,3,1,3,1,1,3,0,2,1,0,1,0,1,1,0,0,0,0,1,0,0,0
2026-06-26T05:12-07:00,Fri,5,2,4,0,0,1,0,1,0,0,12,3,1,2,1,1,3,0,2,1,0,1,0,1,1,0,0,0,0,1,0,0,0
2026-06-26T05:22-07:00,Fri,5,2,4,0,0,1,0,1,0,0,12,3,1,2,1,1,4,0,2,1,0,0,0,1,1,0,0,0,0,1,0,0,0
2026-06-26T05:32-07:00,Fri,5,2,5,0,0,1,0,1,0,0,12,2,1,2,1,1,4,0,2,0,0,0,0,1,1,0,0,0,0,1,0,0,0
2026-06-26T05:42-07:00,Fri,5,2,3,0,0,1,0,1,0,0,12,2,3,1,1,1,4,0,2,0,0,0,0,1,1,0,0,0,0,1,0,0,0
2026-06-26T05:52-07:00,Fri,5,1,4,0,0,0,0,0,0,0,12,2,4,1,2,1,4,0,2,0,0,0,0,1,0,0,0,0,0,1,0,0,0
2026-06-26T06:02-07:00,Fri,6,1,4,0,0,0,0,0,0,0,12,2,3,1,2,1,2,0,0,0,0,0,0,1,0,0,0,0,0,1,0,0,0
2026-06-26T06:12-07:00,Fri,6,1,4,0,0,0,0,0,0,0,12,2,2,1,4,1,3,0,0,0,0,0,0,1,0,0,0,0,0,1,0,0,0
2026-06-26T06:22-07:00,Fri,6,1,4,0,0,0,0,0,0,0,12,2,3,1,5,1,2,0,0,0,0,0,0,1,0,0,0,0,0,1,0,0,0
2026-06-26T07:33-07:00,Fri,7,1,7,0,0,0,0,0,0,0,12,2,3,0,7,1,6,0,2,0,2,0,0,1,0,0,0,0,0,1,0,0,0
2026-06-26T07:43-07:00,Fri,7,1,7,0,0,0,0,0,0,0,12,2,2,0,7,1,6,0,2,0,2,0,0,1,0,0,0,0,0,1,0,0,0
2026-06-26T07:53-07:00,Fri,7,1,7,0,0,0,0,0,0,0,12,2,5,0,8,1,6,0,2,0,2,0,0,1,0,0,0,0,0,1,0,0,0
2026-06-26T08:03-07:00,Fri,8,1,8,0,0,0,0,0,0,0,12,2,6,0,9,1,6,0,2,0,2,0,0,1,0,0,0,0,0,1,0,0,0
2026-06-26T08:13-07:00,Fri,8,1,8,0,0,0,0,0,0,0,12,2,7,0,9,1,5,0,2,0,2,0,0,0,0,0,0,0,0,0,0,0,0
2026-06-26T08:23-07:00,Fri,8,1,8,0,0,0,0,0,0,0,12,2,7,0,7,1,4,0,2,0,2,0,0,0,0,0,0,0,0,0,0,0,0
2026-06-26T09:34-07:00,Fri,9,2,5,0,2,0,0,0,3,0,12,2,8,0,12,1,12,0,7,0,3,0,7,0,4,0,0,0,0,0,0,0,0
2026-06-26T09:44-07:00,Fri,9,2,7,0,3,0,1,0,3,0,12,2,9,0,14,1,13,0,7,0,3,0,8,0,5,0,0,0,0,0,0,0,0
2026-06-26T09:54-07:00,Fri,9,2,9,0,3,0,1,0,2,0,12,2,12,0,17,1,14,0,7,0,3,0,8,0,5,0,0,0,0,0,0,0,0
2026-06-26T10:04-07:00,Fri,10,2,12,0,4,0,1,0,3,0,12,2,13,0,17,1,16,0,7,0,3,1,10,0,6,0,0,0,0,0,0,0,0
2026-06-26T10:14-07:00,Fri,10,2,14,0,7,0,1,0,5,0,12,2,15,0,22,2,15,0,9,0,3,1,2,0,6,0,0,0,0,0,0,0,0
2026-06-26T10:24-07:00,Fri,10,2,12,0,6,0,1,0,5,0,12,2,16,1,25,2,13,0,10,0,4,1,4,0,8,0,3,0,2,0,2,0,0
2026-06-26T11:35-07:00,Fri,11,3,20,0,15,0,4,0,11,0,12,3,24,2,19,2,8,1,6,0,5,1,3,0,9,0,3,0,5,0,3,0,0
2026-06-26T11:45-07:00,Fri,11,3,21,0,16,0,4,0,11,0,12,3,27,2,20,2,12,1,9,0,5,1,4,0,11,0,3,0,5,0,3,0,0
2026-06-26T11:55-07:00,Fri,11,3,24,0,17,0,4,0,12,0,12,3,24,2,23,2,14,1,11,0,6,1,5,0,15,0,3,0,4,0,4,0,0
2026-06-26T12:05-07:00,Fri,12,3,23,0,18,0,4,0,12,0,12,3,27,3,26,2,15,1,13,0,6,1,7,0,16,0,2,0,6,0,6,0,0
2026-06-26T12:15-07:00,Fri,12,3,27,0,18,0,5,0,11,0,12,4,25,3,20,2,21,1,15,0,6,1,3,1,4,0,2,0,7,0,7,0,1
2026-06-26T12:25-07:00,Fri,12,3,29,0,18,0,6,0,13,0,12,4,30,3,22,2,22,2,9,0,6,1,5,1,4,0,2,0,7,0,7,0,1
2026-06-26T13:35-07:00,Fri,13,3,26,1,7,0,7,0,13,0,12,6,35,4,59,2,35,2,17,0,12,2,6,2,7,0,5,0,10,0,10,1,1
2026-06-26T13:45-07:00,Fri,13,3,29,1,9,0,7,0,14,0,12,8,42,4,54,3,36,2,14,0,12,2,5,2,7,0,7,1,5,0,9,1,1
2026-06-26T13:55-07:00,Fri,13,3,28,1,10,0,7,0,15,0,12,7,33,5,57,3,35,2,14,0,12,2,6,2,7,0,4,1,3,0,9,1,1
2026-06-26T14:05-07:00,Fri,14,3,29,1,11,0,8,1,15,0,12,7,38,5,44,3,32,2,13,0,11,2,12,2,11,0,5,1,6,0,11,1,1
2026-06-26T14:16-07:00,Fri,14,3,30,1,12,0,8,1,8,0,12,7,44,5,31,3,32,2,15,0,12,2,9,2,12,0,6,1,6,0,11,1,2
2026-06-26T14:26-07:00,Fri,14,3,27,1,11,0,8,1,9,0,12,8,28,6,34,3,27,2,14,0,14,2,13,2,14,0,6,1,6,0,11,1,2
2026-06-26T15:36-07:00,Fri,15,4,24,1,10,0,9,1,8,0,12,10,36,8,33,4,28,2,12,0,11,3,17,4,11,0,5,2,2,0,6,1,0
2026-06-26T15:46-07:00,Fri,15,4,22,1,10,0,9,1,9,0,12,10,44,8,40,4,33,2,12,0,11,3,10,5,3,0,5,2,3,0,7,1,0
2026-06-26T15:56-07:00,Fri,15,4,22,1,9,0,8,1,9,0,12,10,53,8,42,4,39,2,14,0,11,3,9,5,6,0,6,2,4,0,7,1,0
2026-06-26T16:06-07:00,Fri,16,4,22,1,10,0,9,1,9,0,12,10,60,8,59,5,42,2,18,0,13,3,6,5,6,0,6,2,5,0,7,1,0
2026-06-26T16:16-07:00,Fri,16,4,20,1,10,0,11,1,9,0,12,10,61,8,58,5,39,2,15,0,13,3,7,5,9,0,6,2,5,0,7,1,0
2026-06-26T16:26-07:00,Fri,16,4,22,1,10,0,11,1,9,0,12,10,66,9,50,5,40,2,16,0,14,3,10,5,9,0,7,2,7,0,9,1,0
2026-06-26T17:37-07:00,Fri,17,5,27,1,19,0,14,1,5,0,12,10,75,10,75,5,52,2,22,0,19,3,4,6,3,0,6,2,3,0,9,1,2
2026-06-26T17:47-07:00,Fri,17,5,24,1,17,0,13,1,4,0,12,10,82,10,76,5,49,2,23,0,19,3,2,6,4,0,6,2,5,0,9,1,2
2026-06-26T17:57-07:00,Fri,17,5,28,1,19,0,15,1,6,0,12,10,90,10,81,5,57,2,25,0,19,3,2,6,3,0,7,2,7,0,10,1,2
2026-06-26T18:07-07:00,Fri,18,5,26,1,15,1,5,1,7,0,12,10,97,10,85,5,57,2,25,0,19,3,3,5,2,0,11,2,9,0,10,1,2
2026-06-26T18:17-07:00,Fri,18,5,27,1,16,1,9,1,8,0,12,10,92,10,85,5,60,2,26,0,18,3,4,5,4,0,13,2,10,0,14,1,2
2026-06-26T18:27-07:00,Fri,18,5,26,0,18,1,8,1,7,0,12,10,98,10,89,5,67,2,30,0,19,3,4,5,7,0,13,2,12,0,14,1,2
2026-06-26T19:38-07:00,Fri,19,6,31,0,18,1,7,1,5,0,12,10,60,10,46,5,39,2,34,0,23,3,4,5,5,0,8,2,6,1,5,1,2
2026-06-26T19:48-07:00,Fri,19,6,34,0,19,1,7,1,5,0,12,10,44,10,48,5,37,2,30,0,23,3,9,5,6,0,8,2,8,1,5,1,2
2026-06-26T19:58-07:00,Fri,19,6,32,0,20,1,8,1,5,0,12,10,51,10,52,5,36,2,26,0,23,3,10,5,12,0,10,2,10,1,6,1,1
2026-06-26T20:08-07:00,Fri,20,6,31,0,18,1,6,1,5,0,12,10,53,10,49,5,37,2,26,0,23,4,9,5,16,0,10,2,7,1,6,1,1
2026-06-26T20:18-07:00,Fri,20,6,32,0,17,1,4,1,4,0,12,10,48,10,37,5,34,2,27,0,23,4,12,5,16,1,12,2,10,1,8,1,2
2026-06-26T20:28-07:00,Fri,20,6,33,0,18,1,4,1,4,0,12,10,46,10,46,5,34,2,27,0,23,5,13,6,12,1,6,2,12,1,6,1,2
2026-06-26T21:39-07:00,Fri,21,7,30,1,20,1,6,0,7,0,12,10,47,10,41,5,22,2,18,1,7,5,3,7,7,1,12,3,7,1,11,1,3
2026-06-26T21:49-07:00,Fri,21,7,31,1,20,1,6,0,7,0,12,10,51,10,40,5,18,2,13,1,5,5,5,7,15,1,8,3,11,1,14,1,3
2026-06-26T21:59-07:00,Fri,21,7,35,1,24,1,7,0,10,0,12,10,51,10,46,5,13,2,14,1,5,5,6,7,19,1,9,3,12,1,14,1,3
2026-06-26T22:09-07:00,Fri,22,7,33,1,23,1,6,0,11,0,12,10,58,10,52,5,18,2,17,1,7,5,8,7,14,1,4,3,12,1,15,1,4
2026-06-26T22:19-07:00,Fri,22,7,36,1,27,1,8,0,12,0,12,10,60,10,53,5,20,2,18,1,8,5,8,7,13,1,6,3,12,1,15,1,4
2026-06-26T22:29-07:00,Fri,22,7,38,1,24,1,10,0,13,0,12,10,48,10,49,5,19,2,19,1,10,5,6,7,13,1,7,3,15,2,16,1,5
2026-06-26T23:39-07:00,Fri,23,8,24,1,10,1,9,0,11,0,12,10,19,10,16,5,8,2,15,1,9,4,7,7,4,1,0,4,3,1,2,1,5
2026-06-26T23:49-07:00,Fri,23,8,23,1,12,1,10,0,11,0,12,10,19,10,11,5,7,2,14,1,8,5,14,7,3,1,1,4,3,1,2,1,5
2026-06-26T23:59-07:00,Fri,23,8,23,1,15,1,12,0,14,0,12,10,16,10,11,5,9,2,18,1,7,5,3,7,2,1,0,4,4,1,2,1,5
2026-06-27T00:09-07:00,Sat,0,8,21,1,14,1,12,0,14,0,12,10,10,10,8,5,4,2,15,1,1,5,2,7,3,1,0,4,6,1,3,1,5
2026-06-27T00:19-07:00,Sat,0,8,18,1,13,1,10,0,13,0,12,10,7,10,6,5,5,2,14,1,1,5,2,6,4,1,2,4,7,1,1,1,5
2026-06-27T00:29-07:00,Sat,0,8,17,1,11,1,10,0,12,0,12,10,7,10,4,5,5,2,13,1,1,5,0,6,2,1,1,4,3,1,1,1,5
2026-06-27T00:40-07:00,Sat,0,8,14,1,9,1,9,0,11,0,12,10,9,9,9,4,3,2,9,1,1,4,2,6,2,1,1,4,3,0,1,1,5
2026-06-27T00:50-07:00,Sat,0,8,12,1,9,1,8,0,11,0,12,10,10,9,6,4,4,2,7,1,0,4,4,5,2,1,1,4,2,0,0,1,5
2026-06-27T01:00-07:00,Sat,1,8,11,1,7,1,8,0,11,0,12,10,9,8,7,4,3,2,4,1,0,3,6,5,0,1,0,4,1,0,0,1,5
2026-06-27T01:10-07:00,Sat,1,7,11,1,6,1,9,0,11,0,12,10,8,8,5,4,4,2,5,0,1,3,6,5,0,1,0,4,1,0,0,1,5
2026-06-27T01:20-07:00,Sat,1,7,10,1,6,1,9,0,10,0,12,10,10,8,4,4,3,2,2,0,1,3,4,5,1,1,0,4,1,0,0,1,5
2026-06-27T01:30-07:00,Sat,1,6,10,1,5,1,9,0,10,0,12,9,10,8,4,4,2,2,2,0,1,3,4,5,1,0,0,3,1,0,0,1,5
2026-06-27T02:40-07:00,Sat,2,6,6,1,2,1,4,0,0,0,12,5,4,6,4,3,6,2,3,0,3,3,1,4,0,0,0,2,0,0,0,1,5
2026-06-27T02:50-07:00,Sat,2,6,3,1,3,1,4,0,0,0,12,5,5,6,5,3,6,2,3,0,4,3,4,4,2,0,0,2,0,0,0,1,5
2026-06-27T03:00-07:00,Sat,3,6,3,1,4,1,5,0,0,0,12,5,2,6,3,3,6,2,3,0,4,3,3,3,0,0,0,2,0,0,0,1,5
2026-06-27T03:11-07:00,Sat,3,6,2,1,4,1,2,0,0,0,12,5,3,4,3,3,6,2,2,0,4,3,4,3,1,0,0,1,0,0,0,1,5
2026-06-27T03:21-07:00,Sat,3,6,1,1,2,1,2,0,0,0,12,5,3,3,3,3,6,2,2,0,4,3,4,3,1,0,0,1,0,0,0,1,5
2026-06-27T03:31-07:00,Sat,3,6,0,1,1,1,2,0,0,0,12,5,3,3,3,2,7,2,2,0,4,2,5,2,0,0,0,1,0,0,0,1,5
2026-06-27T04:41-07:00,Sat,4,4,1,0,0,1,0,0,0,0,12,4,5,2,2,2,2,0,0,0,4,2,1,1,1,0,0,1,0,0,0,1,0
2026-06-27T04:51-07:00,Sat,4,4,1,0,0,1,0,0,0,0,12,4,4,2,2,2,2,0,0,0,4,2,1,1,1,0,0,1,0,0,0,1,0
2026-06-27T05:01-07:00,Sat,5,4,1,0,0,1,0,0,0,0,12,4,3,2,4,2,3,0,0,0,4,1,3,1,1,0,0,0,0,0,0,1,0
2026-06-27T05:11-07:00,Sat,5,4,1,0,0,1,0,0,0,0,12,3,2,2,3,2,2,0,0,0,4,1,3,1,1,0,0,0,0,0,0,1,0
2026-06-27T05:21-07:00,Sat,5,4,0,0,0,1,0,0,0,0,12,3,1,2,2,2,3,0,0,0,4,1,3,1,0,0,0,0,0,0,0,1,0
2026-06-27T05:31-07:00,Sat,5,4,1,0,0,1,0,0,0,0,12,2,5,2,4,2,5,0,0,0,4,1,3,1,0,0,0,0,0,0,0,1,0
2026-06-27T06:42-07:00,Sat,6,2,4,0,0,0,0,0,0,0,12,2,3,2,4,2,3,0,0,0,5,1,1,0,1,0,1,0,1,0,1,0,1
2026-06-27T06:52-07:00,Sat,6,2,3,0,0,0,0,0,0,0,12,2,3,2,3,2,3,0,0,0,5,1,2,0,1,0,1,0,1,0,1,0,1
2026-06-27T07:02-07:00,Sat,7,2,3,0,0,0,0,0,0,0,12,2,2,1,3,2,4,0,0,0,5,1,2,0,1,0,1,0,1,0,1,0,1
2026-06-27T07:12-07:00,Sat,7,2,3,0,0,0,0,0,0,0,12,2,6,1,3,2,5,0,0,0,5,1,3,0,1,0,1,0,1,0,1,0,1
2026-06-27T07:22-07:00,Sat,7,2,4,0,0,0,0,0,0,0,12,2,5,1,2,2,5,0,0,0,5,1,3,0,1,0,1,0,1,0,1,0,1
2026-06-27T07:32-07:00,Sat,7,2,3,0,0,0,0,0,0,0,12,2,6,1,3,2,6,0,1,0,6,1,1,0,1,0,1,0,1,0,1,0,1
2026-06-27T08:43-07:00,Sat,8,2,3,0,1,0,1,0,1,0,12,2,6,1,3,2,6,0,3,0,6,0,8,0,1,0,0,0,0,0,0,0,0
2026-06-27T08:53-07:00,Sat,8,2,3,0,1,0,1,0,1,0,12,2,13,1,6,2,9,0,4,0,7,0,11,0,2,0,0,0,0,0,0,0,0
2026-06-27T09:03-07:00,Sat,9,2,4,0,3,0,1,0,2,0,12,2,14,1,8,2,11,0,5,0,7,1,13,0,2,0,0,0,0,0,0,0,0
2026-06-27T09:13-07:00,Sat,9,2,6,0,3,0,1,0,2,0,12,2,8,1,9,2,12,0,6,0,7,1,4,0,3,0,0,0,0,0,0,0,0
2026-06-27T09:23-07:00,Sat,9,2,9,0,3,0,1,0,2,0,12,2,12,1,10,2,12,0,7,0,7,1,5,0,4,0,1,0,1,0,1,0,1
2026-06-27T09:33-07:00,Sat,9,2,10,0,3,0,1,0,3,0,12,3,16,1,11,2,11,0,7,0,7,1,6,0,9,0,1,0,1,0,1,0,1
2026-06-27T10:44-07:00,Sat,10,2,18,0,5,0,3,0,4,0,12,4,23,1,24,2,19,0,17,0,11,1,7,1,2,0,2,0,1,0,1,0,1
2026-06-27T10:54-07:00,Sat,10,2,19,0,6,0,3,0,4,0,12,4,31,2,27,2,21,1,18,0,11,1,7,1,2,0,2,0,1,0,1,0,1
2026-06-27T11:04-07:00,Sat,11,2,20,0,6,0,3,0,4,0,12,4,42,2,24,2,20,1,10,0,11,1,7,1,2,0,2,0,1,0,1,0,1
2026-06-27T11:14-07:00,Sat,11,2,21,0,6,0,3,0,4,0,12,5,28,2,19,2,18,1,10,0,11,1,9,1,2,0,2,0,1,0,1,0,1
2026-06-27T11:24-07:00,Sat,11,2,26,0,8,0,3,0,5,0,12,5,37,2,24,2,18,1,13,0,13,2,0,1,2,0,2,0,1,0,1,0,1
2026-06-27T11:34-07:00,Sat,11,2,27,0,8,0,3,0,5,0,12,5,41,2,33,2,23,1,14,0,15,1,3,1,2,0,2,0,1,0,1,0,1
2026-06-27T12:44-07:00,Sat,12,3,30,0,12,0,5,0,9,0,12,8,38,4,27,3,31,1,16,0,19,2,3,2,5,0,7,0,9,0,5,0,2
2026-06-27T12:54-07:00,Sat,12,4,33,0,13,0,5,0,11,0,12,8,33,5,25,4,21,1,17,0,19,2,2,2,6,0,7,0,9,0,5,0,2
2026-06-27T13:04-07:00,Sat,13,4,28,0,15,0,5,0,11,0,12,8,31,5,26,4,22,1,16,0,19,2,2,2,3,0,6,0,9,0,6,0,2
2026-06-27T13:14-07:00,Sat,13,4,28,0,13,0,4,0,12,0,12,8,30,5,30,4,20,1,16,0,19,2,5,2,6,0,6,0,9,0,6,0,2
2026-06-27T13:24-07:00,Sat,13,4,32,1,18,0,7,0,13,0,12,8,35,5,32,4,19,1,17,1,4,2,10,2,6,0,6,1,2,0,7,0,2
2026-06-27T13:34-07:00,Sat,13,4,29,1,12,0,8,0,13,0,12,9,41,6,30,4,19,1,12,1,4,2,10,1,8,0,0,0,1,1,1,0,2
2026-06-27T14:45-07:00,Sat,14,5,32,1,13,0,11,1,9,0,12,9,27,6,37,4,28,1,18,1,10,3,3,2,12,0,3,0,5,1,5,0,1
2026-06-27T14:55-07:00,Sat,14,5,31,1,13,0,11,1,9,0,12,9,24,6,37,4,28,2,12,1,10,3,2,2,13,0,2,0,5,1,5,0,1
2026-06-27T15:05-07:00,Sat,15,5,30,1,13,0,11,1,9,0,12,9,30,6,45,4,29,2,7,1,10,3,2,3,2,0,3,0,6,1,5,0,1
2026-06-27T15:15-07:00,Sat,15,5,29,1,11,0,10,1,7,0,12,9,35,6,45,4,31,2,10,1,8,2,3,3,4,0,3,0,6,1,1,0,1
2026-06-27T15:25-07:00,Sat,15,5,32,1,12,0,11,1,8,0,12,9,31,6,45,4,34,2,11,1,8,2,4,3,5,0,4,0,6,1,1,0,1
2026-06-27T15:35-07:00,Sat,15,5,25,1,13,0,13,1,7,0,12,9,34,6,52,4,40,2,14,1,9,2,4,3,5,0,4,0,6,1,1,0,1
2026-06-27T15:45-07:00,Sat,15,5,26,1,14,0,13,1,8,0,12,9,38,6,59,4,42,2,13,1,8,2,6,3,6,0,4,0,7,1,1,0,1
2026-06-27T15:55-07:00,Sat,15,6,26,1,15,0,13,1,8,0,12,9,40,6,53,4,46,2,16,1,9,2,8,3,5,0,4,0,7,1,1,0,1
2026-06-27T16:06-07:00,Sat,16,6,25,1,16,0,14,1,10,0,12,9,44,6,51,4,43,2,15,1,8,2,3,3,5,0,4,0,5,1,1,0,1
2026-06-27T16:16-07:00,Sat,16,6,23,1,16,1,15,1,9,0,12,9,52,6,59,4,51,2,16,1,9,2,3,3,9,0,5,0,5,1,1,0,1
2026-06-27T16:26-07:00,Sat,16,6,24,1,11,1,4,1,9,0,12,9,54,6,69,4,55,2,16,1,9,2,6,3,10,0,5,0,2,1,1,0,1
2026-06-27T16:36-07:00,Sat,16,6,28,1,16,1,5,1,9,0,12,9,55,6,65,4,59,2,14,1,4,2,7,3,7,0,5,0,2,1,1,0,1
2026-06-27T17:46-07:00,Sat,17,7,33,1,22,1,5,1,6,0,12,9,56,8,54,5,35,2,16,1,6,3,5,4,8,0,8,0,9,1,4,0,2
2026-06-27T17:56-07:00,Sat,17,7,32,1,21,1,5,1,9,0,12,9,62,8,52,5,29,2,12,1,5,3,4,4,9,0,8,0,9,1,3,0,0
2026-06-27T18:06-07:00,Sat,18,7,37,1,22,1,6,1,10,0,12,9,56,8,53,5,27,2,10,1,4,3,5,4,7,0,8,0,9,1,2,0,0
2026-06-27T18:16-07:00,Sat,18,7,36,1,21,1,6,1,10,0,12,9,55,8,53,5,26,2,12,1,5,3,5,4,9,0,9,0,9,1,2,0,0
2026-06-27T18:26-07:00,Sat,18,7,35,1,19,1,6,1,10,0,12,9,57,8,54,5,30,2,14,1,5,3,7,4,11,0,9,0,9,1,4,0,0
2026-06-27T18:36-07:00,Sat,18,7,36,1,18,1,6,1,8,0,12,9,47,8,50,5,26,2,12,1,5,3,8,5,15,0,12,0,11,1,5,0,0
2026-06-27T19:47-07:00,Sat,19,9,29,1,15,1,9,1,8,0,12,9,44,8,41,6,18,2,12,0,9,3,8,5,11,0,10,2,12,1,10,0,2
2026-06-27T19:57-07:00,Sat,19,10,39,1,20,1,12,1,11,0,12,9,43,8,40,6,21,2,12,0,9,4,14,6,6,0,11,2,7,1,13,1,2
2026-06-27T20:07-07:00,Sat,20,10,34,1,20,1,12,0,15,0,12,10,50,8,38,6,21,2,11,0,9,4,4,6,7,1,12,2,9,1,13,1,2
2026-06-27T20:17-07:00,Sat,20,10,30,1,18,1,10,0,12,0,12,10,29,8,40,6,23,2,11,0,9,4,4,6,13,0,9,2,8,1,13,1,2
2026-06-27T20:27-07:00,Sat,20,10,30,1,19,1,11,0,11,0,12,10,33,8,50,6,25,2,12,0,9,4,5,6,12,0,7,2,7,1,13,1,3
2026-06-27T20:37-07:00,Sat,20,10,34,1,21,1,12,0,12,0,12,10,44,9,55,6,26,2,13,0,10,4,5,6,11,0,6,2,5,1,12,1,4
2026-06-27T21:48-07:00,Sat,21,10,28,1,23,1,11,0,15,0,12,11,52,9,44,6,32,2,9,0,9,4,4,7,14,1,24,3,15,1,19,1,5
2026-06-27T21:58-07:00,Sat,21,11,30,1,24,1,15,0,21,0,12,11,40,9,34,6,32,2,9,0,9,3,6,7,15,1,8,3,12,1,18,1,4
2026-06-27T22:08-07:00,Sat,22,11,26,1,24,1,15,1,21,0,12,11,45,9,38,6,28,2,10,0,10,3,6,7,6,1,7,3,14,1,20,1,4
2026-06-27T22:18-07:00,Sat,22,11,29,1,25,1,16,1,23,0,12,11,51,9,42,6,29,2,9,0,10,3,7,7,6,1,7,3,14,1,19,1,4
2026-06-27T22:28-07:00,Sat,22,11,26,1,27,1,15,1,14,0,12,12,51,9,37,6,27,1,7,0,10,3,6,7,3,1,7,3,16,2,19,1,4
2026-06-27T22:38-07:00,Sat,22,11,27,1,23,1,17,1,15,0,12,12,44,9,41,6,24,1,6,0,9,3,6,7,3,1,1,3,1,2,11,1,3
2026-06-27T23:48-07:00,Sat,23,11,11,1,17,1,14,1,16,0,12,12,23,9,36,6,21,1,13,0,12,4,1,6,1,1,1,3,1,2,4,1,5
2026-06-27T23:58-07:00,Sat,23,10,14,1,14,1,14,2,15,0,12,12,22,9,18,6,22,1,13,0,13,4,1,5,0,1,1,2,0,2,3,1,2
2026-06-28T00:08-07:00,Sun,0,10,11,1,6,1,12,2,14,0,12,12,27,9,19,6,20,1,12,0,13,4,3,5,0,1,3,2,3,2,3,1,2
2026-06-28T00:18-07:00,Sun,0,9,11,1,7,1,11,2,7,0,12,12,18,9,11,6,16,1,11,0,13,4,5,5,0,1,0,2,2,2,3,1,2
2026-06-28T00:28-07:00,Sun,0,9,10,1,4,1,8,2,6,0,12,12,11,9,10,6,14,1,11,0,13,4,3,5,0,1,0,2,2,2,1,1,2
2026-06-28T00:38-07:00,Sun,0,9,9,1,3,1,4,2,6,0,12,12,9,9,10,6,12,1,11,0,13,4,3,4,1,1,0,2,3,2,1,1,2
2026-06-28T01:49-07:00,Sun,1,6,4,1,2,1,1,2,3,0,12,12,7,8,8,6,11,1,12,0,12,4,1,3,2,1,0,1,2,1,3,1,1
2026-06-28T01:59-07:00,Sun,1,6,4,0,2,1,1,2,4,0,12,11,8,7,8,5,9,1,12,0,12,4,1,3,0,1,1,1,3,1,4,1,1
2026-06-28T02:09-07:00,Sun,2,6,5,0,2,1,1,2,3,0,12,11,5,7,7,4,10,1,12,0,12,4,2,3,0,1,1,1,3,1,3,1,1
2026-06-28T02:19-07:00,Sun,2,6,7,0,2,1,2,2,3,0,12,9,6,7,6,4,10,1,13,0,13,4,2,2,0,1,1,1,3,1,2,1,2
2026-06-28T02:29-07:00,Sun,2,6,6,0,2,1,2,2,3,0,12,9,6,7,6,4,11,1,13,0,13,4,1,2,2,1,2,1,2,1,3,1,2
2026-06-28T02:39-07:00,Sun,2,6,4,0,2,1,2,1,4,0,12,9,6,6,3,4,12,1,14,0,13,4,1,2,1,0,1,1,2,1,4,1,2
2026-06-28T03:50-07:00,Sun,3,3,2,0,0,1,1,1,3,0,12,6,7,4,3,3,2,1,1,0,0,1,2,2,2,0,0,1,1,0,0,1,1
2026-06-28T04:00-07:00,Sun,4,3,2,0,0,1,1,1,3,0,12,6,8,3,3,3,2,1,1,0,0,1,3,2,2,0,0,1,3,0,0,1,1
2026-06-28T04:10-07:00,Sun,4,3,1,0,0,1,0,1,1,0,12,6,8,2,3,2,2,0,0,0,0,1,1,2,0,0,0,1,1,0,0,1,2
2026-06-28T04:20-07:00,Sun,4,3,0,0,0,0,0,1,1,0,12,6,8,2,4,2,1,0,0,0,0,1,1,2,0,0,0,1,1,0,0,1,2
2026-06-28T04:30-07:00,Sun,4,3,0,0,0,0,0,1,1,0,12,5,8,2,5,2,1,0,0,0,0,1,3,2,0,0,0,1,1,0,0,1,2
2026-06-28T04:40-07:00,Sun,4,3,0,0,0,0,0,1,0,0,12,5,6,2,3,2,1,0,0,0,0,1,2,2,0,0,0,1,1,0,0,1,2
2026-06-28T05:51-07:00,Sun,5,2,4,0,0,0,0,1,0,0,12,3,4,1,4,0,3,0,2,0,1,1,0,2,0,0,0,1,1,0,0,1,1
2026-06-28T06:01-07:00,Sun,6,1,5,0,0,0,0,1,0,0,12,3,3,1,2,0,3,0,2,0,1,1,0,2,0,0,0,1,1,0,0,1,1
2026-06-28T06:11-07:00,Sun,6,1,7,0,0,0,0,1,1,0,12,3,4,1,2,0,3,0,2,0,1,1,0,1,2,0,0,1,0,0,0,1,0
2026-06-28T06:21-07:00,Sun,6,1,6,0,0,0,0,1,2,0,12,3,4,1,2,0,3,0,2,0,1,1,1,1,3,0,0,1,0,0,0,1,0
2026-06-28T06:31-07:00,Sun,6,1,6,0,0,0,0,1,2,0,12,2,3,1,4,0,4,0,2,0,1,1,1,1,3,0,0,1,0,0,0,1,0
2026-06-28T06:41-07:00,Sun,6,1,7,0,0,0,0,1,2,0,12,2,3,1,4,0,4,0,2,0,1,1,2,1,4,0,0,1,0,0,0,1,0
2026-06-28T07:51-07:00,Sun,7,1,9,0,0,0,0,1,1,0,12,2,12,1,8,0,9,0,3,0,1,0,3,1,3,0,0,1,0,0,0,1,0
2026-06-28T08:01-07:00,Sun,8,1,11,0,0,0,0,1,1,0,12,2,18,1,12,0,9,0,3,0,1,0,4,1,1,0,0,1,0,0,0,1,0
2026-06-28T08:12-07:00,Sun,8,1,10,0,0,0,0,1,1,0,12,2,21,1,12,0,9,0,3,0,1,0,5,1,3,0,0,0,0,0,0,1,0
2026-06-28T08:22-07:00,Sun,8,1,10,0,0,0,0,1,1,0,12,2,21,1,14,0,9,0,3,0,1,0,5,1,3,0,0,0,0,0,0,1,0
2026-06-28T08:32-07:00,Sun,8,2,12,0,0,0,0,1,2,0,12,3,24,1,15,0,10,0,4,0,1,0,5,1,3,0,0,0,0,0,0,1,0
2026-06-28T08:42-07:00,Sun,8,2,3,0,0,0,0,1,2,0,12,3,5,2,18,0,13,0,5,0,1,0,9,1,5,0,0,0,0,0,0,1,0
2026-06-28T09:52-07:00,Sun,9,2,9,0,2,0,1,1,5,0,12,3,11,2,6,1,6,0,7,0,3,1,5,1,7,0,1,0,1,0,0,1,0
2026-06-28T10:02-07:00,Sun,10,2,11,0,4,0,1,1,6,0,12,3,9,2,9,1,6,0,7,0,3,1,8,1,7,0,1,0,1,0,0,1,0
2026-06-28T10:12-07:00,Sun,10,2,7,0,5,0,1,1,4,0,12,3,8,2,10,1,7,0,8,0,4,2,3,1,9,0,1,0,1,0,0,1,0
2026-06-28T10:22-07:00,Sun,10,2,9,0,7,0,1,1,4,0,12,3,10,2,11,1,7,0,10,0,5,2,3,1,7,0,1,0,1,0,0,0,0
2026-06-28T10:32-07:00,Sun,10,1,9,0,7,0,1,1,4,0,12,3,14,2,13,1,11,0,11,0,5,2,5,1,8,0,1,0,1,0,0,0,0
2026-06-28T10:42-07:00,Sun,10,1,11,0,8,0,1,1,4,0,12,3,18,2,17,1,11,1,11,0,5,2,1,1,4,0,2,0,2,0,0,0,0
2026-06-28T10:53-07:00,Sun,10,1,13,0,9,0,1,1,5,0,12,3,18,2,18,1,8,1,6,0,5,2,2,1,3,0,2,0,2,0,0,0,0
2026-06-28T11:03-07:00,Sun,11,1,14,0,10,0,1,1,4,0,12,4,21,3,18,1,7,1,3,0,5,2,4,1,2,0,3,0,3,0,1,0,0
2026-06-28T11:13-07:00,Sun,11,1,18,0,12,0,1,1,7,0,12,4,25,3,20,1,8,1,2,0,5,2,3,1,3,0,3,0,3,0,1,0,0
2026-06-28T11:23-07:00,Sun,11,1,21,0,12,0,1,1,8,0,12,4,19,3,15,1,10,1,4,0,5,2,4,1,2,0,3,0,4,0,2,0,0
2026-06-28T11:33-07:00,Sun,11,1,17,0,11,0,1,1,8,0,12,4,19,3,18,1,12,1,4,0,5,2,5,1,4,0,3,0,5,0,3,0,0
2026-06-28T11:43-07:00,Sun,11,2,13,0,11,0,1,1,8,0,12,4,22,3,21,1,14,1,4,0,5,2,5,1,5,0,3,0,5,0,3,0,0
2026-06-28T12:54-07:00,Sun,12,2,18,0,18,0,5,1,8,0,12,5,27,4,41,1,24,1,11,0,10,3,3,1,8,0,7,1,1,0,6,0,1
2026-06-28T13:04-07:00,Sun,13,2,23,1,19,0,5,1,8,0,12,5,30,4,48,1,24,1,11,0,10,3,2,1,3,0,7,1,0,0,6,0,1
2026-06-28T13:14-07:00,Sun,13,3,26,1,11,0,5,1,8,0,12,5,33,4,53,1,28,1,11,0,10,3,3,1,4,0,7,1,0,0,6,0,1
2026-06-28T13:24-07:00,Sun,13,3,20,1,11,0,5,1,8,0,12,5,43,4,58,2,28,1,12,0,10,3,5,1,7,0,4,1,1,0,6,0,1
2026-06-28T13:34-07:00,Sun,13,3,21,1,11,0,5,1,8,0,12,5,49,4,66,2,22,1,12,0,10,3,3,1,9,0,6,1,6,0,7,0,2
2026-06-28T13:44-07:00,Sun,13,3,21,1,11,0,5,1,8,0,12,5,57,4,69,2,28,1,14,0,9,3,6,1,12,0,6,1,7,0,8,0,2
2026-06-28T14:54-07:00,Sun,14,4,19,1,6,0,3,1,3,0,12,5,70,4,60,4,36,1,20,0,11,3,6,3,5,1,13,1,5,0,9,0,3
2026-06-28T15:04-07:00,Sun,15,4,20,1,7,0,3,1,3,0,12,5,74,4,64,4,28,1,20,1,12,3,8,3,6,1,4,0,9,1,8,0,0
2026-06-28T15:14-07:00,Sun,15,4,21,1,9,0,5,1,2,0,12,5,78,4,65,4,28,2,11,0,6,3,11,3,9,1,3,0,11,1,9,0,0
2026-06-28T15:24-07:00,Sun,15,5,25,1,10,0,6,1,3,0,12,5,81,4,69,4,30,2,12,0,6,3,9,3,10,1,2,0,11,1,6,0,0
2026-06-28T15:35-07:00,Sun,15,5,12,1,9,0,6,1,3,0,12,5,88,4,76,4,30,2,13,0,6,4,3,3,13,1,2,0,12,1,5,0,0
2026-06-28T15:45-07:00,Sun,15,5,14,1,9,0,6,1,2,0,12,5,90,4,66,4,32,2,15,0,8,4,5,3,10,1,2,0,14,1,5,0,0
2026-06-28T16:55-07:00,Sun,16,5,20,1,14,0,5,1,4,0,12,5,75,4,89,5,50,2,10,0,10,4,5,4,4,0,4,2,2,1,7,0,0
2026-06-28T17:05-07:00,Sun,17,5,22,1,14,0,5,1,4,0,12,5,81,4,92,5,54,2,11,0,10,4,4,4,6,0,5,2,0,1,8,0,0
2026-06-28T17:15-07:00,Sun,17,6,24,1,15,0,5,1,6,0,12,5,84,4,98,5,55,2,13,0,10,4,2,4,10,0,6,2,1,1,9,0,0
2026-06-28T17:25-07:00,Sun,17,6,15,1,13,0,5,1,5,0,12,5,89,4,100,5,63,2,14,0,11,4,1,4,12,0,6,2,1,1,9,0,0
2026-06-28T17:35-07:00,Sun,17,6,14,1,12,0,5,1,4,0,12,5,92,5,101,5,65,2,14,0,12,4,1,5,6,0,7,2,1,1,9,0,0
2026-06-28T17:45-07:00,Sun,17,6,18,1,12,0,4,1,4,0,12,5,96,6,63,5,66,2,13,0,12,4,2,5,7,0,7,2,2,1,10,0,0
2026-06-28T18:56-07:00,Sun,18,6,15,1,12,0,4,1,3,0,12,5,90,9,39,5,57,2,12,0,15,3,4,5,4,0,7,2,2,1,5,0,0
2026-06-28T19:06-07:00,Sun,19,6,17,1,15,0,5,1,5,0,12,5,81,9,40,5,51,2,11,0,15,3,6,5,1,0,7,2,4,1,5,0,0
2026-06-28T19:16-07:00,Sun,19,6,20,1,15,0,6,1,5,0,12,5,76,9,45,5,46,2,15,0,17,3,2,4,8,0,8,2,4,1,5,0,0
2026-06-28T19:26-07:00,Sun,19,6,22,1,17,0,6,1,7,0,12,6,48,9,38,5,39,2,14,0,18,3,2,4,7,0,10,2,2,1,4,0,0
2026-06-28T19:36-07:00,Sun,19,6,23,2,19,0,6,1,9,0,12,6,29,9,34,5,32,2,13,0,14,3,2,4,7,0,12,2,2,1,3,0,0
2026-06-28T19:46-07:00,Sun,19,6,28,2,19,0,6,1,7,0,12,6,30,9,33,5,24,2,13,0,13,3,2,4,5,0,12,2,3,1,2,0,0
2026-06-28T20:57-07:00,Sun,20,5,15,2,6,0,6,1,8,0,12,8,37,9,33,5,19,2,14,0,16,3,4,3,7,0,4,2,2,1,3,0,0
2026-06-28T21:07-07:00,Sun,21,5,12,2,8,0,7,1,8,0,12,8,45,9,38,5,19,2,14,0,16,3,3,3,7,0,5,2,4,1,4,0,0
2026-06-28T21:17-07:00,Sun,21,5,8,2,7,0,7,1,8,0,12,8,55,9,46,5,23,2,11,0,14,3,3,3,8,0,8,2,6,1,4,0,0
2026-06-28T21:27-07:00,Sun,21,5,5,2,9,0,7,1,8,0,12,8,56,9,40,5,24,2,11,0,14,3,1,3,9,0,8,2,8,1,4,0,0
2026-06-28T21:37-07:00,Sun,21,5,7,2,10,0,0,1,8,0,12,8,63,9,48,5,26,2,11,0,14,3,3,3,8,0,7,2,7,1,4,0,0
2026-06-28T21:47-07:00,Sun,21,5,8,2,9,0,0,1,7,0,12,9,59,9,55,5,27,2,12,0,14,3,4,3,11,0,5,2,8,1,3,0,0
2026-06-28T22:57-07:00,Sun,22,4,9,1,9,0,0,1,6,0,12,10,37,9,46,5,24,2,8,0,14,3,1,3,7,0,8,2,5,1,4,0,0
2026-06-28T23:08-07:00,Sun,23,4,9,1,10,0,0,1,6,0,12,11,39,9,32,5,23,2,9,0,14,3,0,3,6,0,8,2,3,1,4,0,0
2026-06-28T23:18-07:00,Sun,23,4,9,1,11,0,0,1,6,0,12,11,18,9,18,5,19,2,11,0,14,3,0,3,5,0,8,2,2,1,4,0,0
2026-06-28T23:28-07:00,Sun,23,4,8,1,7,0,0,1,6,0,12,10,18,9,17,5,20,2,13,0,15,3,0,3,4,0,3,2,2,1,1,0,0
2026-06-28T23:38-07:00,Sun,23,4,7,1,7,0,0,1,6,0,12,10,17,9,15,5,12,2,11,0,15,2,1,3,3,0,3,2,1,1,1,0,0
2026-06-28T23:48-07:00,Sun,23,4,7,1,6,0,0,1,6,0,12,10,19,8,13,5,19,2,12,0,15,2,1,3,1,0,3,2,1,1,2,0,0
2026-06-29T00:58-07:00,Mon,0,3,4,1,2,0,0,1,1,0,12,9,14,7,12,5,11,2,15,0,15,1,1,2,0,0,3,1,1,1,0,0,0
2026-06-29T01:08-07:00,Mon,1,3,3,1,2,0,0,1,1,0,12,9,14,7,13,5,11,2,17,0,16,1,2,2,0,0,0,1,0,1,0,0,0
2026-06-29T01:18-07:00,Mon,1,3,3,1,2,0,0,1,1,0,12,8,14,7,13,5,10,2,16,0,16,1,2,2,1,0,0,1,0,1,0,0,0
2026-06-29T01:28-07:00,Mon,1,3,3,1,2,0,0,1,1,0,12,8,12,6,15,5,9,2,15,0,15,1,4,2,1,0,0,1,0,1,0,0,0
2026-06-29T01:38-07:00,Mon,1,3,3,1,1,0,0,1,1,0,12,8,10,5,17,5,10,2,15,0,15,1,4,2,1,0,0,1,1,1,1,0,0
2026-06-29T01:49-07:00,Mon,1,3,3,1,1,0,0,1,1,0,12,8,8,5,17,5,10,2,16,0,15,1,0,2,1,0,0,1,1,1,1,0,0
2026-06-29T02:59-07:00,Mon,2,1,3,1,0,0,0,0,0,0,12,6,2,3,6,4,3,1,5,0,14,1,0,2,0,0,0,0,0,1,1,0,0
2026-06-29T03:09-07:00,Mon,3,1,3,1,0,0,0,0,0,0,12,6,2,2,7,4,2,1,4,0,14,0,0,2,0,0,0,0,0,1,1,0,0
2026-06-29T03:19-07:00,Mon,3,1,3,1,0,0,0,0,0,0,12,6,1,2,7,3,2,0,3,0,13,0,0,2,0,0,0,0,0,1,1,0,0
2026-06-29T03:29-07:00,Mon,3,1,4,1,0,0,0,0,0,0,12,6,2,2,7,3,1,0,2,0,0,0,0,2,0,0,0,0,0,1,1,0,0
2026-06-29T03:39-07:00,Mon,3,1,4,1,0,0,0,0,0,0,12,6,1,2,5,3,1,0,2,0,0,0,0,1,1,0,0,0,0,1,1,0,0
2026-06-29T03:49-07:00,Mon,3,1,4,1,0,0,0,0,0,0,12,6,1,2,5,3,1,0,1,0,0,0,0,1,3,0,0,0,0,1,3,0,0
2026-06-29T05:00-07:00,Mon,5,1,5,0,0,0,0,0,0,0,12,4,2,1,4,2,3,0,2,0,0,0,2,1,4,0,0,0,0,1,0,0,0
2026-06-29T05:10-07:00,Mon,5,1,4,0,0,0,0,0,0,0,12,3,2,1,1,2,5,0,2,0,0,0,2,1,3,0,0,0,0,1,0,0,0
2026-06-29T05:20-07:00,Mon,5,1,6,0,0,0,0,0,0,0,12,3,3,1,1,2,3,0,3,0,0,0,2,1,3,0,0,0,0,1,0,0,0
2026-06-29T05:30-07:00,Mon,5,1,7,0,0,0,0,0,0,0,12,3,2,1,0,2,5,0,3,0,0,0,1,1,2,0,0,0,0,1,0,0,0
2026-06-29T05:40-07:00,Mon,5,1,8,0,0,0,0,0,0,0,12,3,2,1,0,2,5,0,3,0,0,0,0,1,3,0,0,0,0,1,0,0,0
2026-06-29T05:50-07:00,Mon,5,1,8,0,0,0,0,0,0,0,12,3,1,1,0,2,3,0,3,0,0,0,0,1,3,0,0,0,1,1,0,0,0
2026-06-29T07:01-07:00,Mon,7,1,4,0,0,0,0,0,0,0,12,1,4,1,2,2,3,0,4,0,1,0,0,1,1,0,0,0,1,1,0,0,0
2026-06-29T07:11-07:00,Mon,7,1,4,0,0,0,0,0,0,0,12,1,7,1,1,2,3,0,4,0,1,0,0,0,1,0,0,0,1,1,0,0,0
2026-06-29T07:21-07:00,Mon,7,1,5,0,0,0,0,0,0,0,12,1,5,1,0,2,3,0,4,0,1,0,1,0,2,0,0,0,2,1,1,0,0
2026-06-29T07:31-07:00,Mon,7,1,5,0,0,0,0,0,0,0,12,1,4,1,2,2,5,0,4,0,1,0,1,0,2,0,0,0,2,1,1,0,0
2026-06-29T07:41-07:00,Mon,7,1,4,0,0,0,0,0,0,0,12,1,3,1,1,2,3,0,5,0,1,0,1,0,2,0,0,0,2,1,1,0,0
2026-06-29T07:51-07:00,Mon,7,1,4,0,0,0,0,0,0,0,12,1,4,1,4,2,7,0,6,0,1,0,1,0,2,0,0,0,2,1,2,0,0
2026-06-29T09:02-07:00,Mon,9,1,4,0,0,0,0,0,0,0,12,2,5,1,6,1,6,0,6,0,1,0,4,0,4,0,0,0,2,1,2,0,0
2026-06-29T09:12-07:00,Mon,9,1,4,0,0,0,0,0,0,0,12,2,11,1,8,1,6,0,6,0,1,0,4,0,4,0,0,0,2,1,2,0,0
2026-06-29T09:22-07:00,Mon,9,1,5,0,0,0,0,0,0,0,12,2,14,1,7,1,5,0,6,0,1,0,5,0,4,0,0,0,3,1,3,0,0
2026-06-29T09:32-07:00,Mon,9,1,6,0,0,0,0,0,0,0,12,2,16,1,5,1,5,0,6,0,1,0,7,0,5,0,0,0,3,0,3,0,0
2026-06-29T09:42-07:00,Mon,9,1,8,0,0,0,0,0,0,0,12,2,16,1,5,1,5,0,7,0,2,0,9,0,5,0,0,0,3,0,3,0,0
2026-06-29T09:52-07:00,Mon,9,1,9,0,0,0,0,0,0,0,12,2,21,1,10,1,6,0,8,0,2,1,2,0,6,0,0,0,3,0,3,0,0
2026-06-29T11:02-07:00,Mon,11,2,12,0,1,0,0,0,3,0,12,4,22,2,20,2,18,0,8,0,2,2,5,0,7,0,2,0,3,0,5,0,0
2026-06-29T11:13-07:00,Mon,11,2,15,0,1,0,0,0,3,0,12,4,26,3,22,2,12,0,9,0,4,2,5,0,8,0,2,0,3,0,3,0,0
2026-06-29T11:23-07:00,Mon,11,2,14,0,1,0,0,0,4,0,12,4,28,3,14,2,14,0,11,0,4,2,4,0,8,0,2,0,3,0,3,0,0
2026-06-29T11:33-07:00,Mon,11,2,16,0,1,0,0,0,4,0,12,5,26,2,18,2,14,0,12,0,4,2,5,1,10,0,3,0,5,0,5,0,0
2026-06-29T11:43-07:00,Mon,11,2,18,0,1,0,0,0,4,0,12,5,25,2,22,2,17,0,15,0,5,2,0,1,2,0,3,0,5,0,5,0,0
2026-06-29T11:53-07:00,Mon,11,2,20,0,2,0,0,0,5,0,12,5,28,3,25,2,16,0,16,0,5,2,5,1,2,0,3,0,6,0,6,0,0
2026-06-29T13:03-07:00,Mon,13,3,14,0,5,0,0,0,9,0,12,6,22,4,23,2,28,1,16,0,11,2,9,2,6,0,3,1,10,0,10,0,0
2026-06-29T13:13-07:00,Mon,13,3,13,0,6,0,0,0,10,0,12,6,22,4,28,2,23,1,12,0,11,3,4,2,7,0,4,1,2,0,10,0,0
2026-06-29T13:23-07:00,Mon,13,3,13,0,9,0,0,0,12,0,12,6,24,4,33,2,24,1,12,0,11,3,6,2,10,0,3,1,4,0,12,0,0
2026-06-29T13:33-07:00,Mon,13,3,14,0,10,0,0,0,13,0,12,6,24,4,38,2,26,1,14,0,10,3,8,2,15,0,4,1,7,0,15,0,0
2026-06-29T13:43-07:00,Mon,13,3,13,0,10,0,0,0,13,0,12,6,32,4,44,3,30,1,16,0,11,3,12,3,12,0,7,1,7,0,10,0,0
2026-06-29T13:53-07:00,Mon,13,3,13,0,10,0,0,0,12,0,12,6,27,4,51,3,21,1,18,0,12,3,9,3,10,0,8,1,7,0,10,0,0
2026-06-29T15:04-07:00,Mon,15,3,24,1,7,0,0,1,8,0,12,7,40,6,60,3,32,2,15,1,15,3,9,4,14,1,9,2,3,0,6,0,0
2026-06-29T15:14-07:00,Mon,15,4,18,1,6,0,0,1,8,0,12,7,38,6,47,3,34,2,12,1,5,3,4,4,10,1,3,2,3,0,6,0,0
2026-06-29T15:24-07:00,Mon,15,4,14,1,6,0,0,1,7,0,12,7,30,6,51,3,31,2,8,1,6,3,6,4,7,1,3,2,1,0,6,0,0
2026-06-29T15:34-07:00,Mon,15,4,16,1,4,0,0,1,7,0,12,7,34,6,53,4,29,2,10,1,7,3,6,4,6,1,2,2,2,0,7,0,0
2026-06-29T15:44-07:00,Mon,15,4,17,1,5,0,0,1,8,0,12,7,35,6,54,4,29,2,9,1,7,3,11,4,11,1,2,2,3,0,9,0,0
2026-06-29T15:54-07:00,Mon,15,4,19,1,6,0,0,1,9,0,12,7,41,6,56,4,32,2,11,1,7,3,12,4,7,1,1,2,2,0,9,0,0
2026-06-29T17:05-07:00,Mon,17,5,23,1,10,0,1,1,14,0,12,7,63,6,61,4,35,2,13,1,4,4,2,4,3,1,1,2,5,0,9,1,0
2026-06-29T17:15-07:00,Mon,17,5,20,1,9,0,1,1,14,0,12,7,68,6,65,4,37,2,14,1,5,4,2,4,6,1,5,2,5,0,9,1,0
2026-06-29T17:25-07:00,Mon,17,5,19,1,7,0,1,1,13,0,12,7,67,6,65,4,39,2,15,1,6,4,9,4,10,1,3,2,4,0,9,1,0
2026-06-29T17:35-07:00,Mon,17,5,16,1,6,0,1,1,14,0,12,7,69,6,71,4,40,2,11,1,5,4,10,4,5,1,3,2,4,0,9,1,0
2026-06-29T17:45-07:00,Mon,17,5,16,1,6,0,1,1,13,0,12,7,62,6,78,4,50,2,11,1,6,4,5,4,4,1,2,2,1,0,5,1,0
2026-06-29T17:55-07:00,Mon,17,5,12,1,4,0,1,2,13,0,12,7,59,6,82,5,51,2,10,1,8,4,4,4,1,1,2,2,2,0,5,1,0
2026-06-29T19:06-07:00,Mon,19,4,9,1,5,0,0,2,6,0,12,7,70,6,92,5,44,2,11,1,9,4,7,3,10,1,2,2,1,0,6,1,0
2026-06-29T19:16-07:00,Mon,19,4,11,1,7,0,0,2,7,0,12,7,72,6,95,5,48,2,12,1,10,4,8,3,13,1,7,2,3,0,7,1,0
2026-06-29T19:26-07:00,Mon,19,4,15,1,10,0,1,2,7,0,12,7,74,6,90,5,48,2,12,1,11,4,5,3,14,1,8,2,6,0,8,1,0
2026-06-29T19:36-07:00,Mon,19,4,20,1,14,0,0,2,10,0,12,7,82,6,91,5,41,2,11,1,10,4,3,3,6,1,6,2,5,0,8,1,0
2026-06-29T19:46-07:00,Mon,19,4,22,1,14,0,0,2,11,0,12,7,88,6,97,5,41,2,12,1,10,4,6,2,8,1,5,2,4,0,8,1,0
2026-06-29T19:56-07:00,Mon,19,4,18,1,14,0,0,2,11,0,12,7,93,6,98,5,38,2,10,1,10,4,6,2,6,1,5,2,4,0,8,1,0
2026-06-29T21:07-07:00,Mon,21,3,21,1,17,0,0,1,10,0,12,8,65,6,90,5,25,1,10,1,5,4,4,2,9,1,4,1,8,0,11,1,0
2026-06-29T21:17-07:00,Mon,21,3,20,1,16,0,0,1,4,0,12,8,58,6,80,5,18,1,7,1,5,4,5,2,12,1,5,1,6,0,10,1,1
2026-06-29T21:27-07:00,Mon,21,3,23,1,17,0,0,1,5,0,12,8,60,6,79,5,17,1,8,1,3,4,4,2,9,1,3,1,5,0,12,1,1
2026-06-29T21:37-07:00,Mon,21,4,28,1,18,0,0,1,8,0,12,8,62,6,75,5,17,1,11,1,4,4,4,2,5,1,2,1,4,0,12,1,1
2026-06-29T21:47-07:00,Mon,21,4,24,1,19,0,0,1,10,0,12,8,69,6,77,5,17,1,14,1,3,4,4,2,6,1,2,1,3,0,9,1,1
2026-06-29T21:57-07:00,Mon,21,4,22,2,20,0,0,1,10,0,12,9,64,6,78,5,16,1,10,1,3,4,7,2,4,1,1,1,2,0,8,1,1
2026-06-29T23:07-07:00,Mon,23,4,12,2,13,0,0,1,10,0,12,10,38,8,23,5,23,1,13,1,7,4,3,2,3,0,4,1,2,0,7,1,1
2026-06-29T23:17-07:00,Mon,23,4,10,2,10,0,0,1,8,0,12,11,37,7,22,5,17,1,14,1,7,4,2,2,2,0,3,1,1,0,6,1,1
2026-06-29T23:27-07:00,Mon,23,4,10,2,9,0,0,1,8,0,12,11,23,7,19,5,19,1,10,1,7,3,2,2,2,0,3,1,1,0,4,1,1
2026-06-29T23:37-07:00,Mon,23,4,8,2,6,0,0,1,7,0,12,11,22,7,19,5,25,1,12,1,7,3,3,2,2,0,3,0,1,0,4,1,1
2026-06-29T23:47-07:00,Mon,23,4,10,2,8,0,0,1,10,0,12,11,9,7,15,5,22,1,11,1,4,3,3,2,1,0,2,0,1,0,5,1,2
2026-06-29T23:58-07:00,Mon,23,4,9,2,8,0,0,1,10,0,12,11,8,7,14,5,18,1,10,1,2,3,1,2,1,0,2,0,1,0,5,1,2
2026-06-30T01:08-07:00,Tue,1,2,5,1,3,0,1,1,7,0,12,6,8,7,5,4,9,1,1,0,0,2,1,2,1,0,2,0,1,0,4,1,2
2026-06-30T01:18-07:00,Tue,1,2,2,1,2,0,1,1,6,0,12,6,8,7,4,3,4,1,1,0,0,2,0,2,0,0,2,0,1,0,4,1,2
2026-06-30T01:28-07:00,Tue,1,2,1,1,1,0,1,1,3,0,12,6,4,7,4,3,4,1,1,0,0,2,0,2,0,0,2,0,1,0,4,1,2
2026-06-30T01:38-07:00,Tue,1,2,0,1,1,0,1,1,2,0,12,6,4,7,3,3,2,0,1,0,0,2,0,2,0,0,0,0,0,0,0,1,0
2026-06-30T01:48-07:00,Tue,1,2,0,1,1,0,0,1,1,0,12,5,6,7,2,3,0,0,1,0,0,2,1,2,1,0,0,0,0,0,0,1,0
2026-06-30T01:59-07:00,Tue,1,2,1,1,1,0,0,1,0,0,12,5,7,6,2,3,0,0,1,0,0,2,1,2,0,0,0,0,0,0,0,1,0
2026-06-30T03:09-07:00,Tue,3,2,2,1,0,0,0,0,0,0,12,5,2,4,2,2,1,0,2,0,1,1,5,2,0,0,0,0,0,0,0,0,0
2026-06-30T03:19-07:00,Tue,3,1,0,0,0,0,0,0,0,0,12,4,3,3,2,1,1,0,2,0,1,1,6,2,0,0,0,0,0,0,0,0,0
2026-06-30T03:29-07:00,Tue,3,1,0,0,0,0,0,0,0,0,12,4,2,2,2,1,1,0,2,0,1,1,7,2,0,0,0,0,0,0,0,0,0
2026-06-30T03:39-07:00,Tue,3,1,0,0,0,0,0,0,0,0,12,4,1,2,1,1,0,0,2,0,1,1,6,2,0,0,0,0,0,0,0,0,0
2026-06-30T03:49-07:00,Tue,3,1,0,0,0,0,0,0,0,0,12,3,1,2,1,1,0,0,2,0,1,1,6,1,2,0,0,0,0,0,0,0,0
2026-06-30T03:59-07:00,Tue,3,0,0,0,0,0,0,0,0,0,12,3,4,2,1,1,0,0,2,0,1,1,3,1,1,0,0,0,0,0,0,0,0
2026-06-30T05:10-07:00,Tue,5,0,0,0,0,0,0,0,0,0,12,3,2,1,0,1,0,0,2,0,1,1,0,1,1,0,0,0,0,0,0,0,0
2026-06-30T05:20-07:00,Tue,5,0,0,0,0,0,0,0,0,0,12,3,1,1,0,0,0,0,2,0,1,1,0,1,1,0,0,0,0,0,0,0,0
2026-06-30T05:30-07:00,Tue,5,0,0,0,0,0,0,0,0,0,12,3,2,1,1,0,0,0,2,0,1,1,0,1,1,0,0,0,0,0,0,0,0
2026-06-30T05:40-07:00,Tue,5,0,0,0,0,0,0,0,0,0,12,3,2,1,2,0,0,0,0,0,0,1,0,1,1,0,0,0,0,0,0,0,0
2026-06-30T05:50-07:00,Tue,5,0,0,0,0,0,0,0,0,0,12,3,1,1,1,0,0,0,0,0,0,1,0,1,1,0,0,0,0,0,0,0,0
2026-06-30T06:00-07:00,Tue,6,0,0,0,0,0,0,0,0,0,12,2,2,1,1,0,0,0,0,0,0,1,0,1,1,0,0,0,0,0,0,0,0
2026-06-30T07:11-07:00,Tue,7,0,1,0,0,0,0,0,1,0,12,2,4,1,5,0,0,0,0,0,0,1,0,1,0,0,0,0,0,0,0,0,0
2026-06-30T07:21-07:00,Tue,7,0,2,0,0,0,0,0,1,0,12,2,6,1,5,0,0,0,0,0,0,1,0,1,0,0,0,0,0,0,0,0,0
2026-06-30T07:31-07:00,Tue,7,0,2,0,0,0,0,0,1,0,12,2,7,1,7,0,2,0,1,0,0,1,0,1,0,0,0,0,0,0,0,0,0
2026-06-30T07:41-07:00,Tue,7,0,3,0,0,0,0,0,1,0,12,2,7,1,5,0,3,0,1,0,0,1,0,1,0,0,0,0,0,0,0,0,0
2026-06-30T07:51-07:00,Tue,7,0,3,0,0,0,0,0,0,0,12,2,6,1,4,0,3,0,1,0,0,1,0,1,0,0,0,0,0,0,0,0,0
2026-06-30T08:01-07:00,Tue,8,0,5,0,0,0,0,0,1,0,12,2,8,1,4,0,3,0,1,0,0,1,0,1,1,0,0,0,0,0,0,0,0
2026-06-30T09:12-07:00,Tue,9,0,0,0,0,0,0,0,0,0,0,0,0,0,0,0,0,0,0,0,0,0,0,0,0,0,0,0,0,0,0,0,0
2026-06-30T09:22-07:00,Tue,9,0,0,0,0,0,0,0,0,0,0,0,0,0,0,0,0,0,0,0,0,0,0,0,0,0,0,0,0,0,0,0,0
2026-06-30T09:32-07:00,Tue,9,0,0,0,0,0,0,0,0,0,0,0,0,0,0,0,0,0,0,0,0,0,0,0,0,0,0,0,0,0,0,0,0
2026-06-30T09:52-07:00,Tue,9,0,0,0,0,0,0,0,0,0,0,0,0,0,0,0,0,0,0,0,0,0,0,0,0,0,0,0,0,0,0,0,0
2026-06-30T10:02-07:00,Tue,10,0,0,0,0,0,0,0,0,0,0,0,0,0,0,0,0,0,0,0,0,0,0,0,0,0,0,0,0,0,0,0,0
2026-06-30T10:12-07:00,Tue,10,0,0,0,0,0,0,0,0,0,0,0,0,0,0,0,0,0,0,0,0,0,0,0,0,0,0,0,0,0,0,0,0
2026-06-30T10:14-07:00,Tue,10,1,12,0,6,0,2,0,5,0,12,3,19,2,24,1,25,0,12,0,4,1,8,0,4,0,0,0,2,0,2,0,1
2026-06-30T10:24-07:00,Tue,10,2,12,0,7,0,2,0,5,0,12,3,20,2,24,1,20,0,13,0,4,1,6,0,7,0,0,0,2,0,2,0,1
2026-06-30T10:34-07:00,Tue,10,2,6,0,9,0,2,0,7,0,12,3,23,2,22,1,18,0,14,0,5,1,8,0,8,0,0,0,2,0,7,0,0
2026-06-30T10:45-07:00,Tue,10,2,5,0,9,0,2,0,6,0,12,3,25,2,25,1,18,0,13,0,5,1,10,0,9,0,0,0,2,0,8,0,0
2026-06-30T10:55-07:00,Tue,10,2,9,0,9,0,2,0,7,0,12,3,26,2,26,1,18,0,12,0,4,2,3,0,8,0,2,0,2,0,9,0,0
2026-06-30T11:05-07:00,Tue,11,2,10,0,10,0,2,0,9,0,12,3,29,2,32,1,20,0,15,0,6,2,2,0,8,0,2,0,2,0,9,0,0
2026-06-30T12:15-07:00,Tue,12,2,27,0,14,0,2,1,7,0,12,4,28,4,32,2,27,1,10,0,10,2,4,0,8,0,4,0,7,1,6,0,0
2026-06-30T12:25-07:00,Tue,12,2,27,0,12,0,0,1,9,0,12,4,30,4,34,2,29,1,11,0,10,2,6,0,8,0,4,0,7,1,5,0,0
2026-06-30T12:35-07:00,Tue,12,2,26,0,12,0,0,1,10,0,12,4,26,5,40,3,37,1,15,0,10,2,10,0,8,0,3,0,6,1,3,0,0
2026-06-30T12:45-07:00,Tue,12,2,25,0,11,0,0,1,8,0,12,4,33,5,37,3,34,1,15,0,11,2,9,1,9,0,3,0,6,1,2,0,0
2026-06-30T12:55-07:00,Tue,12,2,28,0,9,0,0,1,7,0,12,4,33,5,35,3,29,1,16,0,12,2,7,1,1,0,3,0,6,1,2,0,0
2026-06-30T13:05-07:00,Tue,13,2,28,0,9,0,0,1,7,0,12,5,36,5,36,3,30,1,17,0,11,2,3,1,1,0,3,0,6,1,1,0,0
2026-06-30T14:16-07:00,Tue,14,5,28,0,11,0,0,1,13,0,12,5,26,6,36,3,40,2,23,1,18,2,7,2,1,0,5,0,7,1,5,0,0
2026-06-30T14:26-07:00,Tue,14,5,22,0,10,0,0,1,11,0,12,5,28,6,34,3,45,2,26,1,15,2,6,2,1,0,5,0,7,1,4,0,0
2026-06-30T14:36-07:00,Tue,14,5,23,0,11,0,0,1,11,0,12,5,32,6,35,3,48,3,27,1,16,2,9,2,2,0,6,0,8,1,4,0,0
2026-06-30T14:46-07:00,Tue,14,5,20,0,10,0,0,1,10,0,12,5,37,6,36,3,48,3,24,1,15,2,7,2,2,0,5,0,8,1,4,0,0
2026-06-30T14:56-07:00,Tue,14,5,18,0,10,0,0,1,8,0,12,5,41,6,41,3,40,3,12,1,14,2,8,2,4,0,5,0,7,1,4,0,0
2026-06-30T15:06-07:00,Tue,15,5,17,0,10,0,0,1,9,0,12,5,50,6,43,3,41,3,15,1,13,2,9,2,5,0,6,0,7,1,4,0,0
2026-06-30T16:17-07:00,Tue,16,5,16,1,16,0,0,1,16,0,12,6,74,6,69,4,31,3,22,1,9,2,4,2,2,0,4,0,8,1,2,0,0
2026-06-30T16:27-07:00,Tue,16,5,16,1,8,0,0,1,16,0,12,6,79,6,73,4,31,3,24,1,9,2,2,2,2,0,4,0,7,1,2,0,0
2026-06-30T16:37-07:00,Tue,16,5,17,1,10,0,0,1,17,0,12,6,79,6,74,4,32,3,22,1,12,1,6,2,3,0,5,0,6,1,0,0,0
2026-06-30T16:47-07:00,Tue,16,5,20,1,12,0,1,1,21,0,12,7,81,6,76,4,34,3,14,1,13,1,6,2,3,0,5,0,7,1,1,0,0
2026-06-30T16:57-07:00,Tue,16,5,23,1,13,0,1,1,23,0,12,7,73,6,77,4,40,3,18,1,15,1,7,2,6,0,7,0,10,1,3,0,0
2026-06-30T17:07-07:00,Tue,17,5,20,1,12,0,1,1,23,0,12,7,75,7,83,4,46,3,20,1,15,1,7,2,7,0,8,0,11,1,4,0,0
2026-06-30T18:18-07:00,Tue,18,5,22,1,10,0,1,2,23,0,12,9,33,8,42,5,28,3,13,1,17,1,8,2,1,0,7,1,5,1,0,0,0
2026-06-30T18:28-07:00,Tue,18,5,18,1,11,0,2,2,11,0,12,9,36,8,47,5,27,3,12,1,17,1,9,1,8,0,9,1,3,1,3,0,0
2026-06-30T18:38-07:00,Tue,18,5,22,1,12,0,2,2,10,0,12,9,42,8,54,5,29,3,13,1,17,1,8,1,6,0,9,1,4,1,4,0,0
2026-06-30T18:48-07:00,Tue,18,5,17,1,11,0,1,2,6,0,12,9,44,8,56,5,29,3,13,1,17,1,9,1,7,0,11,1,4,1,4,0,0
2026-06-30T18:58-07:00,Tue,18,5,19,1,11,0,1,2,7,0,12,9,36,8,54,5,30,3,14,1,18,1,11,1,10,0,12,1,5,1,5,0,0
2026-06-30T19:08-07:00,Tue,19,5,23,1,11,0,1,2,8,0,12,9,34,8,55,5,27,3,13,1,18,2,5,1,12,0,15,1,7,1,6,0,0
2026-06-30T20:18-07:00,Tue,20,6,15,1,9,0,0,2,7,0,12,10,26,9,33,4,17,3,6,2,19,2,4,2,12,1,7,0,7,1,1,0,0
2026-06-30T20:28-07:00,Tue,20,6,21,1,8,0,0,2,5,0,12,10,23,9,32,4,16,3,4,2,19,2,4,2,13,1,8,0,6,1,2,0,0
2026-06-30T20:39-07:00,Tue,20,6,20,1,9,0,1,1,8,0,12,10,25,9,32,4,19,3,4,2,19,2,4,2,16,1,9,0,6,1,2,0,0
2026-06-30T20:49-07:00,Tue,20,6,22,1,10,0,1,1,8,0,12,10,28,9,36,5,25,3,7,1,15,2,5,3,12,1,11,0,8,1,2,0,0
2026-06-30T20:59-07:00,Tue,20,6,27,1,12,0,2,1,9,0,12,10,29,9,42,4,28,3,10,0,15,2,6,3,16,1,15,0,9,1,2,0,0
2026-06-30T21:09-07:00,Tue,21,6,28,1,12,0,2,1,9,0,12,10,30,9,43,4,29,3,11,0,15,2,6,3,19,2,5,0,9,1,1,0,0
2026-06-30T22:19-07:00,Tue,22,7,17,1,9,0,5,1,13,0,12,10,25,10,39,4,27,3,15,0,2,2,14,4,8,2,6,0,11,1,1,0,0
2026-06-30T22:29-07:00,Tue,22,7,16,1,9,0,5,1,13,0,12,10,26,10,40,4,25,3,13,0,2,1,10,4,7,2,7,0,12,1,1,0,0
2026-06-30T22:39-07:00,Tue,22,7,22,1,12,0,5,1,16,0,12,10,23,10,41,4,25,3,10,0,2,1,12,4,6,2,5,0,10,1,0,0,0
2026-06-30T22:49-07:00,Tue,22,7,24,1,12,0,5,1,17,0,12,10,20,10,41,4,31,3,9,0,3,2,10,4,6,2,3,0,10,1,1,0,0
2026-06-30T22:59-07:00,Tue,22,7,27,1,14,0,4,1,18,0,12,10,23,10,44,4,26,3,8,0,3,2,6,4,3,2,3,0,10,1,1,0,0
2026-06-30T23:10-07:00,Tue,23,7,25,1,15,0,5,1,19,0,12,10,22,10,44,4,27,3,9,0,4,2,5,3,2,2,1,0,7,1,1,0,0
2026-06-30T23:20-07:00,Tue,23,7,23,1,14,0,4,2,19,0,12,10,17,11,45,4,21,3,8,0,4,2,3,3,2,2,0,0,7,1,2,0,0
2026-06-30T23:30-07:00,Tue,23,7,14,1,14,0,4,2,8,0,12,10,18,11,48,4,21,3,6,0,4,2,2,3,1,2,0,0,7,1,2,0,0
2026-06-30T23:40-07:00,Tue,23,7,12,1,13,0,4,2,11,0,12,10,19,11,25,4,15,3,6,0,5,2,10,3,1,1,1,0,8,1,2,0,0
2026-06-30T23:50-07:00,Tue,23,7,13,1,15,0,4,2,13,0,12,10,13,11,22,4,11,3,5,0,5,2,10,3,1,1,3,0,8,1,1,0,0
2026-07-01T00:00-07:00,Wed,0,7,11,1,15,0,4,2,13,0,12,10,14,10,15,4,7,3,3,0,5,3,1,3,2,1,3,0,8,1,1,0,0
2026-07-01T00:10-07:00,Wed,0,7,9,1,14,0,4,2,12,0,12,10,12,10,13,4,6,3,2,0,5,3,3,3,1,1,4,0,8,1,1,0,0
2026-07-01T01:21-07:00,Wed,1,6,4,1,5,0,4,2,8,0,12,8,5,6,3,2,3,3,2,0,5,2,1,3,2,1,0,0,0,1,0,0,0
2026-07-01T01:31-07:00,Wed,1,6,4,1,5,0,4,2,7,0,12,6,3,6,1,2,3,3,2,0,5,2,0,2,3,1,0,0,0,1,0,0,0
2026-07-01T01:41-07:00,Wed,1,6,4,1,5,0,4,2,7,0,12,6,3,6,1,2,3,2,2,0,5,2,4,2,0,1,0,0,0,1,0,0,0
2026-07-01T01:51-07:00,Wed,1,6,2,1,3,0,4,2,6,0,12,6,3,6,1,2,3,2,4,0,5,2,1,2,0,1,0,0,0,1,0,0,0
2026-07-01T02:01-07:00,Wed,2,5,2,1,3,0,4,2,5,0,12,6,3,6,1,1,3,2,4,0,5,2,0,2,0,1,0,0,0,1,0,0,0
2026-07-01T02:11-07:00,Wed,2,5,2,1,3,0,4,2,4,0,12,4,1,5,1,1,2,2,4,0,5,1,2,2,1,1,0,0,0,1,0,0,0
2026-07-01T03:21-07:00,Wed,3,3,0,1,2,0,4,1,0,0,12,3,0,3,0,0,0,2,0,0,0,1,0,2,0,0,0,0,0,1,0,0,0
2026-07-01T03:32-07:00,Wed,3,2,2,1,0,0,0,1,0,0,12,2,1,3,0,0,0,2,0,0,0,1,0,2,0,0,0,0,0,1,0,0,0
2026-07-01T03:42-07:00,Wed,3,2,0,1,0,0,0,1,0,0,12,2,1,3,0,0,0,1,0,0,0,1,0,2,1,0,0,0,0,1,0,0,0
2026-07-01T03:52-07:00,Wed,3,2,0,1,0,0,0,1,0,0,12,2,4,3,0,0,0,1,0,0,0,1,0,2,1,0,0,0,0,1,0,0,0
2026-07-01T04:02-07:00,Wed,4,2,1,1,1,0,0,1,1,0,12,2,3,3,0,0,1,1,0,0,0,1,0,2,2,0,0,0,0,1,0,0,0
2026-07-01T04:12-07:00,Wed,4,2,1,1,1,0,0,1,1,0,12,2,4,3,0,0,1,0,0,0,0,1,0,2,1,0,0,0,0,0,0,0,0
2026-07-01T05:22-07:00,Wed,5,1,3,1,1,0,1,0,0,0,12,2,1,3,1,0,3,0,2,0,0,0,0,2,0,0,0,0,0,0,0,0,0
2026-07-01T05:32-07:00,Wed,5,1,1,0,1,0,1,0,0,0,12,2,1,3,1,0,3,0,2,0,0,0,0,2,0,0,0,0,0,0,0,0,0
2026-07-01T05:42-07:00,Wed,5,1,1,0,1,0,1,0,0,0,12,2,0,2,1,0,3,0,2,0,0,0,0,2,0,0,0,0,0,0,0,0,0
2026-07-01T05:52-07:00,Wed,5,1,2,0,0,0,0,0,0,0,12,2,0,2,0,0,3,0,2,0,0,0,0,1,2,0,0,0,0,0,0,0,0
2026-07-01T06:03-07:00,Wed,6,1,2,0,0,0,0,0,0,0,12,2,0,2,0,0,3,0,2,0,0,0,0,1,1,0,0,0,0,0,0,0,0
2026-07-01T06:13-07:00,Wed,6,1,2,0,0,0,0,0,0,0,12,2,2,2,1,0,3,0,2,0,0,0,0,1,1,0,0,0,0,0,0,0,0
2026-07-01T07:23-07:00,Wed,7,1,7,0,0,0,0,0,0,0,12,2,3,1,2,0,3,0,1,0,0,0,0,0,0,0,0,0,0,0,0,0,0
2026-07-01T07:33-07:00,Wed,7,1,8,0,1,0,1,0,0,0,12,2,6,1,4,0,5,0,2,0,1,0,0,0,0,0,0,0,0,0,0,0,0
2026-07-01T07:43-07:00,Wed,7,1,8,0,1,0,1,0,0,0,12,2,7,1,4,0,5,0,2,0,1,0,0,0,1,0,0,0,0,0,0,0,0
2026-07-01T07:53-07:00,Wed,7,2,8,0,1,0,1,0,0,0,12,2,10,1,7,0,6,0,2,0,1,0,0,0,2,0,1,0,0,0,0,0,0
2026-07-01T08:03-07:00,Wed,8,2,3,0,1,0,1,0,0,0,12,2,12,0,8,0,6,0,2,0,1,0,0,0,2,0,1,0,0,0,0,0,0
2026-07-01T08:13-07:00,Wed,8,2,2,0,1,0,1,0,0,0,12,2,13,0,9,0,9,0,2,0,1,0,0,0,2,0,0,0,0,0,0,0,0
2026-07-01T09:24-07:00,Wed,9,2,5,0,1,0,0,0,1,0,12,3,18,1,22,0,14,0,4,0,1,0,6,0,2,0,0,0,0,0,0,0,0
2026-07-01T09:34-07:00,Wed,9,2,5,0,2,0,1,0,2,0,12,3,13,1,13,0,14,0,3,0,0,0,7,0,2,0,0,0,0,0,0,0,0
2026-07-01T09:44-07:00,Wed,9,2,6,0,4,0,1,0,2,0,12,3,10,1,14,1,7,0,4,0,0,0,8,0,3,0,0,0,0,0,0,0,0
2026-07-01T09:54-07:00,Wed,9,2,5,0,4,0,1,0,2,0,12,3,7,1,14,1,8,0,4,0,0,0,9,0,3,0,0,0,0,0,0,0,0
2026-07-01T10:04-07:00,Wed,10,2,7,0,4,0,1,0,2,0,12,3,10,1,15,1,10,0,5,0,1,0,12,0,4,0,0,0,0,0,0,0,0
2026-07-01T10:14-07:00,Wed,10,2,7,0,5,0,1,0,2,0,12,3,7,1,15,1,11,0,5,0,1,0,12,0,2,0,0,0,0,0,0,0,0
2026-07-01T11:25-07:00,Wed,11,2,15,0,8,0,0,0,3,0,12,4,35,2,28,2,19,0,10,0,7,1,5,0,5,0,0,0,2,0,1,0,0
2026-07-01T11:35-07:00,Wed,11,2,21,0,10,0,0,0,4,0,12,4,34,2,32,2,19,0,11,0,8,1,7,0,6,0,1,0,2,0,1,0,0
2026-07-01T11:45-07:00,Wed,11,3,24,0,13,0,1,0,9,0,12,4,33,3,24,2,17,0,12,0,9,2,11,0,9,0,1,0,4,0,2,0,0
2026-07-01T11:55-07:00,Wed,11,3,22,0,15,0,1,0,12,0,12,5,35,3,28,2,20,0,11,0,8,2,4,0,10,0,2,0,5,0,3,0,0
2026-07-01T12:05-07:00,Wed,12,3,24,0,15,0,1,0,13,0,12,5,36,3,25,2,23,0,11,0,8,2,1,1,3,0,2,0,6,0,4,0,0
2026-07-01T12:15-07:00,Wed,12,3,20,0,14,0,1,0,12,0,12,5,27,3,27,2,24,0,15,0,9,2,2,1,3,0,3,0,7,0,4,0,0
2026-07-01T13:26-07:00,Wed,13,3,24,1,15,0,2,1,8,0,12,5,50,4,29,2,24,1,17,0,17,2,1,1,4,0,5,1,3,0,7,0,0
2026-07-01T13:36-07:00,Wed,13,3,23,1,14,0,2,1,7,0,12,5,50,4,32,2,26,1,17,0,17,2,1,1,7,0,6,1,4,0,7,0,0
2026-07-01T13:46-07:00,Wed,13,3,27,1,16,0,3,1,8,0,12,6,54,4,39,2,30,1,17,0,16,2,1,1,8,0,6,1,6,0,6,0,0
2026-07-01T13:56-07:00,Wed,13,3,24,1,14,0,3,1,9,0,12,6,56,5,41,2,33,1,19,0,16,2,2,1,11,0,7,1,6,0,6,0,0
2026-07-01T14:06-07:00,Wed,14,4,14,1,15,0,3,1,7,0,12,6,34,5,38,2,40,1,25,1,17,2,1,2,1,0,4,1,6,0,6,0,0
2026-07-01T14:16-07:00,Wed,14,4,18,1,15,0,3,1,8,0,12,6,33,5,40,2,40,1,26,1,20,2,4,2,4,0,7,1,4,0,6,0,0
2026-07-01T15:26-07:00,Wed,15,4,19,2,16,0,9,1,12,0,12,8,19,8,20,3,30,1,27,1,14,3,11,2,7,0,1,1,3,0,8,0,0
2026-07-01T15:36-07:00,Wed,15,5,15,2,12,0,9,1,11,0,12,8,24,8,25,3,28,1,29,1,15,3,3,2,6,0,2,1,3,0,8,0,0
2026-07-01T15:46-07:00,Wed,15,5,16,2,10,0,9,1,14,0,12,9,27,8,31,3,36,1,33,1,16,3,2,2,8,0,3,1,1,0,8,0,0
2026-07-01T15:56-07:00,Wed,15,5,18,2,10,0,9,1,14,0,12,9,31,8,32,3,42,2,34,1,17,3,2,2,10,0,4,1,3,0,8,0,0
2026-07-01T16:06-07:00,Wed,16,5,23,2,12,0,10,1,16,0,12,9,34,8,35,3,45,2,30,1,18,3,3,2,8,0,6,1,4,0,8,0,0
2026-07-01T16:16-07:00,Wed,16,5,25,2,14,0,11,1,18,0,12,9,39,8,38,3,42,2,27,1,18,3,5,3,11,0,7,1,6,0,9,0,0
2026-07-01T17:27-07:00,Wed,17,5,15,1,8,0,9,2,6,0,12,9,39,8,42,3,56,2,28,1,21,3,5,3,4,0,8,1,5,0,9,0,0
2026-07-01T17:37-07:00,Wed,17,5,14,1,7,0,9,2,4,0,12,9,43,8,42,3,58,2,27,1,15,3,3,3,4,0,8,1,3,0,9,0,0
2026-07-01T17:47-07:00,Wed,17,5,16,1,8,0,5,2,6,0,12,9,44,8,43,4,62,2,27,1,4,2,7,3,3,0,8,1,3,0,9,0,0
2026-07-01T17:57-07:00,Wed,17,5,22,1,10,0,5,2,8,0,12,9,41,8,43,4,59,3,16,0,3,2,7,3,3,0,8,1,5,0,10,0,0
2026-07-01T18:07-07:00,Wed,18,5,22,1,10,0,5,2,8,0,12,9,41,8,42,4,52,3,17,0,6,2,6,3,3,0,9,1,6,0,9,0,0
2026-07-01T18:17-07:00,Wed,18,5,20,1,12,0,4,2,8,0,12,9,39,8,36,4,51,3,17,0,7,2,6,3,3,0,9,1,6,0,9,0,0
2026-07-01T19:28-07:00,Wed,19,5,24,1,20,0,6,2,7,0,12,11,42,8,37,5,35,3,14,0,12,2,11,2,9,0,9,1,4,0,10,0,0
2026-07-01T19:38-07:00,Wed,19,5,25,1,16,0,6,2,6,0,12,11,39,8,39,5,35,3,16,0,12,2,11,2,4,0,8,1,3,0,11,0,0
2026-07-01T19:48-07:00,Wed,19,5,28,1,18,0,8,2,6,0,12,11,37,8,36,5,31,3,17,0,12,2,11,2,8,0,10,1,5,0,12,0,0
2026-07-01T19:58-07:00,Wed,19,5,28,1,16,0,8,2,6,0,12,11,42,8,37,5,29,3,17,0,13,2,10,2,12,0,14,1,11,0,13,0,0
2026-07-01T20:08-07:00,Wed,20,5,27,1,15,0,9,2,5,0,12,11,36,8,37,5,26,3,17,0,13,2,11,2,15,0,15,1,12,0,13,0,0
2026-07-01T20:18-07:00,Wed,20,5,28,1,11,0,9,2,4,0,12,11,39,8,27,5,22,3,15,0,13,2,7,3,6,0,16,2,6,0,14,0,0
2026-07-01T21:28-07:00,Wed,21,5,14,1,16,0,7,2,8,0,12,11,35,8,36,5,22,3,20,0,16,2,8,3,10,0,10,2,8,0,14,0,0
2026-07-01T21:39-07:00,Wed,21,5,14,1,16,0,6,2,8,0,12,11,39,8,40,5,19,3,19,0,16,2,10,3,11,0,10,2,11,0,15,0,0
2026-07-01T21:49-07:00,Wed,21,5,14,1,11,0,8,2,11,0,12,11,34,8,43,5,20,3,19,0,15,2,12,3,16,0,10,2,15,0,14,0,0
2026-07-01T21:59-07:00,Wed,21,5,17,1,12,0,9,2,11,0,12,11,30,8,46,5,19,3,13,1,14,2,13,4,12,0,8,2,10,0,7,0,0
2026-07-01T22:09-07:00,Wed,22,5,18,1,12,0,9,2,11,0,12,11,31,9,44,5,19,3,13,1,15,2,11,4,16,0,9,2,13,0,8,0,0
2026-07-01T22:19-07:00,Wed,22,5,16,1,13,0,9,2,9,0,12,11,28,9,27,5,19,3,16,1,14,2,7,4,17,0,11,2,13,0,9,0,0
2026-07-01T23:29-07:00,Wed,23,5,15,1,6,0,9,2,9,0,12,11,18,8,28,4,13,4,6,0,4,3,6,4,7,0,10,3,4,0,8,0,0
2026-07-01T23:39-07:00,Wed,23,5,13,1,6,0,8,2,8,0,12,11,16,8,27,4,12,4,5,0,4,3,7,4,5,0,10,3,3,0,8,0,0
2026-07-01T23:49-07:00,Wed,23,5,12,1,6,0,9,2,8,0,12,11,16,8,18,4,7,4,4,0,5,3,6,4,3,0,10,3,2,0,8,0,0
2026-07-01T23:59-07:00,Wed,23,5,10,1,6,0,9,2,7,0,12,11,16,8,18,4,4,4,4,0,5,3,6,4,3,0,10,3,2,0,6,0,0
2026-07-02T00:09-07:00,Thu,0,5,13,1,5,0,8,2,7,0,12,11,13,8,15,4,5,4,4,0,5,3,7,4,1,0,9,2,2,0,6,0,0
2026-07-02T00:19-07:00,Thu,0,5,11,1,4,0,8,2,7,0,12,11,12,8,14,4,5,3,3,0,5,3,4,4,0,0,8,2,1,0,6,0,0
2026-07-02T01:30-07:00,Thu,1,5,2,0,0,0,0,1,3,0,12,7,6,6,6,4,2,2,2,0,3,3,0,2,1,0,0,1,1,0,0,0,0
2026-07-02T01:40-07:00,Thu,1,5,2,0,0,0,0,1,4,0,12,7,6,6,4,4,2,2,2,0,3,3,0,2,1,0,0,1,1,0,0,0,0
2026-07-02T01:50-07:00,Thu,1,5,2,0,0,0,0,1,4,0,12,7,5,4,3,4,1,2,1,0,3,3,0,2,0,0,0,1,1,0,0,0,0
2026-07-02T02:00-07:00,Thu,2,4,3,0,0,0,0,1,4,0,12,7,4,4,3,4,1,2,1,0,3,3,0,2,0,0,0,1,0,0,0,0,0
2026-07-02T02:10-07:00,Thu,2,4,3,0,0,0,0,1,4,0,12,6,4,4,2,3,1,2,2,0,3,3,0,2,0,0,0,1,1,0,0,0,0
2026-07-02T02:20-07:00,Thu,2,4,4,0,0,0,0,1,4,0,12,6,5,4,2,2,3,2,2,0,3,1,3,2,0,0,0,1,1,0,0,0,0
2026-07-02T03:31-07:00,Thu,3,3,0,0,0,0,0,0,0,0,12,6,4,3,2,0,3,1,6,0,3,1,0,2,2,0,0,1,2,0,0,0,0
2026-07-02T03:41-07:00,Thu,3,3,0,0,0,0,0,0,0,0,12,6,3,3,1,0,3,1,2,0,3,1,1,1,1,0,0,1,2,0,0,0,0
2026-07-02T03:51-07:00,Thu,3,3,0,0,0,0,0,0,0,0,12,6,3,3,0,0,3,0,2,0,3,1,1,1,2,0,0,1,2,0,0,0,0
2026-07-02T04:01-07:00,Thu,4,3,0,0,0,0,0,0,0,0,12,5,2,3,0,0,3,0,2,0,3,1,1,1,2,0,0,1,1,0,0,0,0
2026-07-02T04:11-07:00,Thu,4,3,0,0,0,0,0,0,0,0,12,4,2,3,0,0,3,0,1,0,3,0,0,1,2,0,0,1,1,0,0,0,0
2026-07-02T04:21-07:00,Thu,4,2,0,0,0,0,0,0,0,0,12,4,1,3,0,0,3,0,1,0,3,0,0,1,4,0,0,0,1,0,0,0,0
2026-07-02T05:32-07:00,Thu,5,1,1,0,0,0,0,0,0,0,12,3,2,2,1,0,3,0,1,0,3,0,0,1,3,0,0,0,1,0,0,0,0
2026-07-02T05:42-07:00,Thu,5,1,2,0,0,0,0,0,0,0,12,3,2,1,2,0,3,0,1,0,3,0,0,1,0,0,0,0,1,0,0,0,0
2026-07-02T05:52-07:00,Thu,5,1,2,0,0,0,0,0,0,0,12,3,2,1,2,0,3,0,1,0,3,0,0,1,0,0,0,0,1,0,0,0,0
2026-07-02T06:02-07:00,Thu,6,1,5,0,1,0,0,0,0,0,12,3,2,1,2,0,3,0,1,0,3,0,0,1,0,0,0,0,1,0,0,0,0
2026-07-02T06:12-07:00,Thu,6,1,4,0,1,0,0,0,0,0,12,2,2,1,2,0,3,0,1,0,3,0,0,1,0,0,0,0,0,0,0,0,0
2026-07-02T06:22-07:00,Thu,6,1,4,0,1,0,0,0,0,0,12,2,2,1,2,0,3,0,1,0,3,0,0,1,0,0,0,0,0,0,0,0,0
2026-07-02T07:33-07:00,Thu,7,1,4,0,1,0,1,0,0,0,12,2,3,1,4,0,3,0,1,0,3,0,1,1,0,0,0,0,0,0,0,0,0
2026-07-02T07:43-07:00,Thu,7,1,5,0,1,0,1,0,1,0,12,2,5,1,1,0,4,0,1,0,3,0,2,1,0,0,0,0,0,0,0,0,0
2026-07-02T07:53-07:00,Thu,7,1,6,0,1,0,1,0,1,0,12,2,4,1,1,0,4,0,1,0,3,0,2,0,0,0,0,0,0,0,0,0,0
2026-07-02T08:03-07:00,Thu,8,1,5,0,1,0,1,0,1,0,12,2,6,1,1,0,5,0,1,0,3,0,2,0,0,0,0,0,0,0,0,0,0
2026-07-02T08:13-07:00,Thu,8,1,5,0,1,0,1,0,1,0,12,2,10,1,1,0,5,0,1,0,3,0,2,0,0,0,0,0,0,0,0,0,0
2026-07-02T08:23-07:00,Thu,8,1,5,0,1,0,1,0,1,0,12,2,11,1,2,0,5,0,1,0,3,0,4,0,0,0,0,0,0,0,0,0,0
2026-07-02T08:33-07:00,Thu,8,1,5,0,1,0,1,0,1,0,12,3,15,1,5,0,5,0,1,0,3,0,4,0,2,0,0,0,0,0,0,0,0
2026-07-02T08:43-07:00,Thu,8,1,5,0,1,0,0,0,1,0,12,3,9,1,7,0,6,0,1,0,3,0,4,0,2,0,0,0,0,0,0,0,0
2026-07-02T08:53-07:00,Thu,8,1,5,0,1,0,0,0,1,0,12,3,11,1,12,0,7,0,2,0,3,0,4,0,2,0,0,0,0,0,0,0,0
2026-07-02T09:03-07:00,Thu,9,1,5,0,1,0,0,0,1,0,12,3,9,1,13,0,9,0,3,0,3,0,4,0,2,0,0,0,0,0,0,0,0
2026-07-02T09:13-07:00,Thu,9,1,5,0,1,0,0,0,1,0,12,3,11,1,16,0,10,0,3,0,3,0,5,0,3,0,1,0,1,0,1,0,0
2026-07-02T09:23-07:00,Thu,9,1,5,0,1,0,0,0,2,0,12,3,12,1,15,0,11,0,4,0,3,0,5,0,3,0,1,0,1,0,1,0,0
2026-07-02T10:34-07:00,Thu,10,2,7,0,5,0,0,0,3,0,12,3,28,1,30,1,13,0,10,0,6,1,4,1,2,0,6,0,5,0,4,0,0
2026-07-02T10:44-07:00,Thu,10,2,6,0,5,0,0,0,3,0,12,3,26,2,20,1,15,0,10,0,6,1,4,1,3,0,5,0,7,0,5,0,0
2026-07-02T10:54-07:00,Thu,10,2,8,0,7,0,0,0,5,0,12,3,30,2,25,1,15,0,9,0,6,1,9,1,2,0,6,0,8,0,6,0,0
2026-07-02T11:04-07:00,Thu,11,2,9,0,7,0,0,0,7,0,12,4,38,2,30,2,17,0,9,0,7,1,10,1,4,0,4,0,9,0,7,0,0
2026-07-02T11:14-07:00,Thu,11,2,12,0,8,0,0,0,7,0,12,4,27,2,31,2,13,0,10,0,7,1,11,1,3,0,4,0,10,0,8,0,0
2026-07-02T11:24-07:00,Thu,11,2,12,0,8,0,0,0,7,0,12,4,28,2,35,2,15,0,11,0,8,1,11,1,5,0,6,0,12,0,9,0,0
2026-07-02T12:35-07:00,Thu,12,3,13,0,7,0,0,0,9,0,12,5,33,3,38,2,26,1,9,0,9,2,4,1,9,0,6,2,8,0,12,0,0
2026-07-02T12:45-07:00,Thu,12,3,14,0,7,0,0,0,10,0,12,5,33,3,40,2,31,1,12,0,10,2,3,2,3,0,6,2,2,0,11,0,0
2026-07-02T12:55-07:00,Thu,12,3,14,0,7,0,0,0,11,0,12,5,34,4,40,3,33,1,14,0,10,2,5,2,5,0,5,2,5,0,14,0,0
2026-07-02T13:05-07:00,Thu,13,3,18,0,9,0,1,0,12,0,12,5,35,4,36,3,30,1,17,0,10,2,5,2,9,0,5,2,5,0,12,0,0
2026-07-02T13:15-07:00,Thu,13,3,15,0,8,0,1,0,11,0,12,5,35,4,37,3,26,1,16,0,10,2,4,2,13,0,5,2,4,0,8,0,0
2026-07-02T13:25-07:00,Thu,13,3,15,0,8,0,1,0,10,0,12,5,39,4,41,3,29,1,18,0,11,2,4,2,16,0,7,2,6,0,9,0,0
2026-07-02T14:36-07:00,Thu,14,3,19,0,11,0,0,1,6,0,12,7,33,6,39,4,31,2,24,0,18,2,3,2,8,0,10,2,14,1,5,0,0
2026-07-02T14:46-07:00,Thu,14,3,21,0,12,0,0,1,8,0,12,7,36,6,41,4,34,2,25,0,18,2,3,2,11,0,8,2,13,1,3,0,0
2026-07-02T14:56-07:00,Thu,14,3,22,0,7,0,0,1,8,0,12,8,32,6,42,4,34,2,25,1,21,2,7,3,16,0,8,2,11,1,2,0,0
2026-07-02T15:06-07:00,Thu,15,4,17,0,7,0,0,1,8,0,12,8,35,6,40,4,32,2,22,1,5,2,7,3,8,0,10,2,14,1,4,0,0
2026-07-02T15:16-07:00,Thu,15,4,17,0,7,0,0,1,10,0,12,8,37,7,32,4,29,2,20,1,7,2,8,3,9,0,10,2,10,1,3,0,0
2026-07-02T15:26-07:00,Thu,15,4,16,0,7,0,1,1,10,0,12,8,44,7,36,4,27,3,9,0,8,2,14,3,10,0,8,2,9,1,4,0,0
2026-07-02T16:37-07:00,Thu,16,5,17,0,9,0,1,1,13,0,12,9,40,8,54,4,40,3,22,0,15,2,10,4,8,1,3,2,12,1,3,0,0
2026-07-02T16:47-07:00,Thu,16,5,19,0,10,0,1,1,13,0,12,9,44,9,57,4,38,3,21,0,15,3,12,4,5,1,3,2,10,1,2,0,0
2026-07-02T16:57-07:00,Thu,16,5,17,0,10,0,1,1,12,0,12,9,51,9,50,4,42,3,23,0,15,2,8,4,2,1,5,2,11,1,3,0,0
2026-07-02T17:07-07:00,Thu,17,5,19,0,9,0,0,1,11,0,12,9,59,9,51,4,48,3,27,0,15,3,1,4,3,1,5,2,10,1,4,0,0
2026-07-02T17:17-07:00,Thu,17,5,20,0,12,0,1,1,11,0,12,9,66,9,53,4,48,3,30,0,14,3,0,4,2,1,4,2,5,1,6,0,0
2026-07-02T17:27-07:00,Thu,17,5,21,0,12,0,1,1,12,0,12,9,71,9,61,5,53,3,31,0,13,3,2,4,4,1,4,2,5,1,6,0,0
2026-07-02T18:37-07:00,Thu,18,5,22,1,11,0,2,1,12,0,12,9,77,9,75,5,48,3,37,0,15,3,18,4,9,0,6,2,4,1,7,0,0
2026-07-02T18:48-07:00,Thu,18,5,18,1,8,0,2,1,11,0,12,9,84,9,81,5,57,3,39,0,15,3,15,4,7,0,5,2,4,1,9,0,0
2026-07-02T18:58-07:00,Thu,18,5,19,1,9,0,2,1,11,0,12,9,86,9,81,5,62,3,40,0,15,3,16,4,8,0,6,2,7,1,12,0,0
2026-07-02T19:08-07:00,Thu,19,5,20,1,9,0,3,1,12,0,12,9,90,9,78,5,63,3,42,0,15,4,8,4,9,0,8,2,10,1,13,0,0
2026-07-02T19:18-07:00,Thu,19,5,21,1,8,0,2,1,12,0,12,9,92,9,72,5,67,3,42,0,17,4,9,4,9,0,9,2,11,1,13,0,0
2026-07-02T19:28-07:00,Thu,19,5,19,1,9,0,3,1,10,0,12,9,95,9,67,5,62,3,38,0,18,4,10,4,9,0,7,2,9,1,13,0,0
2026-07-02T20:38-07:00,Thu,20,5,21,1,11,0,2,1,9,0,12,9,102,9,78,5,58,3,23,0,20,4,13,5,14,0,16,2,10,1,17,0,0
2026-07-02T20:48-07:00,Thu,20,5,17,1,7,0,0,1,7,0,12,9,99,9,76,5,58,3,19,0,21,4,13,5,11,1,17,2,11,1,17,0,0
2026-07-02T20:58-07:00,Thu,20,5,18,1,9,0,0,1,6,0,12,9,102,9,75,5,48,3,21,0,21,4,10,5,11,0,9,2,7,2,5,0,0
2026-07-02T21:08-07:00,Thu,21,5,17,1,9,0,0,1,6,0,12,9,98,9,75,5,46,3,22,0,21,4,13,5,12,0,9,2,11,1,6,0,0
2026-07-02T21:18-07:00,Thu,21,5,17,1,9,0,0,1,5,0,12,9,86,9,84,5,46,3,21,0,22,4,14,5,11,0,8,2,12,1,8,0,0
2026-07-02T21:28-07:00,Thu,21,5,16,1,10,0,0,1,4,0,12,9,85,9,84,5,49,3,22,0,23,4,11,5,9,0,6,2,12,1,6,0,0
2026-07-02T22:39-07:00,Thu,22,6,14,0,5,0,0,1,7,0,12,9,90,9,98,5,74,3,23,0,26,5,19,5,20,0,8,3,8,1,12,0,0
2026-07-02T22:49-07:00,Thu,22,6,15,0,3,0,0,1,8,0,12,9,92,9,94,5,71,3,25,0,26,5,15,5,13,0,7,3,7,1,10,0,0
2026-07-02T22:59-07:00,Thu,22,6,14,0,3,0,0,1,8,0,12,9,92,9,94,5,65,3,26,0,28,6,7,5,10,0,6,3,7,1,7,0,0
2026-07-02T23:09-07:00,Thu,23,6,11,0,3,0,1,1,8,0,12,9,77,9,83,5,57,3,23,0,29,6,6,5,9,0,0,3,7,1,4,0,0
2026-07-02T23:19-07:00,Thu,23,6,11,0,3,0,1,1,8,0,12,9,82,9,73,5,56,3,25,0,29,6,4,5,8,0,1,3,4,1,3,0,0
2026-07-02T23:29-07:00,Thu,23,7,13,0,4,0,1,1,7,0,12,9,67,9,62,5,46,3,24,0,30,6,3,5,5,0,1,3,5,1,7,0,0
2026-07-03T00:40-07:00,Fri,0,6,5,0,2,0,2,1,2,0,12,9,50,9,15,5,9,3,7,0,30,4,6,5,2,0,0,3,1,1,7,0,0
2026-07-03T00:50-07:00,Fri,0,6,5,0,2,0,2,1,2,0,12,9,39,9,14,5,8,3,6,0,30,4,2,5,0,0,0,3,1,1,7,0,0
2026-07-03T01:00-07:00,Fri,1,6,5,0,2,0,1,1,2,0,12,9,24,9,13,5,7,3,4,0,29,4,1,5,1,0,0,3,1,1,7,0,0
2026-07-03T01:10-07:00,Fri,1,5,5,0,0,0,0,1,1,0,12,9,15,9,11,5,8,3,3,0,1,4,1,5,1,0,0,2,2,1,7,0,0
2026-07-03T01:20-07:00,Fri,1,5,5,0,0,0,0,1,1,0,12,9,12,9,9,5,7,2,2,0,1,4,1,5,1,0,0,2,3,1,8,0,0
2026-07-03T01:30-07:00,Fri,1,5,4,0,0,0,0,1,1,0,12,9,8,9,7,4,5,2,1,0,0,4,0,5,1,0,0,2,1,1,4,0,0
2026-07-03T01:40-07:00,Fri,1,4,4,0,0,0,0,1,0,0,12,8,9,8,6,4,3,2,0,0,0,4,0,5,2,0,0,2,2,1,3,0,0
2026-07-03T01:50-07:00,Fri,1,4,2,0,0,0,0,1,0,0,12,8,8,8,5,4,3,2,0,0,0,4,0,5,2,0,0,2,2,1,4,0,0
2026-07-03T02:00-07:00,Fri,2,4,3,0,0,0,0,1,0,0,12,6,7,7,4,3,6,2,3,0,0,3,0,5,2,0,0,2,2,1,4,0,0
2026-07-03T02:10-07:00,Fri,2,3,2,0,0,0,0,1,0,0,12,5,7,7,4,3,3,1,3,0,0,3,0,5,2,0,0,2,2,1,4,0,0
2026-07-03T02:20-07:00,Fri,2,3,3,0,0,0,0,0,0,0,12,5,5,7,3,3,3,1,1,0,0,2,2,3,1,0,0,2,2,1,4,0,0
2026-07-03T02:30-07:00,Fri,2,3,1,0,0,0,0,0,0,0,12,5,4,6,3,3,3,1,2,0,0,2,3,3,2,0,0,2,1,1,4,0,0
2026-07-03T03:41-07:00,Fri,3,2,1,0,0,0,0,0,0,0,12,4,4,6,3,1,4,1,4,0,1,2,2,2,2,0,0,2,1,0,0,0,0
2026-07-03T03:51-07:00,Fri,3,2,0,0,0,0,0,0,0,0,12,4,4,5,3,1,4,1,3,0,1,2,2,2,1,0,0,2,1,0,0,0,0
2026-07-03T04:01-07:00,Fri,4,2,0,0,0,0,0,0,0,0,12,4,4,5,3,1,3,1,3,0,1,2,2,2,1,0,0,2,1,0,0,0,0
2026-07-03T04:11-07:00,Fri,4,2,0,0,0,0,0,0,0,0,12,4,2,5,1,1,2,1,3,0,1,2,1,2,1,0,0,2,1,0,0,0,0
2026-07-03T04:21-07:00,Fri,4,2,1,0,0,0,0,0,0,0,12,4,4,4,2,1,2,1,2,0,1,2,1,2,1,0,0,2,1,0,0,0,0
2026-07-03T04:31-07:00,Fri,4,2,1,0,0,0,0,0,0,0,12,3,4,3,2,1,2,1,1,0,0,2,0,2,1,0,0,1,2,0,0,0,0
2026-07-03T05:42-07:00,Fri,5,1,2,0,0,0,0,0,0,0,12,2,4,3,3,0,0,0,0,1,0,2,0,0,0,0,0,1,0,0,0,0,0
2026-07-03T05:52-07:00,Fri,5,1,2,0,0,0,0,0,0,0,12,2,5,3,4,0,0,0,0,1,0,2,0,0,1,0,0,1,0,0,0,0,0
2026-07-03T06:02-07:00,Fri,6,1,2,0,0,0,0,0,0,0,12,2,3,3,5,0,0,0,0,1,0,1,3,0,1,0,0,1,0,0,0,0,0
2026-07-03T06:12-07:00,Fri,6,1,1,0,0,0,0,0,0,0,12,2,3,2,6,0,0,0,0,0,0,1,6,0,1,0,0,1,0,0,0,0,0
2026-07-03T06:22-07:00,Fri,6,1,1,0,0,0,0,0,0,0,12,1,3,2,4,0,0,0,0,0,0,1,4,0,1,0,0,1,0,0,0,0,0
2026-07-03T06:32-07:00,Fri,6,1,1,0,0,0,0,0,0,0,12,1,3,2,6,0,0,0,0,0,0,1,3,0,1,0,0,1,0,0,0,0,0
2026-07-03T07:43-07:00,Fri,7,1,6,0,0,0,0,0,1,0,12,1,9,2,7,0,4,0,1,0,1,1,5,0,0,0,0,0,0,0,0,0,0
2026-07-03T07:53-07:00,Fri,7,1,6,0,0,0,0,0,1,0,12,1,11,2,8,0,4,0,1,0,1,1,6,0,0,0,0,0,0,0,0,0,0
2026-07-03T08:03-07:00,Fri,8,1,6,0,0,0,0,0,1,0,12,1,12,2,7,0,4,0,1,0,1,1,6,0,0,0,0,0,0,0,0,0,0
2026-07-03T08:13-07:00,Fri,8,1,8,0,0,0,0,0,1,0,12,1,14,2,9,0,4,0,1,0,1,2,8,0,0,0,0,0,0,0,0,0,0
2026-07-03T08:23-07:00,Fri,8,1,11,0,1,0,0,0,1,0,12,1,15,2,9,0,6,0,2,0,1,2,1,0,0,0,0,0,0,0,0,0,0
2026-07-03T08:33-07:00,Fri,8,1,12,0,1,0,0,0,1,0,12,2,17,2,12,0,6,0,2,0,1,2,0,0,0,0,0,0,0,0,0,0,0
2026-07-03T09:44-07:00,Fri,9,2,6,0,2,0,0,0,3,0,12,3,14,2,19,0,17,0,6,0,2,2,2,0,2,0,2,0,1,0,0,0,0
2026-07-03T09:54-07:00,Fri,9,2,10,0,4,0,1,0,4,0,12,3,14,2,19,0,19,0,7,0,2,2,1,0,2,0,2,0,1,0,0,0,0
2026-07-03T10:04-07:00,Fri,10,2,14,0,4,0,1,0,4,0,12,3,11,2,16,1,20,0,9,0,3,2,2,0,2,0,2,0,1,0,0,0,0
2026-07-03T10:14-07:00,Fri,10,2,14,0,4,0,1,0,5,0,12,4,20,2,16,1,14,0,13,0,3,2,4,0,5,0,4,0,2,0,0,0,0
2026-07-03T10:24-07:00,Fri,10,2,21,0,6,0,2,0,5,0,12,4,20,2,24,1,18,0,14,0,3,2,3,0,6,0,5,0,2,0,0,0,0
2026-07-03T10:34-07:00,Fri,10,2,22,0,6,0,2,0,7,0,12,4,26,2,27,1,20,0,15,0,3,2,6,0,8,0,5,0,2,0,0,0,0
2026-07-03T11:44-07:00,Fri,11,3,22,0,8,0,2,0,10,0,12,4,51,3,33,2,17,1,14,0,4,2,4,1,8,0,8,0,6,0,0,0,0
2026-07-03T11:54-07:00,Fri,11,3,24,0,7,0,2,0,11,0,12,4,58,3,35,2,15,1,13,0,4,2,3,2,12,0,9,0,9,0,2,0,0
2026-07-03T12:05-07:00,Fri,12,4,30,0,7,0,2,0,12,0,12,5,64,3,41,2,17,1,15,0,5,2,3,2,7,0,10,0,10,0,3,0,0
2026-07-03T12:15-07:00,Fri,12,4,26,0,7,0,2,0,13,0,12,5,56,3,44,2,20,2,14,0,5,2,4,2,8,0,11,0,6,0,5,0,0
2026-07-03T12:25-07:00,Fri,12,4,29,0,7,0,3,0,14,0,12,6,56,4,46,2,20,2,9,0,5,2,0,2,10,1,14,0,7,0,6,0,0
2026-07-03T12:35-07:00,Fri,12,4,27,0,10,0,5,0,15,0,12,6,57,4,50,2,25,2,13,0,5,2,1,2,8,1,1,0,8,0,7,0,0
2026-07-03T13:45-07:00,Fri,13,5,21,0,21,0,13,1,14,0,12,7,59,4,59,4,30,1,18,1,3,3,6,2,11,1,7,0,16,1,9,0,0
2026-07-03T13:55-07:00,Fri,13,5,27,0,22,0,12,1,14,0,12,7,60,4,58,4,32,1,16,1,4,3,4,2,11,1,6,0,14,1,9,0,0
2026-07-03T14:05-07:00,Fri,14,5,28,0,22,0,12,1,16,0,12,7,61,4,64,4,35,1,19,1,8,3,6,2,8,1,8,0,16,1,9,0,0
2026-07-03T14:15-07:00,Fri,14,5,28,0,23,0,12,1,17,0,12,7,63,4,67,4,34,1,17,1,8,3,6,2,13,1,9,0,19,1,10,0,0
2026-07-03T14:25-07:00,Fri,14,5,29,1,20,0,11,1,19,0,12,7,63,4,69,4,36,1,19,1,9,3,5,3,8,1,9,0,19,1,9,0,0
2026-07-03T14:35-07:00,Fri,14,5,30,1,13,0,11,1,19,0,12,7,67,4,64,4,36,1,23,1,10,3,8,3,9,1,12,0,18,1,10,0,0
2026-07-03T15:46-07:00,Fri,15,5,21,1,9,0,16,2,10,0,12,8,89,5,89,4,38,2,20,0,8,3,9,2,10,0,3,2,8,1,6,0,0
2026-07-03T15:56-07:00,Fri,15,5,22,1,10,0,16,2,9,0,12,8,52,5,52,4,35,2,16,0,8,3,7,3,11,0,5,2,8,1,6,0,0
2026-07-03T16:06-07:00,Fri,16,6,18,1,9,0,16,2,10,0,12,8,27,7,30,4,36,2,16,0,6,3,5,3,3,0,5,2,7,1,6,0,0
2026-07-03T16:16-07:00,Fri,16,6,16,1,10,0,16,2,10,0,12,9,35,6,32,4,39,2,16,0,6,3,11,3,9,0,5,2,10,1,7,0,0
2026-07-03T16:26-07:00,Fri,16,6,17,1,12,0,17,2,11,0,12,9,34,6,37,4,37,2,14,0,6,4,7,3,10,0,5,2,11,1,8,0,0
2026-07-03T16:36-07:00,Fri,16,6,17,1,12,0,17,2,10,0,12,9,40,6,40,4,40,2,13,0,5,4,5,3,9,0,5,2,12,1,8,1,0
2026-07-03T16:47-07:00,Fri,16,6,23,1,15,0,18,2,10,0,12,9,44,6,39,5,40,2,13,0,4,3,10,3,12,0,5,2,11,1,8,1,0
2026-07-03T16:57-07:00,Fri,16,6,19,1,16,0,18,2,10,0,12,10,36,7,43,5,42,2,15,0,4,3,8,3,9,0,5,2,9,1,6,1,0
2026-07-03T17:07-07:00,Fri,17,6,21,1,9,1,10,2,7,0,12,10,33,7,31,5,19,2,17,0,4,3,14,3,14,0,5,2,9,1,6,1,0
2026-07-03T17:17-07:00,Fri,17,5,19,1,7,1,8,2,6,0,12,10,32,7,30,5,22,2,18,0,4,3,8,4,4,0,5,2,5,1,7,1,0
2026-07-03T17:27-07:00,Fri,17,5,21,1,8,1,8,2,7,0,12,10,35,7,32,5,23,2,18,0,4,3,9,4,4,0,6,2,7,1,6,1,0
2026-07-03T17:37-07:00,Fri,17,5,27,1,9,1,9,2,10,0,12,10,36,7,41,5,29,2,19,0,5,3,10,4,4,0,7,2,8,1,7,1,0
2026-07-03T18:47-07:00,Fri,18,6,26,1,16,1,12,2,10,0,12,10,67,8,68,5,41,2,27,0,11,3,7,4,16,0,11,2,6,1,5,1,0
2026-07-03T18:57-07:00,Fri,18,6,24,1,13,1,11,2,8,0,12,10,70,8,69,5,44,2,30,0,13,3,10,4,20,0,11,2,10,1,3,1,0
2026-07-03T19:08-07:00,Fri,19,6,26,1,15,1,12,2,7,0,12,10,78,8,71,5,48,2,32,0,15,3,1,5,7,1,11,2,9,1,1,1,1
2026-07-03T19:18-07:00,Fri,19,6,26,1,16,1,13,2,6,0,12,10,0,8,83,5,55,2,33,0,17,3,3,5,4,1,2,2,8,1,1,1,1
2026-07-03T19:28-07:00,Fri,19,6,30,2,12,1,18,2,5,0,12,10,91,8,94,5,59,2,33,0,17,3,3,5,4,1,3,2,8,1,1,1,0
2026-07-03T19:38-07:00,Fri,19,6,30,2,11,1,18,2,5,0,12,10,95,8,97,5,65,2,36,0,18,3,4,5,7,1,5,2,9,1,2,1,0
2026-07-03T20:48-07:00,Fri,20,6,38,2,19,1,13,1,11,0,12,10,138,8,96,5,86,2,48,0,20,3,4,5,11,0,3,3,4,1,5,1,1
2026-07-03T20:58-07:00,Fri,20,6,40,2,23,1,13,1,15,0,12,10,141,8,107,5,90,2,51,0,21,3,7,5,10,0,7,3,8,1,7,0,0
2026-07-03T21:08-07:00,Fri,21,7,42,2,22,1,13,1,16,0,12,10,121,8,109,5,94,2,50,0,22,3,11,5,8,0,7,3,10,1,8,0,0
2026-07-03T21:18-07:00,Fri,21,7,31,2,20,1,11,1,14,0,12,10,118,8,93,5,96,2,49,0,21,4,10,5,10,0,4,3,10,1,9,1,0
2026-07-03T21:28-07:00,Fri,21,7,30,2,18,1,10,1,14,0,12,10,97,8,93,5,99,2,52,0,21,4,8,5,12,0,5,4,15,1,11,1,1
2026-07-03T21:38-07:00,Fri,21,7,31,2,12,1,9,1,14,0,12,10,102,8,95,5,93,2,54,0,22,4,13,5,13,0,7,4,7,1,11,1,1
2026-07-03T22:49-07:00,Fri,22,8,29,2,9,1,9,1,14,0,12,11,92,8,101,5,59,2,49,0,26,6,8,6,10,0,3,3,11,1,13,1,1
2026-07-03T22:59-07:00,Fri,22,8,15,2,7,1,10,1,15,0,12,11,77,8,95,5,47,2,36,0,26,6,5,6,12,0,3,3,11,1,8,1,1
2026-07-03T23:09-07:00,Fri,23,8,14,2,7,1,9,1,15,0,12,11,47,8,65,5,32,2,37,0,26,6,2,7,4,0,3,3,10,1,8,1,1
2026-07-03T23:19-07:00,Fri,23,8,17,2,7,1,9,1,13,0,12,11,47,8,69,5,27,2,38,0,26,6,3,7,3,0,3,3,6,1,7,1,0
2026-07-03T23:29-07:00,Fri,23,8,16,2,6,1,10,1,13,0,12,11,43,8,64,5,24,2,38,0,26,5,2,7,3,0,3,3,7,1,9,1,0
2026-07-03T23:39-07:00,Fri,23,8,15,2,6,1,6,1,14,0,12,11,52,8,69,4,29,3,41,1,28,4,2,6,1,0,3,3,9,1,9,1,0
2026-07-04T00:50-07:00,Sat,0,7,8,2,4,1,3,1,8,0,12,11,14,9,13,4,8,2,3,1,1,4,1,6,0,0,0,3,2,1,5,1,0
2026-07-04T01:00-07:00,Sat,1,7,4,2,4,1,2,1,6,0,12,11,13,9,11,4,8,2,4,1,1,4,1,6,0,0,0,3,2,1,5,1,0
2026-07-04T01:10-07:00,Sat,1,7,4,2,3,1,2,1,6,0,12,11,11,8,8,4,7,2,2,1,1,3,2,5,0,0,0,3,2,1,7,1,0
2026-07-04T01:20-07:00,Sat,1,6,4,2,3,1,2,1,6,0,12,11,10,7,8,4,3,2,2,1,1,3,4,5,0,0,0,3,2,1,5,1,0
2026-07-04T01:30-07:00,Sat,1,6,5,2,3,1,2,1,7,0,12,11,11,7,7,4,3,2,3,1,1,3,3,5,0,0,0,3,2,1,4,1,0
2026-07-04T01:40-07:00,Sat,1,6,4,2,2,1,1,1,7,0,12,11,6,7,6,4,2,2,3,1,1,3,4,5,3,0,0,3,2,1,2,1,0
2026-07-04T02:51-07:00,Sat,2,3,3,2,1,0,0,1,3,0,12,9,2,5,5,2,4,2,0,1,1,2,0,4,0,0,0,1,3,1,1,1,0
2026-07-04T03:01-07:00,Sat,3,3,4,2,1,0,0,1,3,0,12,9,4,5,5,2,4,2,0,1,1,2,1,3,1,0,0,1,2,1,1,1,0
2026-07-04T03:11-07:00,Sat,3,3,4,2,1,0,0,1,3,0,12,9,4,5,4,2,2,1,1,0,1,2,1,3,0,0,0,1,1,1,1,1,0
2026-07-04T03:21-07:00,Sat,3,3,3,2,1,0,0,1,3,0,12,9,4,4,4,2,2,1,1,0,1,2,1,3,0,0,0,1,2,1,2,1,0
2026-07-04T03:31-07:00,Sat,3,3,3,2,0,0,0,1,3,0,12,9,3,4,2,2,1,1,1,0,1,2,1,3,0,0,0,1,2,1,2,1,0
2026-07-04T03:41-07:00,Sat,3,3,3,1,1,0,0,1,3,0,12,9,4,3,2,2,2,1,1,0,1,2,0,2,2,0,0,1,0,1,0,1,0
2026-07-04T04:52-07:00,Sat,4,2,1,1,0,0,0,1,0,0,12,4,3,2,6,1,3,1,2,0,0,1,4,2,0,0,0,0,1,1,1,0,0
2026-07-04T05:02-07:00,Sat,5,2,1,1,0,0,0,1,0,0,12,4,2,2,8,1,4,1,2,0,0,1,4,2,2,0,0,0,1,1,1,0,0
2026-07-04T05:12-07:00,Sat,5,2,1,1,0,0,0,1,0,0,12,4,3,1,9,1,4,1,2,0,1,1,4,2,2,0,0,0,1,1,1,0,0
2026-07-04T05:22-07:00,Sat,5,2,1,0,0,0,0,1,0,0,12,4,2,1,9,1,4,1,2,0,1,1,4,2,2,0,0,0,1,1,1,0,0
2026-07-04T05:32-07:00,Sat,5,2,1,0,0,0,0,1,0,0,12,4,2,1,10,1,5,1,2,0,1,1,4,2,2,0,0,0,1,1,1,0,0
2026-07-04T05:42-07:00,Sat,5,2,2,0,0,0,0,1,0,0,12,3,2,1,9,1,4,1,2,0,1,1,4,2,2,0,0,0,1,1,1,0,0
2026-07-04T06:52-07:00,Sat,6,1,6,0,1,0,0,0,0,0,12,3,5,1,8,1,9,1,1,0,1,1,0,1,1,0,0,0,0,1,0,0,0
2026-07-04T07:03-07:00,Sat,7,1,6,0,1,0,0,0,0,0,12,3,5,1,9,1,9,1,1,0,1,1,0,1,1,0,0,0,0,1,0,0,0
2026-07-04T07:13-07:00,Sat,7,1,8,0,1,0,0,0,0,0,12,2,7,1,11,1,8,1,0,0,0,1,0,1,3,0,0,0,0,0,0,0,0
2026-07-04T07:23-07:00,Sat,7,1,7,0,1,0,0,0,0,0,12,2,8,1,12,1,8,1,0,0,0,1,0,1,3,0,0,0,0,0,0,0,0
2026-07-04T07:33-07:00,Sat,7,2,8,0,2,0,1,0,1,0,12,2,9,1,15,1,12,1,1,0,0,0,0,1,3,0,0,0,0,0,0,0,0
2026-07-04T07:43-07:00,Sat,7,2,2,0,2,0,1,0,1,0,12,2,7,1,14,1,12,1,1,0,0,0,0,1,3,0,0,0,0,0,0,0,0
2026-07-04T08:53-07:00,Sat,8,2,7,0,3,0,1,0,2,0,12,2,9,1,19,1,16,1,8,0,0,0,8,1,4,0,1,0,1,0,1,0,1
2026-07-04T09:03-07:00,Sat,9,2,6,0,3,0,1,0,3,0,12,2,10,1,22,1,19,1,9,0,0,1,11,1,4,0,0,0,0,0,0,0,0
2026-07-04T09:13-07:00,Sat,9,2,9,0,4,0,1,0,3,0,12,2,14,1,24,2,21,1,10,0,0,1,5,1,6,0,1,0,1,0,1,0,1
2026-07-04T09:23-07:00,Sat,9,2,9,0,4,0,1,0,3,0,12,2,15,1,27,2,14,1,10,0,0,1,9,1,8,0,2,0,2,0,1,0,1
2026-07-04T09:33-07:00,Sat,9,2,9,0,5,0,2,0,4,0,12,2,20,1,30,2,13,1,9,0,0,1,11,1,8,0,2,0,2,0,1,0,1
2026-07-04T09:43-07:00,Sat,9,2,12,0,5,0,2,0,4,0,12,2,18,2,31,2,12,1,9,0,0,1,11,1,7,0,2,0,2,0,1,0,1
2026-07-04T10:54-07:00,Sat,10,3,19,0,10,0,6,0,9,0,12,3,40,3,20,2,24,1,14,0,6,2,6,1,5,0,2,0,2,0,1,0,1
2026-07-04T11:04-07:00,Sat,11,3,16,0,9,0,5,0,7,0,12,4,36,3,26,3,12,1,15,0,6,2,6,1,8,0,2,0,2,0,1,0,1
2026-07-04T11:14-07:00,Sat,11,3,18,0,9,0,5,0,8,0,12,4,36,3,26,3,15,1,16,0,7,2,5,1,9,0,2,0,2,0,1,0,1
2026-07-04T11:24-07:00,Sat,11,4,11,0,10,0,5,0,8,0,12,4,38,3,27,3,18,1,17,0,7,2,7,1,10,0,2,0,2,0,1,0,1
2026-07-04T11:34-07:00,Sat,11,4,15,0,10,0,6,0,9,0,12,4,44,3,31,3,21,2,16,0,7,2,4,1,6,0,2,0,2,0,1,0,1
2026-07-04T11:44-07:00,Sat,11,4,17,0,11,0,5,0,9,0,12,4,41,3,38,3,21,2,8,0,8,2,5,1,9,0,2,0,2,0,1,0,1
2026-07-04T12:55-07:00,Sat,12,4,23,0,13,0,6,0,14,0,12,4,82,3,82,4,23,2,10,0,11,2,6,2,8,0,3,0,3,0,1,0,0
2026-07-04T13:05-07:00,Sat,13,4,25,0,14,0,7,1,9,0,12,4,83,3,87,4,31,2,15,0,13,2,3,2,5,0,3,0,4,0,1,0,0
2026-07-04T13:15-07:00,Sat,13,4,27,0,14,0,8,1,12,0,12,4,89,3,91,4,32,2,14,0,14,2,4,2,7,0,4,0,5,0,2,0,0
2026-07-04T13:25-07:00,Sat,13,4,20,0,14,0,8,1,10,0,12,4,97,3,97,4,32,2,15,0,15,2,6,2,9,0,4,0,4,0,2,0,0
2026-07-04T13:35-07:00,Sat,13,4,19,0,12,0,7,1,8,0,12,4,101,3,110,4,39,2,17,0,15,2,6,2,8,0,5,0,6,0,3,0,0
2026-07-04T13:45-07:00,Sat,13,4,18,0,12,0,7,1,9,0,12,4,111,3,118,4,37,2,15,0,16,2,6,2,8,0,6,0,7,0,4,0,0
2026-07-04T14:56-07:00,Sat,14,4,22,1,11,0,10,1,13,0,12,8,69,5,88,6,38,2,21,0,19,2,7,2,9,0,9,0,10,0,4,0,0
2026-07-04T15:06-07:00,Sat,15,4,22,1,10,0,9,1,12,0,12,8,68,6,68,6,37,2,24,0,22,2,6,2,8,0,6,1,1,0,4,0,0
2026-07-04T15:16-07:00,Sat,15,4,21,1,9,0,9,1,12,0,12,8,70,6,62,6,42,2,25,0,23,2,4,2,9,0,7,1,1,0,4,0,0
2026-07-04T15:26-07:00,Sat,15,4,20,1,10,0,9,1,11,0,12,8,76,6,66,6,47,2,25,0,27,2,2,2,10,0,7,1,1,0,4,0,0
2026-07-04T15:36-07:00,Sat,15,4,21,1,12,0,11,1,13,0,12,8,80,6,74,6,52,2,22,0,27,2,4,2,9,1,9,1,2,0,6,0,0
2026-07-04T15:46-07:00,Sat,15,4,20,1,11,0,11,1,13,0,12,8,98,7,70,6,54,2,25,0,28,2,2,3,3,0,0,1,2,0,6,0,0
2026-07-04T16:56-07:00,Sat,16,5,23,1,16,1,15,1,13,0,12,8,87,7,84,6,55,2,39,0,37,2,9,3,9,0,4,0,4,1,8,0,0
2026-07-04T17:06-07:00,Sat,17,5,21,1,14,1,11,1,13,0,12,8,86,7,83,6,56,2,39,0,36,2,10,3,8,0,4,0,3,1,5,0,0
2026-07-04T17:17-07:00,Sat,17,5,21,1,10,1,6,1,13,0,12,8,95,8,67,6,58,2,40,0,36,3,2,3,11,0,6,0,5,1,6,0,0
2026-07-04T17:27-07:00,Sat,17,5,20,1,9,1,7,1,12,0,12,8,77,8,47,6,56,2,42,0,37,3,1,3,7,0,6,0,6,1,7,0,0
2026-07-04T17:37-07:00,Sat,17,5,15,1,9,1,9,1,14,0,12,8,77,8,50,6,51,2,45,0,38,3,1,3,6,0,6,0,6,1,7,0,0
2026-07-04T17:47-07:00,Sat,17,5,13,1,9,1,9,1,14,0,12,8,80,8,49,6,47,2,46,0,39,3,1,3,6,0,6,0,7,1,7,0,0
2026-07-04T18:57-07:00,Sat,18,6,18,0,16,1,7,1,15,0,12,8,97,8,64,6,36,2,55,0,42,3,3,3,8,0,4,0,16,1,10,0,0
2026-07-04T19:07-07:00,Sat,19,6,22,0,21,1,11,1,17,0,12,8,102,8,71,6,38,2,57,0,43,3,4,3,9,0,2,1,7,1,7,0,0
2026-07-04T19:17-07:00,Sat,19,6,24,0,19,1,10,1,17,0,12,8,111,8,78,6,41,2,55,0,43,3,5,3,6,0,1,1,5,1,4,0,0
2026-07-04T19:27-07:00,Sat,19,6,32,0,22,1,11,1,19,0,12,8,118,8,64,6,31,2,46,0,42,3,4,3,5,0,1,1,4,1,3,0,0
2026-07-04T19:37-07:00,Sat,19,6,29,0,22,1,11,1,18,0,12,8,120,8,68,6,38,2,47,0,42,3,5,2,8,0,0,1,2,1,2,0,0
2026-07-04T19:48-07:00,Sat,19,6,29,0,21,1,12,1,18,0,12,8,114,8,56,6,46,2,51,0,43,3,2,2,9,0,0,1,2,1,5,0,0
2026-07-04T20:58-07:00,Sat,20,5,33,1,14,1,10,2,8,0,12,8,55,8,28,6,22,2,35,0,47,3,4,3,4,0,0,1,7,1,5,0,0
2026-07-04T21:08-07:00,Sat,21,6,27,1,13,1,12,2,8,0,12,8,37,8,26,6,23,2,35,0,47,3,4,3,3,0,0,1,7,1,3,1,3
2026-07-04T21:18-07:00,Sat,21,6,27,1,14,1,12,2,8,0,12,8,52,8,35,6,29,2,35,0,47,3,3,3,3,0,0,1,8,1,2,1,3
2026-07-04T21:28-07:00,Sat,21,6,32,1,15,1,11,2,7,0,12,8,58,8,31,6,29,2,33,1,8,2,7,3,7,0,0,1,8,1,1,1,0
2026-07-04T21:38-07:00,Sat,21,7,39,1,17,1,12,2,6,0,12,8,70,8,36,6,34,3,26,0,9,2,9,3,9,0,0,1,9,1,1,1,0
2026-07-04T21:48-07:00,Sat,21,7,30,1,17,1,12,2,6,0,12,8,76,8,35,6,32,3,15,0,9,3,1,3,8,0,0,1,10,1,1,1,1
2026-07-04T22:59-07:00,Sat,22,8,26,1,15,1,11,2,8,0,12,9,64,8,38,6,23,3,8,0,6,3,8,3,8,0,3,1,12,1,1,1,0
2026-07-04T23:09-07:00,Sat,23,8,21,1,14,1,11,2,7,0,12,9,63,8,37,6,20,3,10,0,6,3,6,3,1,0,3,1,6,1,0,1,0
2026-07-04T23:19-07:00,Sat,23,8,22,1,12,1,12,2,7,0,12,9,70,8,26,6,21,3,9,0,7,3,7,3,1,0,3,1,7,1,1,1,0
2026-07-04T23:29-07:00,Sat,23,8,19,1,13,1,12,2,7,0,12,9,72,8,25,6,18,3,7,0,7,3,8,2,2,0,3,1,2,1,0,1,0
2026-07-04T23:39-07:00,Sat,23,8,22,1,14,1,13,2,7,0,12,9,71,8,21,6,12,3,6,0,7,4,10,2,5,0,4,1,1,1,1,1,0
2026-07-04T23:49-07:00,Sat,23,8,21,1,15,1,15,2,8,0,12,9,70,8,22,6,10,3,5,0,7,4,2,2,5,0,4,1,1,1,1,2,0
2026-07-05T01:00-07:00,Sun,1,8,9,1,9,1,12,2,7,0,12,9,22,8,9,5,7,3,1,0,8,3,1,2,2,0,3,1,3,1,3,2,3
2026-07-05T01:10-07:00,Sun,1,8,10,1,7,1,8,2,8,0,12,9,19,8,9,5,8,2,2,0,8,3,1,2,3,0,3,1,2,1,2,2,2
2026-07-05T01:20-07:00,Sun,1,8,6,1,5,1,3,2,5,0,12,9,11,8,9,5,5,2,2,0,8,3,1,2,3,0,3,1,3,1,2,2,2
2026-07-05T01:30-07:00,Sun,1,8,5,1,4,1,1,2,3,0,12,9,12,7,10,5,5,2,2,0,8,3,1,2,3,0,3,1,1,1,2,2,2
2026-07-05T01:40-07:00,Sun,1,7,7,1,4,1,1,1,3,0,12,8,11,7,10,5,6,2,3,0,8,3,1,2,3,0,0,1,0,1,1,2,1
2026-07-05T01:50-07:00,Sun,1,7,7,1,4,1,1,1,4,0,12,8,10,7,11,5,4,2,2,0,8,3,1,2,3,0,0,1,0,1,0,2,1
2026-07-05T03:00-07:00,Sun,3,5,1,1,1,0,0,0,0,0,12,7,14,4,5,4,3,1,2,0,8,3,0,2,1,0,0,1,0,0,0,2,1
2026-07-05T03:10-07:00,Sun,3,5,0,1,1,0,0,0,0,0,12,7,5,4,4,4,4,1,2,0,8,2,1,2,0,0,0,1,0,0,0,2,1
2026-07-05T03:20-07:00,Sun,3,5,1,1,1,0,0,0,0,0,12,5,4,4,3,4,3,1,2,0,8,2,1,1,3,0,0,1,0,0,0,2,1
2026-07-05T03:30-07:00,Sun,3,4,1,1,0,0,0,0,0,0,12,5,6,4,3,4,3,1,2,0,8,2,3,1,4,0,0,1,0,0,0,2,1
2026-07-05T03:41-07:00,Sun,3,4,2,1,0,0,0,0,0,0,12,5,7,4,4,4,2,0,1,0,8,2,3,1,4,0,0,1,0,0,0,1,1
2026-07-05T03:51-07:00,Sun,3,4,2,1,0,0,0,0,0,0,12,5,5,4,4,3,1,0,1,0,8,2,4,1,4,0,0,1,0,0,0,1,1
2026-07-05T05:01-07:00,Sun,5,4,4,1,1,0,0,0,0,0,12,4,1,3,4,2,1,0,2,0,8,1,6,1,4,0,0,1,0,0,0,1,2
2026-07-05T05:11-07:00,Sun,5,4,4,1,1,0,0,0,0,0,12,4,1,2,4,2,1,0,2,0,8,1,8,1,5,0,0,1,0,0,0,1,2
2026-07-05T05:21-07:00,Sun,5,4,4,1,1,0,0,0,0,0,12,4,2,2,4,2,1,0,2,0,8,1,8,1,4,0,0,0,0,0,0,1,1
2026-07-05T05:31-07:00,Sun,5,4,4,1,1,0,0,0,0,0,12,4,2,2,4,2,0,0,2,0,8,1,8,1,3,0,0,0,0,0,0,1,1
2026-07-05T05:41-07:00,Sun,5,4,4,1,1,0,0,0,0,0,12,4,2,2,4,2,0,0,2,0,8,1,8,1,3,0,0,0,0,0,0,1,1
2026-07-05T05:52-07:00,Sun,5,3,2,1,0,0,0,0,0,0,12,4,2,2,5,2,0,0,2,0,8,1,8,1,3,0,0,0,0,0,0,1,1
2026-07-05T07:02-07:00,Sun,7,3,2,0,0,0,0,0,1,0,12,2,1,1,1,2,0,0,2,0,8,1,10,1,4,0,0,0,0,0,0,1,1
2026-07-05T07:12-07:00,Sun,7,3,1,0,0,0,0,0,1,0,12,2,3,1,1,1,1,0,2,0,8,1,11,1,0,0,0,0,0,0,0,1,1
2026-07-05T07:22-07:00,Sun,7,3,1,0,0,0,0,0,1,0,12,2,2,1,2,1,1,0,2,0,8,1,12,1,0,0,0,0,0,0,0,1,1
2026-07-05T07:32-07:00,Sun,7,3,1,0,0,0,0,0,1,0,12,2,2,1,3,1,1,0,2,0,8,1,10,1,1,0,0,0,0,0,0,1,1
2026-07-05T07:42-07:00,Sun,7,3,1,0,0,0,0,0,1,0,12,2,2,1,3,1,1,0,2,0,8,1,11,1,1,0,0,0,0,0,0,1,1
2026-07-05T07:52-07:00,Sun,7,3,1,0,0,0,0,0,1,0,12,2,4,1,1,1,1,0,2,0,8,1,13,1,2,0,1,0,1,0,1,1,2
2026-07-05T09:03-07:00,Sun,9,2,2,0,0,0,0,0,1,0,12,2,8,1,8,1,5,0,4,0,3,1,6,1,0,0,1,0,1,0,1,1,1
2026-07-05T09:13-07:00,Sun,9,2,3,0,1,0,0,0,1,0,12,3,8,1,10,1,6,0,5,0,3,1,8,1,1,0,1,0,1,0,1,1,1
2026-07-05T09:23-07:00,Sun,9,2,4,0,1,0,0,0,1,0,12,3,9,1,10,1,6,0,5,0,3,1,12,1,3,0,1,0,1,0,1,1,1
2026-07-05T09:33-07:00,Sun,9,2,4,0,1,0,0,0,1,0,12,3,11,1,10,1,6,0,5,0,3,1,12,1,2,0,2,0,2,0,2,1,1
2026-07-05T09:43-07:00,Sun,9,2,6,0,3,0,0,0,2,0,12,3,14,1,17,1,7,0,6,0,4,1,11,1,3,0,2,0,2,0,2,1,1
2026-07-05T09:53-07:00,Sun,9,2,10,0,4,0,0,0,3,0,12,3,14,1,20,1,10,0,6,0,5,2,13,1,3,0,2,0,2,0,2,1,1
2026-07-05T11:04-07:00,Sun,11,2,17,0,11,0,0,0,9,0,12,4,17,2,24,2,9,1,2,0,6,2,4,1,7,0,3,0,3,0,3,0,0
2026-07-05T11:14-07:00,Sun,11,2,16,0,10,0,0,0,9,0,12,4,22,2,22,2,7,1,3,0,6,2,5,1,6,0,3,0,3,0,3,0,0
2026-07-05T11:24-07:00,Sun,11,2,14,0,10,0,0,0,12,0,12,4,27,2,26,2,7,1,3,0,6,2,6,1,8,0,3,0,3,0,3,0,0
2026-07-05T11:34-07:00,Sun,11,2,16,0,11,0,0,0,13,0,12,4,29,3,23,2,7,1,4,0,6,2,5,1,8,0,3,0,3,0,3,0,0
2026-07-05T11:44-07:00,Sun,11,2,17,0,12,0,0,1,15,0,12,5,27,3,24,2,9,1,5,0,6,2,7,2,11,0,3,0,3,0,3,0,0
2026-07-05T11:54-07:00,Sun,11,2,13,0,12,0,0,1,12,0,12,5,29,3,28,2,9,1,5,0,6,2,6,1,10,0,3,0,5,0,5,0,1
2026-07-05T13:04-07:00,Sun,13,3,24,0,13,0,2,1,12,0,12,7,29,5,23,2,20,1,14,0,12,2,9,3,6,0,4,0,6,0,4,0,1
2026-07-05T13:14-07:00,Sun,13,3,24,0,12,0,2,1,12,0,12,7,29,6,18,2,16,2,6,0,13,3,5,3,10,0,6,0,9,0,5,0,1
2026-07-05T13:24-07:00,Sun,13,3,25,0,12,0,2,1,12,0,12,7,28,6,18,2,15,2,8,0,15,3,4,3,8,0,6,0,8,0,4,0,1
2026-07-05T13:34-07:00,Sun,13,3,23,1,14,0,2,1,14,0,12,7,34,6,22,2,16,2,9,0,16,3,6,3,9,0,7,0,7,0,3,0,1
2026-07-05T13:45-07:00,Sun,13,3,25,1,7,0,2,1,14,0,12,7,31,6,23,2,21,2,10,0,16,3,5,3,6,0,8,0,6,0,3,0,1
2026-07-05T13:55-07:00,Sun,13,3,26,1,8,0,2,1,14,0,12,7,36,7,25,3,23,2,12,0,16,3,1,3,5,0,8,0,6,0,3,0,1
2026-07-05T15:05-07:00,Sun,15,4,18,1,11,0,0,2,14,0,12,8,30,8,25,3,28,2,14,0,15,3,10,3,10,0,9,1,2,0,5,0,2
2026-07-05T15:15-07:00,Sun,15,4,21,1,9,0,0,2,5,0,12,8,37,8,31,3,31,2,17,0,16,4,13,3,13,0,11,1,3,0,5,0,1
2026-07-05T15:25-07:00,Sun,15,4,22,1,9,0,0,2,6,0,12,8,36,8,29,4,26,2,19,0,17,4,5,3,14,0,11,1,3,0,5,0,1
2026-07-05T15:35-07:00,Sun,15,4,23,1,9,0,0,2,5,0,12,8,39,8,28,4,26,2,20,0,17,4,7,4,7,0,11,1,3,0,5,0,1
2026-07-05T15:45-07:00,Sun,15,4,26,1,9,0,0,2,5,0,12,8,40,8,30,4,22,2,20,0,17,4,5,4,9,0,12,1,3,0,5,0,1
2026-07-05T15:55-07:00,Sun,15,5,28,1,10,0,0,2,6,0,12,9,40,9,40,4,24,2,20,0,17,4,3,4,8,0,3,1,4,0,5,0,1
2026-07-05T17:06-07:00,Sun,17,5,22,1,13,0,0,2,7,0,12,9,26,10,23,4,28,2,15,1,5,3,0,4,12,0,7,1,7,0,5,0,1
2026-07-05T17:16-07:00,Sun,17,5,22,1,7,0,0,2,5,0,12,9,28,10,26,4,30,2,15,1,6,3,4,5,11,0,8,2,7,0,5,0,1
2026-07-05T17:26-07:00,Sun,17,5,16,1,9,0,1,2,4,0,12,9,26,10,25,4,27,2,15,1,8,3,2,5,5,0,5,2,1,0,5,0,0
2026-07-05T17:36-07:00,Sun,17,5,18,1,9,0,1,2,5,0,12,10,27,10,26,4,25,2,17,1,8,3,0,5,6,0,5,2,3,0,5,0,0
2026-07-05T17:46-07:00,Sun,17,5,15,1,9,0,1,2,6,0,12,10,25,10,25,4,23,2,17,1,9,3,2,5,6,0,6,2,4,0,7,0,0
2026-07-05T17:56-07:00,Sun,17,6,14,1,9,0,2,2,8,0,12,10,25,10,24,4,19,2,12,1,9,3,2,5,4,0,6,2,4,0,7,0,0
2026-07-05T19:07-07:00,Sun,19,6,16,1,12,0,0,2,13,0,12,10,21,10,12,4,16,2,13,1,4,3,1,5,5,0,2,2,6,0,8,0,0
2026-07-05T19:17-07:00,Sun,19,6,16,1,12,0,0,2,12,0,12,10,26,10,12,4,18,2,11,1,4,3,1,5,3,0,2,2,6,0,8,0,0
2026-07-05T19:27-07:00,Sun,19,6,17,1,11,0,0,2,10,0,12,10,27,10,14,4,17,2,9,1,3,3,0,5,1,0,2,2,6,0,8,0,0
2026-07-05T19:37-07:00,Sun,19,6,17,1,11,0,0,2,11,0,12,10,25,10,13,4,17,2,9,1,3,3,0,5,1,0,1,2,2,0,8,0,0
2026-07-05T19:47-07:00,Sun,19,6,17,1,11,0,0,2,11,0,12,10,25,10,17,4,15,2,9,1,3,3,0,5,2,0,1,2,2,0,8,0,0
2026-07-05T19:57-07:00,Sun,19,6,18,1,9,0,0,2,12,0,12,10,28,10,26,4,12,2,10,1,3,2,0,5,2,0,2,2,4,0,2,0,0
2026-07-05T21:08-07:00,Sun,21,4,23,1,11,0,0,2,11,0,12,10,33,8,28,4,24,2,15,1,8,2,3,4,4,0,4,2,4,0,2,0,0
2026-07-05T21:18-07:00,Sun,21,5,29,1,12,0,0,2,14,0,12,10,30,8,27,4,26,2,15,1,9,2,3,4,4,0,4,2,3,0,0,0,0
2026-07-05T21:28-07:00,Sun,21,5,20,1,12,0,1,2,17,0,12,10,28,8,28,4,29,2,14,1,9,2,2,4,4,0,3,2,3,0,0,0,0
2026-07-05T21:38-07:00,Sun,21,5,22,1,14,0,1,2,18,0,12,10,25,8,21,4,31,2,13,1,9,2,5,4,3,0,1,2,3,0,0,0,0
2026-07-05T21:48-07:00,Sun,21,5,22,1,13,0,1,2,16,0,12,10,24,9,21,4,33,2,14,1,9,2,6,4,3,0,1,2,3,0,0,0,0
2026-07-05T21:58-07:00,Sun,21,5,24,1,12,0,1,3,16,0,12,10,24,9,19,4,30,2,12,1,9,2,8,4,2,0,1,1,2,0,0,0,0
2026-07-05T23:09-07:00,Sun,23,5,13,1,3,0,0,3,5,0,12,10,9,9,10,5,23,2,16,0,11,2,2,4,1,0,2,1,4,0,0,0,0
2026-07-05T23:19-07:00,Sun,23,5,8,1,3,0,0,3,4,0,12,10,8,9,10,5,21,2,14,0,11,2,1,4,0,0,2,1,5,0,0,0,0
2026-07-05T23:29-07:00,Sun,23,5,4,1,2,0,0,3,4,0,12,10,9,9,10,5,14,2,12,0,11,2,0,4,1,0,2,1,5,0,0,0,0
2026-07-05T23:39-07:00,Sun,23,5,6,1,3,0,0,3,4,0,12,10,9,9,9,5,8,2,11,0,11,2,1,4,1,0,2,1,5,0,0,0,0
2026-07-05T23:49-07:00,Sun,23,5,4,1,1,0,0,3,4,0,12,10,8,8,11,5,9,2,7,0,11,2,1,4,1,0,2,1,5,0,0,0,0
2026-07-05T23:59-07:00,Sun,23,5,5,1,1,0,0,3,4,0,12,10,11,7,15,5,7,2,6,0,11,2,1,4,0,0,2,1,3,0,0,0,0
2026-07-06T01:10-07:00,Mon,1,4,1,1,2,0,0,3,2,0,12,8,8,7,4,3,2,2,0,0,11,2,1,3,1,0,3,0,1,0,0,0,0
2026-07-06T01:20-07:00,Mon,1,4,1,1,2,0,0,2,4,0,12,8,7,7,3,3,2,2,0,0,11,2,1,3,1,0,3,0,1,0,0,0,0
2026-07-06T01:30-07:00,Mon,1,4,1,1,0,0,0,2,2,0,12,7,7,7,4,3,2,2,0,0,11,2,1,3,1,0,3,0,1,0,0,0,0
2026-07-06T01:40-07:00,Mon,1,4,1,1,0,0,0,2,1,0,12,6,7,6,3,3,3,2,0,0,11,2,1,3,1,0,3,0,1,0,0,0,0
2026-07-06T01:50-07:00,Mon,1,4,1,1,0,0,0,2,2,0,12,6,6,6,3,3,2,2,0,0,11,2,1,3,1,0,3,0,1,0,0,0,0
2026-07-06T02:00-07:00,Mon,2,4,1,1,0,0,0,2,0,0,12,6,2,6,1,3,2,1,0,0,11,2,1,3,1,0,3,0,1,0,0,0,0
2026-07-06T03:11-07:00,Mon,3,2,1,0,0,0,0,2,0,0,12,4,1,4,0,2,0,1,0,0,11,1,2,3,1,0,0,0,0,0,1,0,0
2026-07-06T03:21-07:00,Mon,3,2,2,0,0,0,0,2,0,0,12,4,1,4,0,2,0,1,0,0,11,1,2,3,1,0,0,0,0,0,1,0,0
2026-07-06T03:31-07:00,Mon,3,2,1,0,0,0,0,1,0,0,12,4,1,4,0,1,0,0,0,0,11,1,1,2,1,0,0,0,0,0,1,0,0
2026-07-06T03:41-07:00,Mon,3,1,4,0,0,0,0,1,0,0,12,4,1,3,1,1,1,0,0,0,11,1,1,2,1,0,0,0,0,0,1,0,0
2026-07-06T03:51-07:00,Mon,3,1,4,0,0,0,0,1,0,0,12,3,2,3,1,1,1,0,0,0,11,1,1,2,1,0,0,0,0,0,1,0,0
2026-07-06T04:01-07:00,Mon,4,1,4,0,0,0,0,1,0,0,12,3,2,3,1,1,1,0,0,0,11,1,0,2,0,0,0,0,0,0,1,0,0
2026-07-06T05:11-07:00,Mon,5,1,3,0,0,0,0,1,0,0,12,1,3,3,3,0,3,0,0,0,0,1,0,2,0,0,0,0,0,0,0,0,0
2026-07-06T05:21-07:00,Mon,5,1,2,0,0,0,0,1,0,0,12,1,3,2,3,0,3,0,0,0,0,1,0,2,0,0,0,0,0,0,0,0,0
2026-07-06T05:31-07:00,Mon,5,1,1,0,0,0,0,1,0,0,12,1,3,2,2,0,3,0,0,0,0,0,0,2,0,0,0,0,0,0,0,0,0
2026-07-06T05:42-07:00,Mon,5,1,2,0,0,0,0,0,0,0,12,1,2,2,2,0,3,0,0,0,0,0,0,2,0,0,0,0,0,0,0,0,0
2026-07-06T05:52-07:00,Mon,5,1,2,0,0,0,0,0,0,0,12,1,3,2,2,0,3,0,0,0,0,0,0,1,1,0,0,0,0,0,0,0,0
2026-07-06T06:02-07:00,Mon,6,1,2,0,0,0,0,0,0,0,12,1,4,2,4,0,5,0,0,0,0,0,0,0,1,0,0,0,0,0,0,0,0
2026-07-06T07:12-07:00,Mon,7,1,2,0,0,0,0,0,0,0,12,1,5,1,7,0,4,0,0,0,0,0,0,0,0,0,0,0,0,0,0,0,0
2026-07-06T07:22-07:00,Mon,7,1,4,0,0,0,0,0,1,0,12,1,7,1,7,0,6,0,0,0,0,0,0,0,0,0,0,0,0,0,0,0,0
2026-07-06T07:32-07:00,Mon,7,1,4,0,0,0,0,0,1,0,12,1,7,1,6,0,6,0,0,0,0,0,0,0,0,0,0,0,0,0,0,0,0
2026-07-06T07:42-07:00,Mon,7,1,4,0,0,0,0,0,1,0,12,1,7,1,6,0,7,0,0,0,0,0,0,0,0,0,0,0,0,0,0,0,0
2026-07-06T07:52-07:00,Mon,7,1,3,0,0,0,0,0,1,0,12,1,7,1,7,0,8,0,0,0,0,0,0,0,0,0,0,0,0,0,0,0,0
2026-07-06T08:03-07:00,Mon,8,1,3,0,0,0,0,0,1,0,12,1,7,2,9,0,9,0,0,0,0,0,0,0,0,0,0,0,0,0,0,0,0
2026-07-06T09:13-07:00,Mon,9,1,8,0,2,0,1,0,3,0,12,2,10,1,13,1,5,0,2,0,1,0,6,0,3,0,0,0,1,0,1,0,0
2026-07-06T09:23-07:00,Mon,9,1,8,0,2,0,1,0,3,0,12,2,12,1,15,1,6,0,3,0,1,0,7,0,4,0,1,0,1,0,1,0,0
2026-07-06T09:33-07:00,Mon,9,1,8,0,3,0,1,0,3,0,12,2,13,1,19,1,7,0,3,0,1,0,8,0,4,0,1,0,1,0,1,0,0
2026-07-06T09:43-07:00,Mon,9,1,10,0,3,0,1,0,3,0,12,2,15,1,22,1,8,0,4,0,1,0,9,0,5,0,1,0,1,0,1,0,0
2026-07-06T09:53-07:00,Mon,9,1,10,0,2,0,1,0,2,0,12,2,23,1,26,1,11,0,4,0,1,0,14,0,7,0,1,0,2,0,2,0,0
2026-07-06T10:03-07:00,Mon,10,1,12,0,3,0,1,0,5,0,12,2,22,2,31,2,8,0,4,0,1,0,11,0,6,0,1,0,3,0,3,0,0
2026-07-06T11:14-07:00,Mon,11,2,15,0,5,0,0,0,8,0,12,3,29,2,22,2,11,0,12,0,3,2,7,0,8,0,3,0,4,0,5,0,0
2026-07-06T11:24-07:00,Mon,11,2,16,0,7,0,0,0,9,0,12,3,28,2,23,2,13,0,16,0,5,2,3,0,8,0,4,0,5,0,6,0,0
2026-07-06T11:34-07:00,Mon,11,2,20,0,7,0,0,0,9,0,12,4,19,2,28,2,17,0,18,0,6,2,4,1,9,0,3,0,3,0,4,0,0
2026-07-06T11:44-07:00,Mon,11,2,22,0,9,0,1,0,11,0,12,4,21,3,22,2,18,0,19,0,7,2,2,1,7,0,4,0,4,0,5,0,0
2026-07-06T11:54-07:00,Mon,11,2,20,0,9,0,1,0,11,0,12,4,23,3,23,2,20,0,20,0,7,2,3,1,8,0,4,0,4,0,5,0,0
2026-07-06T12:04-07:00,Mon,12,3,23,0,10,0,1,0,11,0,12,4,28,3,23,2,21,1,22,0,7,2,6,1,9,0,4,0,6,0,6,0,0
2026-07-06T13:15-07:00,Mon,13,4,8,0,7,0,0,1,4,0,12,7,12,4,30,3,28,1,12,0,9,2,9,2,3,0,10,1,3,0,6,0,0
2026-07-06T13:25-07:00,Mon,13,4,11,0,8,0,0,1,6,0,12,7,14,4,33,3,31,1,14,0,9,3,15,2,5,0,8,1,2,0,6,0,0
2026-07-06T13:35-07:00,Mon,13,4,14,0,11,0,1,1,7,0,12,7,17,4,37,3,29,1,16,0,9,3,8,2,8,0,9,1,1,0,6,0,0
2026-07-06T13:45-07:00,Mon,13,4,20,0,11,0,1,1,7,0,12,7,21,5,42,3,19,1,16,0,9,3,11,2,10,0,9,1,0,0,6,0,0
2026-07-06T13:55-07:00,Mon,13,4,19,0,11,0,1,1,8,0,12,7,30,5,45,3,21,1,16,0,9,3,9,2,10,0,9,1,1,0,7,0,0
2026-07-06T14:05-07:00,Mon,14,4,22,0,11,0,1,1,9,0,12,8,26,5,26,4,26,1,20,0,9,3,10,2,11,0,8,1,1,0,7,0,0
2026-07-06T15:16-07:00,Mon,15,6,11,0,11,0,1,1,6,0,12,8,29,6,24,4,25,1,29,0,14,4,3,3,6,0,11,1,1,0,5,0,0
2026-07-06T15:26-07:00,Mon,15,6,12,0,11,0,1,1,8,0,12,8,31,6,32,4,29,2,29,0,13,4,2,3,6,0,10,1,2,0,6,0,0
2026-07-06T15:36-07:00,Mon,15,6,13,0,11,0,1,1,8,0,12,8,26,6,34,4,25,2,9,0,10,4,2,3,6,0,2,1,4,0,6,0,0
2026-07-06T15:46-07:00,Mon,15,6,13,0,12,0,1,1,9,0,12,8,24,6,20,4,27,2,10,0,10,4,2,3,4,0,2,1,4,0,6,0,0
2026-07-06T15:56-07:00,Mon,15,6,10,0,12,0,1,1,10,0,12,8,25,6,27,5,32,2,15,0,11,4,4,3,6,0,2,1,5,0,6,0,0
2026-07-06T16:06-07:00,Mon,16,6,11,1,5,0,2,1,9,0,12,8,28,6,35,5,25,2,16,0,11,4,5,3,7,0,2,1,4,0,6,0,0
2026-07-06T17:16-07:00,Mon,17,4,11,1,8,0,2,1,9,0,12,8,26,7,40,5,39,2,17,1,15,4,3,2,9,0,3,1,3,0,6,0,0
2026-07-06T17:26-07:00,Mon,17,4,10,1,7,0,2,1,8,0,12,8,25,7,40,5,45,2,21,1,17,4,2,2,12,0,3,1,3,0,6,0,0
2026-07-06T17:36-07:00,Mon,17,4,11,1,7,0,2,1,8,0,12,8,22,9,26,5,44,2,22,1,17,3,2,2,11,0,2,1,4,0,4,0,0
2026-07-06T17:46-07:00,Mon,17,4,11,1,7,0,2,1,8,0,12,8,24,9,25,5,42,2,23,1,17,3,2,3,2,0,2,1,5,0,4,0,0
2026-07-06T17:56-07:00,Mon,17,4,9,1,6,0,2,1,9,0,12,8,27,9,27,5,44,2,24,1,18,3,3,3,3,0,2,1,6,0,4,0,0
2026-07-06T18:07-07:00,Mon,18,4,10,1,8,0,2,1,8,0,12,8,22,9,26,5,39,2,25,1,18,3,1,3,5,0,4,1,8,0,5,0,0
2026-07-06T19:17-07:00,Mon,19,4,13,1,5,0,0,1,3,0,12,8,26,9,22,5,24,2,13,1,23,3,7,3,5,0,9,2,3,0,9,0,0
2026-07-06T19:27-07:00,Mon,19,4,13,1,4,0,0,1,3,0,12,8,25,9,25,5,17,2,12,1,24,3,3,3,2,0,7,2,3,0,9,0,0
2026-07-06T19:37-07:00,Mon,19,4,16,1,5,0,0,1,6,0,12,8,24,9,21,5,21,2,15,1,25,3,7,3,5,0,8,2,3,0,9,0,0
2026-07-06T19:47-07:00,Mon,19,4,18,1,6,0,0,0,10,0,12,8,27,9,24,5,21,2,19,1,26,3,9,3,10,0,8,2,8,0,11,0,0
2026-07-06T19:57-07:00,Mon,19,5,20,1,6,0,0,0,11,0,12,8,25,9,24,5,21,2,18,1,23,4,8,3,11,0,8,2,8,0,11,0,0
2026-07-06T20:08-07:00,Mon,20,5,14,1,7,0,0,0,14,0,12,8,33,9,17,5,24,2,20,1,25,4,2,3,9,0,11,2,10,0,11,0,0
2026-07-06T21:18-07:00,Mon,21,5,13,1,6,0,1,1,5,0,12,8,20,9,19,5,28,2,26,1,21,3,6,3,6,1,1,2,5,0,6,0,0
2026-07-06T21:28-07:00,Mon,21,5,14,0,6,0,0,1,3,0,12,9,22,8,21,4,29,3,21,1,22,3,4,3,10,1,2,2,4,0,7,0,0
2026-07-06T21:38-07:00,Mon,21,5,17,0,6,0,0,1,3,0,12,9,29,8,24,4,23,3,14,1,22,3,4,3,13,1,4,2,4,0,7,0,0
2026-07-06T21:48-07:00,Mon,21,5,16,0,6,0,0,1,2,0,12,9,29,8,26,4,20,3,13,1,22,3,6,4,3,1,6,2,6,0,7,0,0
2026-07-06T21:58-07:00,Mon,21,5,17,0,7,0,0,1,4,0,12,9,28,8,24,4,18,3,14,1,22,3,7,4,5,1,9,2,6,0,7,0,0
2026-07-06T22:08-07:00,Mon,22,5,13,0,7,0,0,1,5,0,12,9,23,8,21,4,15,3,14,1,21,3,3,4,8,1,9,2,3,0,6,0,0
2026-07-06T23:19-07:00,Mon,23,6,9,0,7,0,1,1,6,0,12,9,10,8,11,4,11,3,9,0,5,2,1,4,12,1,3,2,3,1,2,0,0
2026-07-06T23:29-07:00,Mon,23,6,8,0,7,0,1,1,7,0,12,9,8,8,10,4,10,3,6,0,4,2,1,5,2,1,3,2,3,1,2,0,0
2026-07-06T23:39-07:00,Mon,23,5,10,0,8,0,1,1,7,0,12,9,6,8,11,4,11,3,6,0,4,2,3,5,4,0,3,2,3,1,1,0,0
2026-07-06T23:49-07:00,Mon,23,5,8,0,8,0,1,1,5,0,12,9,6,8,10,4,11,3,6,0,4,2,3,5,1,0,1,2,1,1,0,0,0
2026-07-06T23:59-07:00,Mon,23,5,9,0,8,0,1,1,6,0,12,9,5,7,8,4,11,2,6,0,4,2,3,5,0,0,0,2,0,1,0,0,0
2026-07-07T00:09-07:00,Tue,0,5,7,0,8,0,0,1,5,0,12,9,4,7,5,4,10,1,6,0,4,2,1,5,0,0,0,2,1,1,1,0,0
2026-07-07T01:20-07:00,Tue,1,4,4,0,6,0,0,1,1,0,12,7,4,5,5,4,7,0,4,0,3,1,3,3,1,0,0,1,1,1,0,0,0
2026-07-07T01:30-07:00,Tue,1,4,4,0,6,0,0,1,0,0,12,7,4,5,5,3,5,0,3,0,3,1,3,3,1,0,0,1,2,1,1,0,0
2026-07-07T01:40-07:00,Tue,1,4,5,0,6,0,0,1,0,0,12,6,4,5,4,3,5,0,2,0,2,1,0,3,0,0,0,1,2,1,1,0,0
2026-07-07T01:50-07:00,Tue,1,4,4,0,0,0,0,1,0,0,12,6,3,5,3,2,4,0,2,0,2,1,0,3,0,0,0,1,1,1,1,0,0
2026-07-07T02:00-07:00,Tue,2,4,3,0,0,0,0,1,0,0,12,5,3,4,3,1,4,0,2,0,2,1,0,3,0,0,0,1,1,1,1,0,0
2026-07-07T02:10-07:00,Tue,2,4,1,0,0,0,0,0,0,0,12,5,3,4,3,1,4,0,2,0,2,1,0,3,0,0,0,1,1,1,2,0,0
2026-07-07T03:21-07:00,Tue,3,3,0,0,0,0,0,0,0,0,12,2,1,3,0,1,3,0,1,0,1,1,0,2,0,0,0,0,0,0,1,0,0
2026-07-07T03:31-07:00,Tue,3,3,0,0,0,0,0,0,0,0,12,2,1,3,0,1,2,0,1,0,1,1,0,2,0,0,0,0,0,0,1,0,0
2026-07-07T03:41-07:00,Tue,3,3,0,0,0,0,0,0,0,0,12,2,1,3,0,1,2,0,1,0,1,1,0,2,0,0,0,0,0,0,0,0,0
2026-07-07T03:51-07:00,Tue,3,2,0,0,0,0,0,0,0,0,12,2,1,2,0,1,2,0,1,0,1,0,0,2,2,0,0,0,0,0,0,0,0
2026-07-07T04:01-07:00,Tue,4,2,0,0,0,0,0,0,0,0,12,2,1,2,0,1,1,0,1,0,1,0,0,2,2,0,0,0,0,0,0,0,0
2026-07-07T04:11-07:00,Tue,4,2,1,0,0,0,0,0,0,0,12,1,1,2,0,1,1,0,1,0,1,0,0,2,0,0,0,0,0,0,0,0,0
2026-07-07T05:21-07:00,Tue,5,2,4,0,0,0,0,0,0,0,12,1,2,2,1,0,0,0,0,0,0,0,0,1,0,0,0,0,0,0,0,0,0
2026-07-07T05:32-07:00,Tue,5,2,6,0,0,0,0,0,0,0,12,1,2,2,1,0,0,0,0,0,0,0,0,1,0,0,0,0,0,0,0,0,0
2026-07-07T05:42-07:00,Tue,5,2,5,0,0,0,0,0,0,0,12,1,3,2,1,0,0,0,0,0,0,0,0,1,0,0,0,0,0,0,0,0,0
2026-07-07T05:52-07:00,Tue,5,2,5,0,0,0,0,0,0,0,12,1,3,1,3,0,0,0,0,0,0,0,1,1,1,0,0,0,0,0,0,0,0
2026-07-07T06:02-07:00,Tue,6,2,4,0,0,0,0,0,0,0,12,1,3,1,4,0,0,0,0,0,0,0,1,1,1,0,0,0,0,0,0,0,0
2026-07-07T06:12-07:00,Tue,6,2,6,0,0,0,0,0,0,0,12,1,4,1,4,0,1,0,1,0,0,0,1,1,2,0,0,0,0,0,0,0,0
2026-07-07T07:22-07:00,Tue,7,1,4,0,0,0,0,0,0,0,12,1,5,1,2,0,2,0,2,0,0,0,0,1,0,0,0,0,0,0,0,0,0
2026-07-07T07:32-07:00,Tue,7,1,4,0,0,0,0,0,0,0,12,1,4,1,0,0,2,0,2,0,0,0,0,1,0,0,0,0,0,0,0,0,0
2026-07-07T07:42-07:00,Tue,7,1,3,0,0,0,0,0,0,0,12,1,5,1,0,0,2,0,2,0,0,0,0,1,0,0,0,0,0,0,0,0,0
2026-07-07T07:53-07:00,Tue,7,1,1,0,0,0,0,0,0,0,12,1,5,1,0,0,2,0,2,0,0,0,1,1,1,0,0,0,0,0,0,0,0
2026-07-07T08:03-07:00,Tue,8,1,1,0,0,0,0,0,0,0,12,1,5,1,0,0,2,0,2,0,0,0,1,1,1,0,0,0,0,0,0,0,0
2026-07-07T08:13-07:00,Tue,8,1,2,0,1,0,0,0,0,0,12,1,4,1,1,0,3,0,2,0,0,0,1,1,1,0,0,0,0,0,0,0,0
2026-07-07T09:23-07:00,Tue,9,1,7,0,1,0,0,0,2,0,12,2,17,1,16,0,10,0,7,0,3,0,3,1,3,0,2,0,1,0,1,0,0
2026-07-07T09:33-07:00,Tue,9,1,8,0,1,0,0,0,2,0,12,2,14,1,17,0,12,0,8,0,4,0,7,1,4,0,2,0,1,0,1,0,0
2026-07-07T09:43-07:00,Tue,9,0,0,0,0,0,0,0,0,0,0,0,0,0,0,0,0,0,0,0,0,0,0,0,0,0,0,0,0,0,0,0,0
2026-07-07T09:53-07:00,Tue,9,0,0,0,0,0,0,0,0,0,0,0,0,0,0,0,0,0,0,0,0,0,0,0,0,0,0,0,0,0,0,0,0
2026-07-07T10:03-07:00,Tue,10,0,0,0,0,0,0,0,0,0,0,0,0,0,0,0,0,0,0,0,0,0,0,0,0,0,0,0,0,0,0,0,0
2026-07-07T10:24-07:00,Tue,10,0,0,0,0,0,0,0,0,0,0,0,0,0,0,0,0,0,0,0,0,0,0,0,0,0,0,0,0,0,0,0,0
2026-07-07T10:34-07:00,Tue,10,0,0,0,0,0,0,0,0,0,0,0,0,0,0,0,0,0,0,0,0,0,0,0,0,0,0,0,0,0,0,0,0
2026-07-07T10:44-07:00,Tue,10,0,0,0,0,0,0,0,0,0,0,0,0,0,0,0,0,0,0,0,0,0,0,0,0,0,0,0,0,0,0,0,0
2026-07-07T10:48-07:00,Tue,10,0,0,0,0,0,0,0,0,0,0,0,0,0,0,0,0,0,0,0,0,0,0,0,0,0,0,0,0,0,0,0,0
2026-07-07T10:58-07:00,Tue,10,0,0,0,0,0,0,0,0,0,0,0,0,0,0,0,0,0,0,0,0,0,0,0,0,0,0,0,0,0,0,0,0
2026-07-07T11:08-07:00,Tue,11,0,0,0,0,0,0,0,0,0,0,0,0,0,0,0,0,0,0,0,0,0,0,0,0,0,0,0,0,0,0,0,0
2026-07-07T11:28-07:00,Tue,11,0,0,0,0,0,0,0,0,0,0,0,0,0,0,0,0,0,0,0,0,0,0,0,0,0,0,0,0,0,0,0,0
2026-07-07T11:31-07:00,Tue,11,1,9,0,3,0,0,0,2,0,12,3,23,2,19,2,12,1,14,0,9,1,8,1,9,0,3,0,7,0,14,0,0
2026-07-07T11:41-07:00,Tue,11,1,9,0,3,0,0,0,1,0,12,4,30,2,18,2,17,1,18,0,12,2,11,1,9,0,4,0,8,0,14,0,0
2026-07-07T11:51-07:00,Tue,11,1,10,0,3,0,0,0,1,0,12,4,21,2,19,2,16,1,19,0,12,2,3,1,9,0,4,0,8,0,14,0,0
2026-07-07T12:01-07:00,Tue,12,1,9,0,2,0,0,0,0,0,12,4,22,2,22,2,23,1,22,0,12,2,5,1,10,0,4,0,8,0,14,0,0
2026-07-07T12:11-07:00,Tue,12,1,11,0,2,0,0,0,1,0,12,4,21,2,27,2,28,2,24,0,14,2,5,1,13,0,4,0,9,0,15,0,0
2026-07-07T12:21-07:00,Tue,12,1,15,0,4,0,0,0,3,0,12,4,24,2,29,2,23,2,22,0,14,2,6,2,4,0,4,0,9,0,15,0,0
2026-07-07T13:31-07:00,Tue,13,3,14,0,5,0,0,0,9,0,12,5,17,4,22,3,18,2,23,1,9,2,3,1,11,0,8,0,9,1,4,0,0
2026-07-07T13:42-07:00,Tue,13,3,12,0,5,0,0,0,10,0,12,5,26,4,29,3,21,2,27,1,12,2,6,2,11,0,8,0,10,1,4,0,0
2026-07-07T13:52-07:00,Tue,13,3,12,0,7,0,0,0,11,0,12,5,30,5,30,3,25,2,31,1,12,2,3,2,2,0,8,0,11,1,5,0,0
2026-07-07T14:02-07:00,Tue,14,3,12,0,6,0,0,0,10,0,12,5,31,5,21,3,26,2,29,1,12,2,4,2,5,0,8,0,8,1,6,0,0
2026-07-07T14:12-07:00,Tue,14,3,18,0,7,0,0,0,11,0,12,5,38,5,28,3,30,3,26,1,12,2,5,2,5,0,8,0,8,1,2,0,0
2026-07-07T14:22-07:00,Tue,14,3,17,0,6,0,0,0,7,0,12,5,34,5,30,3,32,3,28,1,13,2,5,2,5,0,8,0,8,1,2,0,0
2026-07-07T15:32-07:00,Tue,15,3,16,0,7,0,1,0,8,0,12,7,37,6,30,3,25,3,23,2,12,2,9,2,9,0,8,0,6,1,4,0,0
2026-07-07T15:42-07:00,Tue,15,3,17,0,7,0,1,0,8,0,12,7,23,6,29,3,24,3,24,2,12,2,11,2,8,0,8,0,6,1,4,0,0
2026-07-07T15:52-07:00,Tue,15,4,18,0,7,0,1,0,9,0,12,7,24,6,31,3,24,3,21,2,11,3,3,2,9,0,8,0,7,1,5,0,0
2026-07-07T16:02-07:00,Tue,16,4,14,0,7,0,1,0,11,0,12,7,25,6,31,3,19,3,18,2,4,3,3,2,9,0,9,0,9,1,7,0,0
2026-07-07T16:12-07:00,Tue,16,4,16,0,8,0,1,0,11,0,12,7,22,6,25,3,17,3,14,2,4,3,3,2,8,0,9,0,9,1,5,0,0
2026-07-07T16:22-07:00,Tue,16,4,20,0,10,0,1,0,13,0,12,7,27,6,19,3,17,3,10,2,3,3,6,3,3,0,7,0,7,1,6,0,0
2026-07-07T17:33-07:00,Tue,17,5,28,0,16,0,1,1,10,0,12,7,27,7,27,4,19,3,11,1,9,3,3,3,3,0,7,1,2,1,3,0,0
2026-07-07T17:43-07:00,Tue,17,5,25,0,16,0,1,1,11,0,12,7,19,7,23,4,19,3,13,1,10,3,5,3,5,0,1,1,2,1,1,0,0
2026-07-07T17:53-07:00,Tue,17,5,19,0,18,0,1,1,10,0,12,7,16,7,22,4,21,3,14,1,10,3,2,3,5,0,1,1,2,1,1,0,0
2026-07-07T18:03-07:00,Tue,18,5,23,0,19,0,2,1,9,0,12,7,18,7,24,4,23,3,16,1,11,3,2,3,6,0,2,1,4,1,2,0,0
2026-07-07T18:13-07:00,Tue,18,5,26,0,20,0,3,1,11,0,12,7,18,7,23,4,25,3,16,1,12,3,2,3,5,0,3,1,5,1,4,0,0
2026-07-07T18:23-07:00,Tue,18,5,23,0,19,0,3,1,11,0,12,7,18,7,21,4,28,3,16,1,13,3,3,3,6,0,3,1,3,1,4,0,0
2026-07-07T19:34-07:00,Tue,19,5,14,1,1,0,3,1,8,0,12,7,17,7,17,4,16,2,13,1,10,3,3,3,8,0,8,1,4,1,6,0,0
2026-07-07T19:44-07:00,Tue,19,5,17,1,2,0,3,1,7,0,12,7,20,6,22,4,17,2,13,1,12,3,2,3,9,0,8,1,4,1,6,0,0
2026-07-07T19:54-07:00,Tue,19,5,17,1,3,0,4,1,8,0,12,7,24,5,23,4,14,2,12,1,12,3,1,3,10,0,8,1,4,1,6,0,0
2026-07-07T20:04-07:00,Tue,20,6,18,1,4,0,4,1,9,0,12,7,29,5,17,4,11,2,12,1,12,3,1,3,7,0,8,1,2,1,3,0,0
2026-07-07T20:14-07:00,Tue,20,6,12,0,3,0,4,1,9,0,12,7,37,5,23,4,14,2,16,1,14,3,3,3,7,0,7,1,3,1,4,0,0
2026-07-07T20:24-07:00,Tue,20,6,14,0,3,0,4,1,10,0,12,7,37,5,22,4,11,2,16,1,13,3,2,3,8,0,6,1,3,1,4,0,0
2026-07-07T21:34-07:00,Tue,21,5,24,1,7,0,6,1,12,0,12,8,34,5,24,4,11,2,13,1,9,3,1,4,8,0,8,1,0,1,0,0,0
2026-07-07T21:44-07:00,Tue,21,5,21,1,6,0,6,1,10,0,12,8,34,5,22,4,11,2,13,1,7,3,1,4,9,0,9,1,4,1,1,0,0
2026-07-07T21:55-07:00,Tue,21,5,21,1,7,0,6,1,11,0,12,8,32,6,11,4,14,2,13,1,7,3,0,4,2,0,10,1,4,1,1,0,0
2026-07-07T22:05-07:00,Tue,22,5,20,1,7,0,6,1,11,0,12,8,29,6,12,4,13,2,14,1,8,2,2,4,3,0,10,1,4,1,1,0,0
2026-07-07T22:15-07:00,Tue,22,5,16,1,5,0,6,1,11,0,12,8,26,6,10,4,12,2,12,1,5,2,0,4,3,0,10,1,5,1,1,0,0
2026-07-07T22:25-07:00,Tue,22,5,21,1,6,0,7,1,11,0,12,8,26,6,9,4,13,2,11,1,5,2,0,4,2,0,10,1,3,1,1,0,0
2026-07-07T23:35-07:00,Tue,23,6,10,1,7,0,6,1,10,0,12,8,8,6,4,4,11,2,6,1,5,2,4,3,3,0,8,1,6,1,2,0,0
2026-07-07T23:45-07:00,Tue,23,6,6,1,5,0,6,1,9,0,12,8,6,6,4,4,9,1,8,1,4,2,3,3,2,0,7,1,1,1,1,0,0
2026-07-07T23:55-07:00,Tue,23,6,5,1,4,0,6,1,9,0,12,8,7,6,4,4,9,1,9,1,4,1,6,3,7,0,7,1,2,1,1,0,0
2026-07-08T00:05-07:00,Wed,0,6,5,1,4,0,6,1,7,0,12,8,5,6,4,4,10,1,9,1,4,1,5,3,8,0,6,1,3,1,1,0,0
2026-07-08T00:15-07:00,Wed,0,6,4,1,3,0,6,1,8,0,12,8,6,6,4,4,5,1,9,1,3,1,6,3,4,0,6,1,4,1,1,0,0
2026-07-08T00:25-07:00,Wed,0,5,3,1,3,0,6,1,7,0,12,8,3,6,4,4,5,1,9,1,4,1,5,3,1,0,1,1,3,1,1,0,0
2026-07-08T01:36-07:00,Wed,1,4,1,1,0,0,1,1,1,0,12,6,5,4,2,2,6,0,5,1,7,1,2,2,1,0,0,0,2,0,0,0,0
2026-07-08T01:46-07:00,Wed,1,4,1,1,0,0,1,1,1,0,12,6,4,3,2,2,6,0,5,1,7,1,2,2,1,0,0,0,2,0,0,0,0
2026-07-08T01:56-07:00,Wed,1,3,2,1,0,0,1,1,0,0,12,6,6,3,4,2,7,0,5,1,7,1,0,2,0,0,0,0,2,0,0,0,0
2026-07-08T02:06-07:00,Wed,2,3,2,0,0,0,1,0,0,0,12,6,6,3,4,2,6,0,5,1,8,1,0,2,0,0,0,0,1,0,0,0,0
2026-07-08T02:16-07:00,Wed,2,3,2,0,0,0,1,0,0,0,12,4,8,3,4,2,4,0,4,1,9,1,0,1,2,0,0,0,1,0,0,0,0
2026-07-08T02:26-07:00,Wed,2,3,1,0,0,0,1,0,0,0,12,4,4,3,2,2,2,0,3,1,9,1,0,1,2,0,0,0,0,0,0,0,0
2026-07-08T03:37-07:00,Wed,3,3,0,0,0,0,0,0,0,0,12,3,4,2,2,1,1,0,1,1,2,1,3,1,2,0,0,0,0,0,0,0,0
2026-07-08T03:47-07:00,Wed,3,3,0,0,0,0,0,0,0,0,12,3,4,2,2,1,1,0,1,1,2,1,3,1,1,0,0,0,0,0,0,0,0
2026-07-08T03:57-07:00,Wed,3,3,0,0,0,0,0,0,0,0,12,2,4,2,2,1,1,0,1,1,2,1,3,1,1,0,0,0,0,0,0,0,0
2026-07-08T04:07-07:00,Wed,4,3,1,0,0,0,0,0,0,0,12,2,4,2,2,1,2,0,1,1,2,1,4,1,0,0,0,0,0,0,0,0,0
2026-07-08T04:17-07:00,Wed,4,2,1,0,0,0,0,0,0,0,12,2,4,2,2,1,2,0,1,1,2,1,4,1,0,0,0,0,0,0,0,0,0
2026-07-08T04:27-07:00,Wed,4,2,1,0,0,0,0,0,0,0,12,2,5,2,2,1,2,0,1,1,1,1,0,1,0,0,0,0,0,0,0,0,0
2026-07-08T05:38-07:00,Wed,5,2,4,0,0,0,0,0,0,0,12,1,0,2,0,0,2,0,0,0,0,0,0,1,1,0,0,0,0,0,0,0,0
2026-07-08T05:48-07:00,Wed,5,2,3,0,0,0,0,0,0,0,12,1,0,2,0,0,2,0,0,0,0,0,0,1,1,0,0,0,0,0,0,0,0
2026-07-08T05:58-07:00,Wed,5,2,2,0,0,0,0,0,0,0,12,1,1,2,0,0,0,0,0,0,0,0,0,1,1,0,1,0,1,0,1,0,0
2026-07-08T06:08-07:00,Wed,6,2,3,0,0,0,0,0,0,0,12,1,1,1,0,0,0,0,0,0,0,0,0,1,1,0,1,0,1,0,1,0,0
2026-07-08T06:18-07:00,Wed,6,2,2,0,0,0,0,0,0,0,12,1,2,1,1,0,0,0,0,0,0,0,0,1,1,0,1,0,1,0,1,0,0
2026-07-08T06:28-07:00,Wed,6,2,1,0,0,0,0,0,0,0,12,1,2,1,0,0,0,0,0,0,0,0,1,1,1,0,2,0,2,0,2,0,0
2026-07-08T07:39-07:00,Wed,7,2,5,0,0,0,0,0,0,0,12,1,4,1,1,0,3,0,1,0,1,0,2,1,0,0,2,0,3,0,3,0,0
2026-07-08T07:49-07:00,Wed,7,2,5,0,0,0,0,0,0,0,12,1,4,1,1,0,3,0,2,0,1,0,4,1,0,0,2,0,3,0,3,0,0
2026-07-08T07:59-07:00,Wed,7,2,5,0,0,0,0,0,0,0,12,1,7,1,2,0,3,0,2,0,1,0,4,1,0,0,2,0,3,0,3,0,0
2026-07-08T08:09-07:00,Wed,8,2,6,0,1,0,1,0,1,0,12,1,11,1,5,0,5,0,2,0,1,0,3,1,0,0,2,0,2,0,2,0,0
2026-07-08T08:19-07:00,Wed,8,1,6,0,1,0,1,0,1,0,12,1,11,1,5,0,7,0,3,0,1,0,4,1,1,0,3,0,2,0,2,0,0
2026-07-08T08:29-07:00,Wed,8,1,6,0,1,0,1,0,1,0,12,1,17,1,9,0,8,0,3,0,1,0,4,1,1,0,3,0,3,0,3,0,0
2026-07-08T09:40-07:00,Wed,9,1,6,0,0,0,0,0,0,0,12,2,24,1,23,0,14,0,10,0,5,0,8,1,4,0,4,0,3,0,3,0,0
2026-07-08T09:50-07:00,Wed,9,1,7,0,0,0,0,0,0,0,12,2,27,1,22,0,18,0,11,0,6,0,10,1,5,0,6,0,5,0,5,0,0
2026-07-08T10:00-07:00,Wed,10,1,7,0,0,0,0,0,0,0,12,3,16,1,26,0,21,0,13,0,7,0,8,1,4,0,6,0,5,0,5,0,0
2026-07-08T10:10-07:00,Wed,10,1,8,0,1,0,0,0,0,0,12,3,14,2,20,0,22,0,15,0,8,1,3,1,5,0,8,0,6,0,6,0,0
2026-07-08T10:20-07:00,Wed,10,1,12,0,1,0,0,0,1,0,12,3,18,2,21,0,25,0,19,0,8,1,5,1,5,0,10,0,8,0,8,0,0
2026-07-08T10:30-07:00,Wed,10,1,14,0,1,0,0,0,3,0,12,3,22,2,24,1,27,0,20,0,8,1,8,1,7,0,10,0,8,0,8,0,0
2026-07-08T11:41-07:00,Wed,11,3,23,0,4,0,0,0,9,0,12,3,32,3,26,1,25,2,19,0,14,2,5,1,9,0,7,0,6,0,4,0,0
2026-07-08T11:51-07:00,Wed,11,3,13,0,4,0,0,0,9,0,12,3,34,3,28,1,24,2,11,0,14,2,4,1,9,0,7,1,6,0,4,0,0
2026-07-08T12:01-07:00,Wed,12,3,12,0,5,0,0,0,11,0,12,3,44,3,31,1,24,2,12,0,15,1,7,1,8,0,8,1,6,0,4,0,0
2026-07-08T12:11-07:00,Wed,12,3,18,0,7,0,1,0,14,0,12,3,45,3,26,1,24,2,12,0,15,1,10,1,9,0,8,1,6,0,4,0,0
2026-07-08T12:21-07:00,Wed,12,3,21,0,7,0,1,0,13,0,12,3,49,3,32,2,17,2,13,0,16,2,4,1,6,0,8,1,2,0,5,0,0
2026-07-08T12:31-07:00,Wed,12,4,26,0,7,0,1,0,14,0,12,3,52,3,21,2,19,2,14,0,17,2,4,1,7,0,7,1,2,0,5,0,0
2026-07-08T13:41-07:00,Wed,13,4,17,0,11,0,2,1,12,0,12,3,64,3,52,2,36,2,17,1,15,2,3,2,4,0,7,1,6,0,8,0,0
2026-07-08T13:51-07:00,Wed,13,4,16,0,10,0,2,1,11,0,12,3,70,3,50,2,40,2,20,1,17,2,4,2,6,0,9,1,8,0,10,0,1
2026-07-08T14:01-07:00,Wed,14,4,17,0,12,0,2,1,12,0,12,3,72,3,52,2,39,2,18,1,17,2,3,2,9,0,9,1,8,0,10,0,1
2026-07-08T14:11-07:00,Wed,14,4,21,1,6,0,4,1,12,0,12,3,71,3,52,2,38,2,18,1,17,2,4,2,11,0,9,1,8,0,8,0,1
2026-07-08T14:22-07:00,Wed,14,4,15,1,7,0,0,1,13,0,12,3,71,3,56,2,36,2,21,1,19,2,4,2,9,0,9,1,6,0,8,0,1
2026-07-08T14:32-07:00,Wed,14,4,19,1,11,0,0,1,15,0,12,3,77,3,61,2,35,2,21,1,19,2,2,2,11,0,9,1,5,0,8,0,1
2026-07-08T15:42-07:00,Wed,15,4,17,1,12,0,1,1,14,0,12,3,61,3,77,2,44,2,25,1,25,2,3,3,6,0,5,1,2,0,10,0,1
2026-07-08T15:52-07:00,Wed,15,4,18,1,8,0,2,2,15,0,12,3,60,3,79,2,44,2,25,1,25,2,3,3,6,0,5,1,2,0,10,0,1
2026-07-08T16:02-07:00,Wed,16,3,18,1,8,0,2,2,7,0,12,3,65,3,84,2,47,2,27,1,30,2,3,3,5,0,5,1,2,0,10,0,1
2026-07-08T16:12-07:00,Wed,16,3,17,1,8,0,2,2,6,0,12,3,39,3,83,2,46,2,21,1,30,2,4,3,6,0,7,1,4,0,10,0,1
2026-07-08T16:22-07:00,Wed,16,3,16,1,7,0,2,2,7,0,12,3,42,3,85,2,48,2,20,1,31,2,4,3,7,0,9,1,6,0,10,0,1
2026-07-08T16:32-07:00,Wed,16,3,18,1,9,0,2,2,9,0,12,3,48,3,91,2,56,2,23,1,32,2,2,3,4,0,8,1,6,0,10,0,1
2026-07-08T17:43-07:00,Wed,17,4,27,1,16,0,0,2,10,0,12,3,41,3,100,2,68,2,34,1,13,2,7,3,9,0,11,1,6,0,4,0,2
2026-07-08T17:53-07:00,Wed,17,4,22,1,17,0,0,2,10,0,12,3,42,3,105,2,72,2,40,1,12,3,9,3,8,0,12,1,6,0,5,0,2
2026-07-08T18:03-07:00,Wed,18,4,16,1,15,0,1,2,9,0,12,3,44,3,104,2,75,2,42,1,11,3,1,3,6,0,13,1,7,0,5,0,2
2026-07-08T18:13-07:00,Wed,18,4,17,1,15,0,1,2,8,0,12,3,43,3,103,2,77,2,44,1,10,3,2,3,6,0,13,1,7,0,5,0,2
2026-07-08T18:23-07:00,Wed,18,4,20,1,9,0,2,2,9,0,12,3,44,3,101,2,75,2,42,1,9,3,3,3,7,0,15,1,10,0,7,0,3
2026-07-08T18:33-07:00,Wed,18,4,21,1,8,0,2,2,7,0,12,3,46,3,96,2,71,2,41,1,7,3,3,3,7,0,15,1,10,0,7,0,0
2026-07-08T19:44-07:00,Wed,19,5,25,1,14,0,3,2,14,0,12,3,72,3,57,2,68,3,14,0,10,3,3,3,5,1,3,1,10,1,2,0,0
2026-07-08T19:54-07:00,Wed,19,5,22,1,14,0,3,2,12,0,12,3,73,3,47,2,71,3,12,0,12,3,2,3,5,1,3,1,10,1,2,0,0
2026-07-08T20:04-07:00,Wed,20,5,26,1,15,0,2,2,14,0,12,3,74,3,46,2,73,3,10,0,12,3,1,3,5,1,6,1,13,1,4,0,0
2026-07-08T20:14-07:00,Wed,20,5,22,2,14,0,2,2,12,0,12,3,78,3,30,3,57,3,10,0,12,3,1,2,5,1,6,2,13,1,4,0,0
2026-07-08T20:24-07:00,Wed,20,6,15,1,14,0,3,2,14,0,12,3,83,3,31,3,21,3,10,0,12,3,3,2,8,1,4,2,4,1,5,0,0
2026-07-08T20:34-07:00,Wed,20,6,13,1,15,0,4,2,14,0,12,5,21,4,24,4,23,3,12,0,13,3,4,2,10,1,4,2,5,1,5,0,0
2026-07-08T21:45-07:00,Wed,21,6,18,1,14,0,8,2,14,0,12,7,21,4,26,4,30,3,12,0,13,3,4,3,6,1,6,2,5,1,7,0,0
2026-07-08T21:55-07:00,Wed,21,6,20,1,15,0,8,2,14,0,12,7,26,4,28,5,30,2,11,0,5,3,5,3,5,0,3,2,10,1,7,0,0
2026-07-08T22:05-07:00,Wed,22,6,20,1,14,0,8,2,13,0,12,7,29,4,31,5,20,2,8,0,4,3,3,3,6,0,1,2,12,1,8,0,0
2026-07-08T22:15-07:00,Wed,22,6,18,1,13,0,6,2,12,0,12,7,28,4,29,5,19,2,8,0,4,3,3,3,5,0,3,2,12,1,2,0,0
2026-07-08T22:25-07:00,Wed,22,6,15,1,9,0,6,2,13,0,12,7,28,4,24,5,20,2,7,0,3,3,2,3,7,0,4,2,15,1,3,0,0
2026-07-08T22:35-07:00,Wed,22,6,14,1,9,0,6,2,16,0,12,7,31,4,24,5,16,2,5,0,2,3,3,3,8,0,2,2,3,1,2,0,0
2026-07-08T23:50-07:00,Wed,23,6,10,1,7,0,8,2,13,0,12,8,20,3,13,5,13,1,5,0,1,3,3,3,2,0,0,2,0,1,0,0,0
2026-07-09T00:01-07:00,Thu,0,5,7,1,4,0,0,2,9,0,12,8,14,3,10,5,10,1,4,0,0,3,3,3,2,0,0,2,1,0,0,0,0
2026-07-09T00:11-07:00,Thu,0,5,6,1,3,0,0,2,8,0,12,8,17,3,11,5,10,1,3,0,0,3,1,3,2,0,0,2,1,0,0,0,0
2026-07-09T00:21-07:00,Thu,0,4,9,1,4,0,0,2,8,0,12,8,15,3,9,4,8,1,3,0,0,3,1,3,1,0,0,2,0,0,0,0,0
2026-07-09T00:31-07:00,Thu,0,4,10,1,3,0,0,2,8,0,12,8,8,3,5,4,8,1,4,0,0,3,3,3,0,0,0,2,0,0,0,0,0
2026-07-09T00:41-07:00,Thu,0,4,10,1,2,0,0,2,4,0,12,8,8,3,4,4,8,1,3,0,0,3,1,3,0,0,0,2,0,0,0,0,0
2026-07-09T01:51-07:00,Thu,1,3,3,1,0,0,0,2,1,0,12,5,2,3,2,3,5,1,4,0,1,2,5,3,2,0,0,1,1,0,0,0,0
2026-07-09T02:02-07:00,Thu,2,3,2,1,0,0,0,2,1,0,12,5,1,3,2,3,3,1,3,0,1,2,5,3,2,0,0,1,1,0,0,0,0
2026-07-09T02:12-07:00,Thu,2,3,1,1,0,0,0,2,1,0,12,4,1,3,2,3,4,1,4,0,1,2,7,3,1,0,0,1,1,0,0,0,0
2026-07-09T02:22-07:00,Thu,2,3,1,1,0,0,0,2,1,0,12,4,1,3,2,3,4,1,4,0,1,2,4,3,1,0,0,1,1,0,0,0,0
2026-07-09T02:32-07:00,Thu,2,3,0,1,0,0,0,2,0,0,12,4,1,3,2,3,4,1,4,0,2,2,6,3,1,0,0,1,1,0,0,0,0
2026-07-09T02:42-07:00,Thu,2,3,0,1,0,0,0,2,0,0,12,4,1,3,2,2,3,1,4,0,2,2,5,3,1,0,0,1,1,0,0,0,0
2026-07-09T03:57-07:00,Thu,3,2,0,0,0,0,0,1,2,0,12,3,0,2,0,2,1,1,6,0,3,2,0,1,1,0,0,0,0,0,0,0,0
2026-07-09T04:08-07:00,Thu,4,2,0,0,0,0,0,1,2,0,12,3,0,2,0,1,4,1,8,0,3,2,0,1,2,0,0,0,0,0,0,0,0
2026-07-09T04:18-07:00,Thu,4,2,1,0,0,0,0,1,1,0,12,3,0,2,0,1,3,0,0,0,3,2,0,1,3,0,0,0,0,0,0,0,0
2026-07-09T04:28-07:00,Thu,4,2,1,0,0,0,0,1,0,0,12,3,0,2,0,1,3,0,0,0,3,2,0,1,1,0,0,0,0,0,0,0,0
2026-07-09T04:38-07:00,Thu,4,2,1,0,0,0,0,1,0,0,12,3,0,2,0,1,2,0,0,0,2,2,0,1,2,0,0,0,0,0,0,0,0
2026-07-09T04:48-07:00,Thu,4,2,1,0,0,0,0,1,0,0,12,2,0,2,1,1,2,0,0,0,2,2,0,1,2,0,0,0,0,0,0,0,0
2026-07-09T05:59-07:00,Thu,5,1,4,0,0,0,0,1,0,0,12,1,3,1,1,1,1,0,0,0,1,0,0,1,0,0,0,0,0,0,0,0,0
2026-07-09T06:09-07:00,Thu,6,1,3,0,0,0,0,1,0,0,12,1,4,1,2,1,0,0,0,0,1,0,0,1,0,0,0,0,0,0,0,0,0
2026-07-09T06:19-07:00,Thu,6,1,4,0,0,0,0,1,0,0,12,1,6,1,4,1,0,0,0,0,1,0,0,1,0,0,0,0,0,0,0,0,0
2026-07-09T06:29-07:00,Thu,6,1,4,0,0,0,0,1,0,0,12,1,8,1,4,1,2,0,0,0,1,0,0,1,0,0,0,0,0,0,0,0,0
2026-07-09T06:39-07:00,Thu,6,1,3,0,0,0,0,1,0,0,12,1,8,0,4,1,2,0,0,0,1,0,0,1,0,0,0,0,0,0,0,0,0
2026-07-09T06:49-07:00,Thu,6,1,3,0,0,0,0,1,0,0,12,1,7,0,3,1,2,0,1,0,2,0,0,1,0,0,0,0,0,0,0,0,0
2026-07-09T08:00-07:00,Thu,8,1,4,0,1,0,0,0,0,0,12,1,6,0,4,1,3,0,1,0,2,0,0,1,0,0,1,0,1,0,1,0,0
2026-07-09T08:10-07:00,Thu,8,1,5,0,1,0,0,0,0,0,12,1,6,0,3,0,3,0,1,0,2,0,0,1,0,0,1,0,1,0,1,0,0
2026-07-09T08:20-07:00,Thu,8,1,7,0,2,0,0,0,2,0,12,1,6,0,4,0,4,0,1,0,2,0,1,1,1,0,1,0,1,0,1,0,0
2026-07-09T08:30-07:00,Thu,8,1,7,0,2,0,0,0,2,0,12,1,7,0,3,0,4,0,2,0,2,0,1,1,1,0,1,0,1,0,1,0,0
2026-07-09T08:40-07:00,Thu,8,1,7,0,2,0,0,0,2,0,12,2,5,0,3,0,4,0,2,0,2,0,1,1,2,0,1,0,1,0,1,0,0
2026-07-09T08:50-07:00,Thu,8,1,9,0,2,0,0,0,2,0,12,2,7,0,5,0,7,0,2,0,2,0,2,1,2,0,1,0,1,0,1,0,0
2026-07-09T10:01-07:00,Thu,10,2,8,0,4,0,1,0,2,0,12,2,17,0,26,0,20,0,16,0,10,1,2,1,7,0,5,0,3,0,1,0,0
2026-07-09T10:11-07:00,Thu,10,2,7,0,3,0,0,0,2,0,12,2,18,1,26,0,22,0,15,0,10,1,5,1,10,0,7,0,5,0,3,0,0
2026-07-09T10:21-07:00,Thu,10,2,10,0,3,0,0,0,3,0,12,3,18,1,25,0,23,0,16,0,11,1,7,2,11,0,7,0,5,0,3,0,0
2026-07-09T10:31-07:00,Thu,10,2,15,0,6,0,1,0,5,0,12,3,22,1,27,1,23,0,18,0,12,1,8,2,3,0,7,0,6,0,3,0,0
2026-07-09T10:41-07:00,Thu,10,2,16,0,7,0,2,0,6,0,12,2,20,1,28,1,25,0,20,0,13,1,11,2,6,0,9,0,7,0,4,0,0
2026-07-09T10:51-07:00,Thu,10,2,19,0,7,0,2,0,7,0,12,2,22,1,23,1,17,0,21,0,14,1,11,2,6,0,10,0,8,0,5,0,0
2026-07-09T12:02-07:00,Thu,12,2,19,0,9,0,3,0,8,0,12,3,28,2,34,2,26,1,18,1,6,2,5,2,1,0,9,0,8,0,5,0,0
2026-07-09T12:12-07:00,Thu,12,2,25,0,9,0,3,0,9,0,12,4,30,2,35,2,18,1,16,1,7,2,4,2,6,0,12,0,10,0,6,0,0
2026-07-09T12:22-07:00,Thu,12,3,26,0,9,0,3,0,10,0,12,4,29,2,38,2,22,1,15,1,6,2,6,2,6,0,12,0,12,0,7,0,0
2026-07-09T12:32-07:00,Thu,12,3,19,0,9,0,3,0,11,0,12,4,18,2,36,2,22,1,17,1,7,2,6,1,9,0,13,0,13,0,8,0,0
2026-07-09T12:42-07:00,Thu,12,3,20,0,9,0,3,0,11,0,12,4,22,3,40,2,24,1,18,1,7,2,10,1,10,0,13,0,13,0,8,0,0
2026-07-09T12:52-07:00,Thu,12,4,22,0,9,0,2,0,12,0,12,4,20,3,30,3,17,1,18,1,7,2,12,1,14,0,14,1,14,0,9,0,0
2026-07-09T14:02-07:00,Thu,14,4,15,0,13,0,4,1,7,0,12,6,35,5,30,3,23,1,18,1,11,3,3,2,4,0,7,1,8,0,10,0,0
2026-07-09T14:12-07:00,Thu,14,4,17,1,14,0,4,1,7,0,12,6,25,6,21,3,25,1,15,1,11,3,4,2,2,0,6,1,8,0,9,0,0
2026-07-09T14:23-07:00,Thu,14,4,16,0,8,0,5,1,7,0,12,6,25,6,19,3,25,1,16,1,11,2,6,2,2,0,6,2,10,0,11,0,0
2026-07-09T14:33-07:00,Thu,14,4,18,0,8,0,5,1,8,0,12,6,24,6,23,3,25,1,19,1,12,2,6,2,1,0,6,2,3,0,11,0,0
2026-07-09T14:43-07:00,Thu,14,4,19,0,12,0,0,1,10,0,12,6,27,6,24,3,27,1,19,1,12,2,8,2,1,0,6,2,1,0,12,0,0
2026-07-09T14:53-07:00,Thu,14,4,19,0,12,0,0,1,10,0,12,7,25,6,24,3,28,1,19,1,12,2,7,2,2,0,6,2,3,0,13,0,0
2026-07-09T16:03-07:00,Thu,16,4,27,0,16,0,1,1,19,0,12,8,26,7,35,4,20,2,9,1,13,2,2,2,4,0,12,2,8,1,0,0,0
2026-07-09T16:13-07:00,Thu,16,5,21,0,15,0,1,1,17,0,12,8,26,8,37,4,22,2,10,1,15,2,4,2,8,0,13,2,4,1,1,0,0
2026-07-09T16:23-07:00,Thu,16,5,21,0,16,0,1,1,18,0,12,8,28,8,40,4,27,2,14,1,17,2,6,2,7,0,13,2,7,1,1,0,0
2026-07-09T16:34-07:00,Thu,16,5,20,0,15,0,1,1,15,0,12,8,32,8,37,4,26,2,11,1,18,2,11,2,11,0,15,2,9,1,1,0,0
2026-07-09T16:44-07:00,Thu,16,5,19,0,16,0,1,1,15,0,12,8,34,8,32,4,26,2,9,1,19,2,12,3,16,0,15,2,9,1,1,0,0
2026-07-09T16:54-07:00,Thu,16,5,21,0,17,0,2,1,14,0,12,8,37,7,32,4,29,2,9,1,19,2,12,3,9,0,16,2,7,1,1,0,0
2026-07-09T18:04-07:00,Thu,18,5,14,1,12,0,5,1,11,0,12,8,43,7,51,4,32,2,19,1,20,2,3,4,8,0,3,2,4,0,1,0,0
2026-07-09T18:14-07:00,Thu,18,5,14,1,13,0,6,1,13,0,12,8,41,7,46,4,34,2,20,1,21,2,2,4,7,0,3,2,7,0,4,0,0
2026-07-09T18:24-07:00,Thu,18,5,12,1,11,0,5,1,10,0,12,8,33,7,31,4,30,2,19,1,22,2,4,4,10,0,3,2,7,0,4,0,0
2026-07-09T18:34-07:00,Thu,18,5,12,1,7,0,3,1,9,0,12,8,28,7,31,4,36,2,20,1,24,2,4,4,12,0,6,2,6,0,7,0,0
2026-07-09T18:44-07:00,Thu,18,5,13,1,7,0,3,1,9,0,12,8,34,7,29,4,33,2,22,1,25,2,7,4,10,0,6,2,5,0,8,0,0
2026-07-09T18:55-07:00,Thu,18,5,16,1,7,0,3,1,9,0,12,8,33,7,30,4,34,2,20,1,25,2,8,4,15,0,8,2,6,0,9,0,0
2026-07-09T20:05-07:00,Thu,20,5,21,1,11,0,6,0,11,0,12,8,32,7,33,4,23,2,15,1,26,2,1,5,4,0,8,2,0,0,8,0,0
2026-07-09T20:15-07:00,Thu,20,5,21,1,11,0,6,0,11,0,12,8,26,7,30,4,20,2,14,1,17,2,4,5,5,0,10,2,2,0,9,0,0
2026-07-09T20:25-07:00,Thu,20,5,22,1,13,0,7,0,13,0,12,8,30,7,34,4,21,2,15,1,18,2,5,5,8,0,12,2,5,0,11,0,0
2026-07-09T20:35-07:00,Thu,20,6,17,1,17,0,9,0,17,0,12,8,30,7,30,4,16,2,11,1,18,2,5,5,9,0,2,2,9,0,11,0,0
2026-07-09T20:45-07:00,Thu,20,6,20,1,18,0,10,0,19,0,12,8,29,7,26,4,22,2,11,1,17,2,11,5,12,0,3,2,8,0,11,0,0
2026-07-09T20:55-07:00,Thu,20,6,20,1,18,0,10,1,18,0,12,8,34,7,22,4,25,2,11,1,16,2,13,5,17,0,4,2,8,0,11,1,0
2026-07-09T22:06-07:00,Thu,22,6,15,2,16,0,11,1,10,0,12,8,37,7,20,4,17,1,13,1,5,3,3,5,12,0,8,2,11,0,5,1,0
2026-07-09T22:16-07:00,Thu,22,6,13,2,8,0,11,1,7,0,12,8,47,7,25,4,19,1,12,1,5,3,4,5,12,0,9,2,11,0,5,1,0
2026-07-09T22:26-07:00,Thu,22,5,13,2,9,0,11,1,7,0,12,9,44,8,31,4,22,1,11,0,5,3,4,5,11,0,9,2,10,0,5,1,0
2026-07-09T22:36-07:00,Thu,22,5,10,2,8,0,7,1,8,0,12,9,46,8,20,4,20,1,11,0,5,3,2,5,12,0,9,2,11,0,4,1,0
2026-07-09T22:46-07:00,Thu,22,5,11,2,8,0,7,1,8,0,12,9,49,8,23,3,19,1,12,0,5,3,1,5,5,0,10,3,12,0,4,1,0
2026-07-09T22:56-07:00,Thu,22,5,11,2,7,0,7,1,9,0,12,9,46,8,22,3,16,1,11,0,5,3,0,5,3,0,3,3,0,0,0,1,0
2026-07-10T00:07-07:00,Fri,0,5,9,2,4,0,6,1,7,0,12,10,9,8,4,3,14,1,2,0,1,3,0,5,3,0,4,3,1,0,2,1,0
2026-07-10T00:17-07:00,Fri,0,5,10,2,4,0,6,1,7,0,12,10,6,8,3,3,14,1,2,0,1,3,0,5,4,0,4,3,1,0,2,1,0
2026-07-10T00:27-07:00,Fri,0,5,11,2,6,0,7,1,8,0,12,10,6,8,2,3,15,1,2,0,1,3,0,5,2,0,3,2,2,0,1,1,0
2026-07-10T00:37-07:00,Fri,0,5,10,1,5,0,7,1,8,0,12,9,6,8,2,3,11,1,2,0,1,3,0,5,3,0,3,2,1,0,0,1,0
2026-07-10T00:47-07:00,Fri,0,5,13,1,5,0,7,1,7,0,12,8,4,8,3,3,6,1,1,0,1,3,0,5,1,0,3,2,1,0,0,1,0
2026-07-10T00:57-07:00,Fri,0,5,13,1,6,0,6,1,6,0,12,7,6,7,6,3,9,1,1,0,1,3,0,3,1,0,3,2,0,0,0,1,0
2026-07-10T01:08-07:00,Fri,1,5,10,1,5,0,6,1,5,0,12,6,6,7,7,3,11,0,1,0,1,2,2,3,2,0,0,2,0,0,0,1,0
2026-07-10T01:18-07:00,Fri,1,5,7,1,4,0,6,1,4,0,12,6,7,7,4,3,10,0,1,0,1,2,2,3,2,0,0,2,0,0,0,1,0
2026-07-10T01:28-07:00,Fri,1,5,4,1,4,0,6,1,2,0,12,6,7,7,5,3,11,0,1,0,1,2,3,3,3,0,0,2,1,0,0,1,0
2026-07-10T01:38-07:00,Fri,1,5,5,1,4,0,6,1,2,0,12,6,7,7,5,3,9,0,1,0,1,2,1,3,4,0,0,2,1,0,0,1,0
2026-07-10T01:48-07:00,Fri,1,5,5,1,3,0,6,1,0,0,12,6,9,7,5,3,8,0,1,0,1,2,0,3,1,0,0,2,0,0,0,1,0
2026-07-10T01:58-07:00,Fri,1,5,4,1,2,0,6,1,0,0,12,6,9,6,6,3,7,0,1,0,1,2,0,3,1,0,0,2,0,0,0,1,0
2026-07-10T03:09-07:00,Fri,3,4,0,1,0,0,0,1,0,0,12,4,5,5,5,2,4,0,1,0,1,1,0,2,2,0,0,1,2,0,0,1,0
2026-07-10T03:19-07:00,Fri,3,4,1,1,0,0,0,1,0,0,12,3,5,5,5,2,4,0,1,0,1,1,1,2,4,0,0,1,2,0,0,1,0
2026-07-10T03:29-07:00,Fri,3,4,2,0,1,0,0,1,0,0,12,3,2,5,3,2,2,0,1,0,1,1,1,2,3,0,0,1,2,0,0,1,0
2026-07-10T03:39-07:00,Fri,3,3,3,0,1,0,0,1,0,0,12,3,2,5,3,2,2,0,1,0,1,1,0,2,0,0,0,1,2,0,0,1,0
2026-07-10T03:49-07:00,Fri,3,3,3,0,1,0,0,1,0,0,12,3,2,4,4,2,3,0,1,0,1,0,0,2,0,0,0,1,0,0,0,1,0
2026-07-10T03:59-07:00,Fri,3,3,4,0,1,0,0,1,0,0,12,3,1,4,3,2,2,0,1,0,1,0,0,2,0,0,0,1,0,0,0,1,0
2026-07-10T05:09-07:00,Fri,5,3,2,0,0,0,0,1,0,0,12,1,2,1,2,1,3,0,1,0,1,0,0,1,0,0,0,0,0,0,0,0,0
2026-07-10T05:19-07:00,Fri,5,3,3,0,0,0,0,1,0,0,12,1,2,1,1,1,4,0,1,0,1,0,0,1,0,0,0,0,0,0,0,0,0
2026-07-10T05:30-07:00,Fri,5,2,2,0,0,0,0,1,0,0,12,1,2,1,1,1,4,0,1,0,1,0,0,1,0,0,0,0,0,0,0,0,0
2026-07-10T05:40-07:00,Fri,5,2,2,0,0,0,0,1,0,0,12,1,1,1,1,1,2,0,1,0,1,0,0,1,0,0,0,0,0,0,0,0,0
2026-07-10T05:50-07:00,Fri,5,2,3,0,0,0,0,1,0,0,12,1,0,1,1,1,2,0,1,0,1,0,0,1,0,0,0,0,0,0,0,0,0
2026-07-10T06:00-07:00,Fri,6,2,3,0,0,0,0,1,0,0,12,1,0,1,1,1,2,0,0,0,0,0,1,1,1,0,1,0,1,0,1,0,0
2026-07-10T07:10-07:00,Fri,7,2,2,0,0,0,0,0,0,0,12,0,1,1,1,1,3,0,0,0,0,0,2,0,2,0,2,0,2,0,2,0,1
2026-07-10T07:20-07:00,Fri,7,2,2,0,0,0,0,0,0,0,12,0,0,1,1,1,3,0,0,0,0,0,2,0,2,0,2,0,2,0,2,0,1
2026-07-10T07:30-07:00,Fri,7,2,2,0,0,0,0,0,0,0,12,0,0,1,1,1,3,0,0,0,0,0,2,0,2,0,2,0,2,0,2,0,1
2026-07-10T07:41-07:00,Fri,7,2,4,0,0,0,0,0,1,0,12,0,0,1,1,1,3,0,0,0,0,0,2,0,2,0,2,0,2,0,2,0,1
2026-07-10T07:51-07:00,Fri,7,2,3,0,0,0,0,0,1,0,12,0,1,1,1,1,3,0,0,0,0,0,2,0,2,0,2,0,2,0,2,0,1
2026-07-10T08:01-07:00,Fri,8,2,4,0,1,0,0,0,1,0,12,0,1,1,2,1,3,0,0,0,0,0,2,0,2,0,2,0,2,0,2,0,1
2026-07-10T09:11-07:00,Fri,9,2,12,0,6,0,1,0,6,0,12,0,10,1,11,1,13,0,5,0,1,0,5,0,3,0,2,0,2,0,2,0,1
2026-07-10T09:21-07:00,Fri,9,2,15,0,6,0,1,0,6,0,12,1,10,1,10,1,13,0,6,0,2,0,6,0,3,0,2,0,2,0,2,0,1
2026-07-10T09:31-07:00,Fri,9,2,14,0,6,0,1,0,5,0,12,1,7,1,11,2,14,0,7,0,2,0,5,0,4,0,2,0,1,0,1,0,0
2026-07-10T09:41-07:00,Fri,9,2,13,0,5,0,1,0,4,0,12,1,10,1,12,2,12,0,7,0,2,0,5,0,4,0,2,0,1,0,1,0,0
2026-07-10T09:51-07:00,Fri,9,2,14,0,5,0,1,0,4,0,12,1,12,1,12,2,10,0,10,0,4,0,6,0,8,0,3,0,1,0,1,0,0
2026-07-10T10:02-07:00,Fri,10,2,15,0,5,0,2,0,4,0,12,2,11,1,12,2,11,0,10,0,4,0,9,0,12,0,4,0,2,0,2,0,0
2026-07-10T11:12-07:00,Fri,11,2,32,1,7,0,2,0,7,0,12,2,20,2,18,2,13,0,15,0,6,1,4,1,6,0,7,0,10,0,8,0,1
2026-07-10T11:22-07:00,Fri,11,2,32,1,7,0,2,0,7,0,12,2,20,2,15,2,12,0,14,0,6,1,10,1,9,0,6,0,9,0,7,0,0
2026-07-10T11:32-07:00,Fri,11,2,33,1,9,0,2,0,8,0,12,2,22,2,17,2,14,1,7,0,7,1,7,2,0,0,6,0,8,0,6,0,0
2026-07-10T11:42-07:00,Fri,11,2,36,1,11,0,3,0,9,0,12,2,23,2,17,2,13,1,7,0,7,2,10,2,4,0,6,0,8,0,6,0,0
2026-07-10T11:52-07:00,Fri,11,3,37,1,11,0,4,0,9,0,12,2,25,2,18,2,12,1,7,0,7,2,9,1,13,0,7,0,5,0,5,0,0
2026-07-10T12:02-07:00,Fri,12,3,29,1,10,0,3,0,6,0,12,2,29,3,24,2,15,1,11,0,7,2,9,1,17,0,8,0,6,0,6,0,0
2026-07-10T13:13-07:00,Fri,13,5,18,1,10,0,6,0,12,0,12,4,18,3,18,2,18,1,12,0,8,2,4,3,5,0,6,1,7,0,12,0,2
2026-07-10T13:23-07:00,Fri,13,5,21,1,8,0,7,1,8,0,12,5,21,3,22,2,21,1,14,0,9,2,3,3,5,0,6,1,6,0,12,0,2
2026-07-10T13:33-07:00,Fri,13,5,22,1,8,0,6,1,10,0,12,5,25,3,24,2,26,2,15,0,11,2,6,3,4,0,6,1,7,1,2,0,2
2026-07-10T13:43-07:00,Fri,13,5,21,1,11,0,8,1,10,0,12,5,25,3,29,2,24,2,8,0,11,2,9,2,5,0,7,1,6,1,1,0,2
2026-07-10T13:53-07:00,Fri,13,5,25,1,12,0,9,1,14,0,12,5,30,3,28,2,23,2,8,0,11,2,11,2,6,0,7,1,5,1,1,0,1
2026-07-10T14:03-07:00,Fri,14,5,26,1,13,0,10,1,14,0,12,7,35,4,26,2,28,2,9,0,13,2,3,2,8,0,6,1,7,1,2,0,2
2026-07-10T15:14-07:00,Fri,15,6,41,1,25,0,15,1,17,0,12,8,29,5,29,3,33,2,20,0,16,2,5,3,7,0,11,1,9,1,3,0,3
2026-07-10T15:24-07:00,Fri,15,6,38,1,25,0,15,1,17,0,12,8,32,5,29,4,34,2,21,0,16,2,3,3,12,0,12,1,9,1,3,0,3
2026-07-10T15:34-07:00,Fri,15,6,40,1,25,0,16,1,17,0,12,8,44,5,31,4,27,2,24,0,17,2,3,3,10,0,13,1,10,1,4,0,3
2026-07-10T15:44-07:00,Fri,15,6,38,1,27,0,18,1,17,0,12,9,31,6,30,4,27,2,23,0,16,2,7,3,12,0,14,1,11,1,5,0,3
2026-07-10T15:54-07:00,Fri,15,6,36,1,22,0,17,1,15,0,12,9,29,6,30,4,27,2,22,0,16,2,6,4,6,0,15,1,12,1,6,0,3
2026-07-10T16:04-07:00,Fri,16,6,36,1,23,0,18,1,17,0,12,9,30,6,31,4,30,2,20,0,14,2,9,4,7,0,6,1,9,1,3,0,2
2026-07-10T17:14-07:00,Fri,17,6,31,1,17,1,12,1,20,0,12,10,34,6,42,4,34,2,21,0,21,3,3,4,8,0,11,2,4,1,5,0,3
2026-07-10T17:25-07:00,Fri,17,6,31,1,19,1,14,1,21,0,12,10,36,6,37,4,29,2,14,0,20,2,4,4,12,0,11,2,3,1,5,0,3
2026-07-10T17:35-07:00,Fri,17,6,32,1,22,1,16,1,21,0,12,10,38,6,40,4,29,2,14,0,20,2,7,4,6,0,11,2,5,1,7,0,3
2026-07-10T17:45-07:00,Fri,17,6,28,1,22,1,16,2,22,0,12,10,36,6,38,4,27,2,14,0,20,2,5,4,5,1,2,2,7,1,7,0,3
2026-07-10T17:55-07:00,Fri,17,6,24,1,19,1,17,2,8,0,12,10,31,6,35,4,25,2,14,0,20,2,2,4,7,1,4,2,8,1,7,0,2
2026-07-10T18:05-07:00,Fri,18,6,25,1,18,1,17,2,9,0,12,10,37,6,35,4,28,2,12,0,20,2,4,3,4,1,4,2,7,1,7,0,2
2026-07-10T18:15-07:00,Fri,18,6,32,1,17,1,18,2,9,0,12,10,34,6,32,4,27,2,12,0,20,2,7,3,8,1,5,2,8,1,8,0,2
2026-07-10T18:25-07:00,Fri,18,6,35,1,17,1,19,2,8,0,12,10,39,6,29,4,26,2,12,0,18,3,9,3,10,1,5,2,9,1,9,0,2
2026-07-10T18:35-07:00,Fri,18,6,36,1,18,1,21,2,10,0,12,10,39,6,30,4,25,2,13,0,18,3,2,3,10,1,6,2,10,1,10,0,2
2026-07-10T18:45-07:00,Fri,18,6,37,1,14,1,22,2,8,0,12,10,40,6,33,4,29,2,15,0,20,3,5,3,6,1,8,2,6,1,5,0,2
2026-07-10T18:55-07:00,Fri,18,6,39,1,14,1,24,2,8,0,12,9,40,6,33,4,27,2,11,0,19,3,8,3,10,1,12,2,10,1,8,0,2
2026-07-10T19:05-07:00,Fri,19,7,47,1,16,1,27,2,8,0,12,9,40,6,38,4,28,2,12,0,19,3,5,3,11,1,13,2,9,1,8,0,2
2026-07-10T20:16-07:00,Fri,20,7,42,1,20,2,14,2,20,0,12,9,31,6,32,4,25,2,11,0,13,4,2,5,14,1,9,3,8,1,12,0,4
2026-07-10T20:26-07:00,Fri,20,8,42,1,18,2,14,2,19,0,12,9,30,6,31,4,24,2,11,0,13,4,3,5,10,1,12,3,10,1,13,0,4
2026-07-10T20:36-07:00,Fri,20,8,34,1,18,2,15,2,19,0,12,9,31,6,30,4,23,2,11,0,14,4,3,5,10,1,13,3,14,1,13,0,4
2026-07-10T20:46-07:00,Fri,20,8,36,1,18,2,15,2,17,0,12,9,35,6,32,4,20,2,9,0,14,4,4,5,10,1,13,3,17,1,16,0,7
2026-07-10T20:56-07:00,Fri,20,8,39,1,18,2,15,2,15,0,12,9,41,6,34,4,19,2,7,0,14,4,10,5,16,1,11,3,15,1,15,0,7
2026-07-10T21:06-07:00,Fri,21,8,40,1,17,2,14,2,19,0,12,10,47,7,31,4,18,2,8,0,15,4,11,6,20,1,11,3,14,1,13,1,7
2026-07-10T22:17-07:00,Fri,22,9,28,1,11,2,12,2,17,0,12,11,37,8,19,4,32,2,17,0,17,4,7,6,9,2,14,3,6,0,10,1,0
2026-07-10T22:27-07:00,Fri,22,9,34,1,12,2,12,2,16,0,12,11,44,8,21,4,33,2,15,0,17,4,7,6,12,2,11,3,5,0,10,1,0
2026-07-10T22:37-07:00,Fri,22,9,31,1,14,2,14,2,16,0,12,11,38,8,20,4,32,2,14,1,2,4,10,6,13,1,4,3,5,0,8,1,0
2026-07-10T22:47-07:00,Fri,22,9,30,1,14,2,13,2,15,0,12,11,29,8,18,5,31,2,12,0,2,4,12,6,15,1,5,3,6,0,9,1,1
2026-07-10T22:57-07:00,Fri,22,9,30,1,13,2,12,2,15,0,12,11,19,8,18,5,12,2,12,0,1,4,14,6,18,1,7,3,7,0,9,1,1
2026-07-10T23:07-07:00,Fri,23,9,31,1,14,2,10,2,14,0,12,11,21,8,17,4,11,2,9,0,1,4,15,6,7,1,9,3,5,0,9,1,1
2026-07-11T00:17-07:00,Sat,0,8,16,1,9,2,6,2,16,0,12,11,10,8,9,4,6,2,0,0,1,4,0,6,9,1,1,3,1,0,10,1,0
2026-07-11T00:27-07:00,Sat,0,8,16,1,9,2,5,2,14,0,12,10,7,8,7,4,8,2,1,0,1,4,0,6,8,1,1,3,2,0,10,1,0
2026-07-11T00:38-07:00,Sat,0,8,15,1,7,2,4,2,13,0,12,10,7,8,7,4,8,2,1,0,1,4,0,6,7,1,0,3,3,0,11,1,0
2026-07-11T00:48-07:00,Sat,0,8,13,1,7,2,4,2,12,0,12,10,7,8,7,4,7,2,1,0,1,3,4,6,1,1,0,3,3,0,11,1,0
2026-07-11T00:58-07:00,Sat,0,8,12,1,5,1,5,2,5,0,12,10,7,8,7,4,6,2,1,0,1,3,3,6,2,1,1,3,5,0,12,1,0
2026-07-11T01:08-07:00,Sat,1,8,11,1,4,1,4,2,6,0,12,8,8,7,7,4,6,2,1,0,1,3,1,6,0,1,0,3,3,0,12,1,0
2026-07-11T02:18-07:00,Sat,2,7,8,0,5,1,6,2,2,0,12,6,2,5,2,3,5,1,4,0,1,2,1,4,1,1,4,3,0,0,10,1,0
2026-07-11T02:28-07:00,Sat,2,5,7,0,5,1,6,2,2,0,12,5,2,4,1,3,5,1,3,0,1,2,1,4,1,1,1,3,0,0,10,1,0
2026-07-11T02:38-07:00,Sat,2,5,7,0,0,1,6,2,2,0,12,5,1,4,0,3,4,1,3,0,1,2,1,4,1,1,1,2,0,0,10,1,0
2026-07-11T02:48-07:00,Sat,2,5,4,0,0,1,5,2,1,0,12,5,1,4,0,2,4,1,3,0,1,2,1,4,0,1,0,2,0,0,10,1,0
2026-07-11T02:58-07:00,Sat,2,5,4,0,0,1,5,2,1,0,12,5,3,3,1,2,5,1,1,0,1,2,0,4,0,1,0,2,0,0,0,1,0
2026-07-11T03:08-07:00,Sat,3,5,6,0,0,1,6,1,5,0,12,4,3,3,2,2,6,1,2,0,1,2,0,4,0,1,0,2,0,0,0,1,0
2026-07-11T04:19-07:00,Sat,4,3,6,0,1,1,2,1,0,0,12,3,2,1,1,2,3,0,1,0,1,1,1,3,1,0,1,1,3,0,0,0,0
2026-07-11T04:29-07:00,Sat,4,3,5,0,1,1,1,1,0,0,12,3,2,1,1,2,3,0,1,0,1,1,2,3,1,0,1,1,3,0,0,0,0
2026-07-11T04:39-07:00,Sat,4,3,5,0,1,1,1,1,0,0,12,2,2,1,1,2,2,0,1,0,1,1,4,3,1,0,1,1,1,0,0,0,0
2026-07-11T04:49-07:00,Sat,4,3,4,0,1,1,1,1,1,0,12,2,1,1,1,2,2,0,1,0,1,1,6,3,1,0,1,1,1,0,0,0,0
2026-07-11T04:59-07:00,Sat,4,3,4,0,1,1,1,1,1,0,12,2,0,1,1,2,1,0,1,0,1,1,7,3,1,0,1,1,1,0,0,0,0
2026-07-11T05:09-07:00,Sat,5,3,3,0,1,1,1,1,1,0,12,2,0,1,1,2,0,0,0,0,1,1,7,3,0,0,1,1,1,0,0,0,0
2026-07-11T06:20-07:00,Sat,6,2,3,0,0,0,0,1,1,0,12,1,2,0,0,1,0,0,0,0,1,1,0,2,0,0,1,1,0,0,0,0,0
2026-07-11T06:30-07:00,Sat,6,2,2,0,0,0,0,1,1,0,12,1,2,0,0,1,0,0,0,0,1,1,0,2,0,0,1,0,0,0,0,0,0
2026-07-11T06:40-07:00,Sat,6,2,1,0,0,0,0,1,1,0,12,1,2,0,0,1,0,0,0,0,1,1,0,2,0,0,0,0,0,0,0,0,0
2026-07-11T06:50-07:00,Sat,6,2,1,0,0,0,1,1,1,0,12,1,1,0,0,1,0,0,0,0,1,1,0,2,1,0,0,0,0,0,0,0,0
2026-07-11T07:00-07:00,Sat,7,2,1,0,0,0,1,1,1,0,12,1,1,0,0,1,0,0,0,0,1,1,1,2,1,0,0,0,0,0,0,0,0
2026-07-11T07:10-07:00,Sat,7,2,2,0,0,0,1,1,1,0,12,1,1,0,0,1,0,0,0,0,1,1,1,2,1,0,0,0,0,0,0,0,0
2026-07-11T07:20-07:00,Sat,7,2,2,0,0,0,1,1,1,0,12,1,2,0,0,1,0,0,0,0,1,1,1,2,1,0,0,0,0,0,0,0,0
2026-07-11T07:30-07:00,Sat,7,2,5,0,1,0,1,1,1,0,12,1,3,0,0,1,0,0,0,0,1,1,1,2,0,0,0,0,0,0,0,0,0
2026-07-11T07:40-07:00,Sat,7,2,6,0,2,0,1,1,2,0,12,1,5,0,0,1,0,0,0,0,1,1,0,2,0,0,0,0,0,0,0,0,0
2026-07-11T07:50-07:00,Sat,7,2,7,0,2,0,1,0,1,0,12,1,5,0,0,1,0,0,0,0,1,1,0,2,0,0,0,0,0,0,0,0,0
2026-07-11T08:00-07:00,Sat,8,2,8,0,2,0,2,0,1,0,12,1,6,0,1,1,0,0,0,0,1,1,0,1,0,0,0,0,0,0,0,0,0
2026-07-11T08:10-07:00,Sat,8,2,7,0,2,0,2,0,2,0,12,1,5,0,2,1,0,0,0,0,1,1,3,1,1,0,0,0,0,0,0,0,0
2026-07-11T09:21-07:00,Sat,9,2,7,0,1,0,2,0,3,0,12,2,17,0,15,0,9,0,5,0,2,2,4,1,7,0,0,0,0,0,0,0,0
2026-07-11T09:31-07:00,Sat,9,2,6,0,1,0,2,0,3,0,12,2,16,0,18,0,13,0,8,0,4,2,4,1,8,0,0,0,0,0,0,0,0
2026-07-11T09:41-07:00,Sat,9,2,7,0,1,0,2,0,3,0,12,2,15,0,18,0,13,0,9,0,5,2,8,1,12,0,1,0,0,0,0,0,0
2026-07-11T09:51-07:00,Sat,9,2,9,0,1,0,2,0,2,0,12,2,17,1,19,0,13,0,9,0,5,2,8,1,13,0,1,0,0,0,0,0,0
2026-07-11T10:01-07:00,Sat,10,2,7,0,1,0,2,0,1,0,12,2,19,1,13,0,17,0,10,0,6,2,6,1,13,0,1,0,0,0,0,0,0
2026-07-11T10:11-07:00,Sat,10,2,5,0,1,0,2,0,1,0,12,3,20,1,16,0,17,0,10,0,6,2,5,1,11,0,1,0,0,0,0,0,0
2026-07-11T11:22-07:00,Sat,11,2,12,0,7,0,4,0,10,0,12,4,29,2,15,1,15,1,8,0,6,2,2,2,3,0,6,0,5,0,5,0,1
2026-07-11T11:32-07:00,Sat,11,2,14,0,7,0,4,0,11,0,12,4,26,2,15,1,16,1,4,0,6,2,4,2,3,0,6,0,6,0,6,0,1
2026-07-11T11:42-07:00,Sat,11,2,17,0,9,0,5,0,13,0,12,4,22,2,19,2,21,1,5,0,7,2,5,2,4,0,7,0,8,0,7,0,1
2026-07-11T11:52-07:00,Sat,11,2,19,0,11,0,6,0,15,0,12,4,26,2,20,2,17,1,6,0,8,2,6,1,7,0,8,0,9,0,7,0,1
2026-07-11T12:02-07:00,Sat,12,2,22,0,12,0,6,0,19,0,13,4,33,2,25,2,18,1,8,0,8,2,6,1,9,0,8,0,9,0,7,0,1
2026-07-11T12:12-07:00,Sat,12,2,23,0,14,0,7,1,15,0,12,5,23,2,24,2,16,1,7,0,8,1,6,1,10,0,8,0,9,0,7,0,1
2026-07-11T13:22-07:00,Sat,13,3,22,0,18,0,5,1,16,0,12,6,25,3,25,2,18,1,14,0,12,2,5,2,11,0,2,1,8,0,12,0,1
2026-07-11T13:33-07:00,Sat,13,3,23,0,19,0,5,1,16,0,12,6,18,3,22,2,18,1,14,0,11,2,5,2,11,0,3,0,2,2,2,0,1
2026-07-11T13:43-07:00,Sat,13,3,23,0,18,0,4,1,15,0,12,6,21,3,22,3,13,1,15,0,12,2,5,2,8,0,5,0,2,2,3,0,1
2026-07-11T13:53-07:00,Sat,13,3,21,0,16,0,4,1,14,0,12,6,24,3,25,3,14,1,16,0,12,2,6,2,10,0,6,0,3,2,3,0,1
2026-07-11T14:03-07:00,Sat,14,3,24,0,20,0,4,1,15,0,12,6,24,3,20,3,14,1,12,0,12,2,8,2,13,0,7,0,4,2,3,0,2
2026-07-11T14:13-07:00,Sat,14,4,25,0,20,0,4,1,15,0,12,7,21,3,22,3,14,1,15,0,14,2,6,2,8,0,6,0,5,2,3,0,2
2026-07-11T15:23-07:00,Sat,15,4,21,1,10,0,4,1,15,0,12,7,28,3,32,3,19,2,17,0,19,3,6,3,6,0,8,0,2,1,6,0,1
2026-07-11T15:33-07:00,Sat,15,4,24,1,10,0,5,1,16,0,12,8,22,3,35,3,17,2,16,0,19,3,6,3,6,1,9,0,5,1,7,0,1
2026-07-11T15:43-07:00,Sat,15,4,23,1,9,0,5,1,15,0,12,8,21,3,32,3,17,2,16,0,16,3,7,3,5,1,1,0,8,1,10,0,1
2026-07-11T15:53-07:00,Sat,15,4,24,1,10,0,7,1,16,0,12,8,19,4,35,3,20,2,15,0,16,3,9,3,7,1,1,0,8,1,10,0,1
2026-07-11T16:03-07:00,Sat,16,4,25,1,11,0,8,2,16,0,12,8,25,4,38,3,21,2,15,0,17,3,8,3,8,1,1,0,8,1,10,0,1
2026-07-11T16:13-07:00,Sat,16,4,21,1,9,0,8,2,17,0,12,9,23,4,28,3,25,2,15,0,18,3,3,3,8,1,1,0,8,1,8,0,1
2026-07-11T17:24-07:00,Sat,17,5,32,1,17,0,14,2,17,0,12,8,37,5,33,3,22,2,8,0,14,3,8,3,4,0,1,1,3,1,5,0,2
2026-07-11T17:34-07:00,Sat,17,5,29,1,15,0,15,2,15,0,12,8,37,5,36,3,21,2,9,0,14,4,9,3,5,0,0,1,2,1,5,0,2
2026-07-11T17:44-07:00,Sat,17,5,31,1,16,0,16,2,15,0,12,8,34,5,37,3,20,2,8,0,14,4,0,3,0,0,0,1,3,1,7,0,2
2026-07-11T17:54-07:00,Sat,17,5,38,1,19,0,19,2,19,0,12,8,33,5,37,3,18,2,8,0,15,4,0,3,0,0,0,1,2,1,6,0,2
2026-07-11T18:04-07:00,Sat,18,5,36,1,18,0,19,2,16,0,12,8,31,5,39,3,20,2,6,1,2,4,3,3,1,0,1,1,4,1,6,0,2
2026-07-11T18:14-07:00,Sat,18,5,36,1,13,1,11,2,13,0,12,8,30,5,40,3,22,1,7,1,2,4,4,3,3,0,1,1,4,1,6,0,2
2026-07-11T19:25-07:00,Sat,19,7,27,1,15,1,9,2,13,0,12,7,32,6,16,3,10,1,8,1,6,4,0,3,4,0,3,1,9,1,3,0,2
2026-07-11T19:35-07:00,Sat,19,7,30,1,15,1,9,2,14,0,12,7,34,6,19,3,8,1,7,1,6,4,0,3,5,0,5,1,11,1,4,0,1
2026-07-11T19:45-07:00,Sat,19,7,33,1,13,1,7,2,12,0,12,8,43,6,24,3,11,1,7,1,6,4,2,3,9,0,7,1,13,1,6,1,2
2026-07-11T19:55-07:00,Sat,19,7,31,1,13,1,7,2,9,0,12,8,29,6,23,3,12,1,9,1,6,4,2,3,9,0,5,1,11,1,6,1,2
2026-07-11T20:05-07:00,Sat,20,8,37,1,14,1,8,2,13,0,12,8,28,6,23,3,10,1,9,1,6,4,3,3,6,0,5,2,4,1,4,1,3
2026-07-11T20:15-07:00,Sat,20,8,28,1,16,1,9,2,11,0,12,8,37,6,25,3,10,1,10,1,7,4,2,3,5,0,6,2,8,1,7,1,3
2026-07-11T21:26-07:00,Sat,21,8,43,2,12,1,16,2,10,0,12,9,34,7,26,3,15,1,5,1,3,4,8,3,15,0,11,2,8,1,4,1,4
2026-07-11T21:36-07:00,Sat,21,8,45,2,14,1,18,2,11,0,12,9,46,7,29,3,18,1,7,1,4,4,9,3,20,0,8,2,13,1,9,1,5
2026-07-11T21:46-07:00,Sat,21,9,44,2,13,1,19,2,9,0,12,9,37,7,24,3,19,1,10,1,6,5,13,3,17,0,11,3,8,1,10,1,5
2026-07-11T21:56-07:00,Sat,21,9,50,2,14,1,20,2,7,0,12,10,32,6,20,3,16,1,12,1,6,5,3,3,18,0,11,3,10,1,11,1,6
2026-07-11T22:06-07:00,Sat,22,9,35,2,16,1,22,2,12,0,12,10,33,6,21,3,13,1,12,1,5,5,3,3,23,0,13,3,12,1,11,1,5
2026-07-11T22:16-07:00,Sat,22,9,33,2,14,1,21,2,12,0,12,10,38,6,17,3,15,1,12,1,5,5,2,4,17,0,10,3,10,1,10,1,5
2026-07-11T23:26-07:00,Sat,23,9,29,2,12,1,13,2,16,0,12,10,30,6,16,3,8,2,5,1,2,5,5,4,14,1,4,3,0,1,1,1,5
2026-07-11T23:36-07:00,Sat,23,9,25,2,10,1,12,2,14,0,12,10,21,6,13,3,9,2,6,1,1,5,4,5,15,1,4,2,3,1,1,1,6
2026-07-11T23:46-07:00,Sat,23,9,15,2,8,1,10,2,9,0,12,10,26,6,13,3,9,1,7,1,2,5,2,5,3,1,0,2,3,1,1,1,1
2026-07-11T23:57-07:00,Sat,23,9,10,2,5,1,9,2,6,0,12,10,28,6,11,3,8,1,7,1,2,5,3,5,6,1,1,2,3,1,1,1,1
2026-07-12T00:07-07:00,Sun,0,9,8,2,5,1,9,2,4,0,12,10,27,6,7,3,9,1,7,1,2,5,2,5,3,0,1,2,0,1,0,1,0
2026-07-12T00:17-07:00,Sun,0,8,9,1,6,1,8,2,3,0,12,10,23,6,4,3,8,1,8,1,1,5,3,5,3,0,1,2,0,1,0,1,0
2026-07-12T01:27-07:00,Sun,1,6,9,0,2,1,6,2,2,0,12,8,9,4,3,3,3,1,3,1,1,4,1,5,2,0,1,1,2,1,1,1,0
2026-07-12T01:37-07:00,Sun,1,6,8,0,0,1,4,2,1,0,12,8,12,3,6,3,4,1,3,1,1,4,0,5,3,0,2,1,3,1,2,1,0
2026-07-12T01:47-07:00,Sun,1,6,5,0,0,1,2,2,1,0,12,8,8,3,3,3,3,1,3,1,1,4,0,5,4,0,2,1,2,1,2,1,0
2026-07-12T01:57-07:00,Sun,1,6,5,0,0,1,2,2,1,0,12,8,7,3,2,3,2,1,3,1,0,4,0,5,3,0,0,1,2,1,1,1,0
2026-07-12T02:07-07:00,Sun,2,6,4,0,0,1,3,2,1,0,12,7,5,3,2,3,1,1,2,1,0,3,0,3,2,0,0,1,1,1,1,1,0
2026-07-12T02:17-07:00,Sun,2,6,4,0,0,1,3,2,1,0,12,7,5,3,2,3,1,1,3,1,0,3,0,3,0,0,0,1,0,1,0,1,0
2026-07-12T03:28-07:00,Sun,3,4,4,0,0,1,5,1,5,0,12,4,2,1,1,2,2,1,1,0,0,2,3,2,1,0,0,0,1,1,0,1,0
2026-07-12T03:38-07:00,Sun,3,4,5,0,0,1,4,1,5,0,12,4,1,1,0,2,1,1,1,0,0,2,0,2,1,0,0,0,1,1,0,1,0
2026-07-12T03:48-07:00,Sun,3,4,3,0,0,1,2,1,3,0,12,4,1,1,0,2,1,1,1,0,0,2,0,2,0,0,0,0,1,1,0,1,0
2026-07-12T03:58-07:00,Sun,3,4,0,0,0,1,0,0,0,0,12,4,1,1,1,2,1,1,1,0,0,1,2,2,0,0,0,0,0,1,0,1,0
2026-07-12T04:08-07:00,Sun,4,4,0,0,0,1,0,0,0,0,12,4,1,1,0,2,1,1,1,0,0,1,3,2,0,0,0,0,0,1,0,1,0
2026-07-12T04:18-07:00,Sun,4,3,0,0,0,1,1,0,0,0,12,4,2,1,0,1,2,1,1,0,0,1,4,2,1,0,0,0,0,1,1,1,0
2026-07-12T05:29-07:00,Sun,5,2,4,0,0,1,0,0,0,0,12,3,4,0,0,1,0,1,0,0,0,1,0,1,0,0,0,0,0,1,0,1,0
2026-07-12T05:39-07:00,Sun,5,2,4,0,0,1,0,0,0,0,12,3,3,0,0,1,0,1,0,0,0,1,1,1,1,0,0,0,0,1,0,1,0
2026-07-12T05:49-07:00,Sun,5,2,3,0,0,1,0,0,0,0,12,2,3,0,0,1,0,1,0,0,0,1,0,1,3,0,0,0,0,1,0,1,0
2026-07-12T05:59-07:00,Sun,5,2,2,0,0,1,0,0,0,0,12,2,3,0,0,1,0,1,0,0,0,1,0,1,3,0,0,0,0,1,0,1,0
2026-07-12T06:09-07:00,Sun,6,2,3,0,0,1,0,0,0,0,12,2,4,0,0,1,0,1,0,0,0,1,0,1,2,0,0,0,0,0,0,1,0
2026-07-12T06:19-07:00,Sun,6,2,3,0,0,1,0,0,0,0,12,2,3,0,0,1,0,1,0,0,0,1,0,1,0,0,0,0,0,0,0,1,0
2026-07-12T07:30-07:00,Sun,7,2,3,0,0,1,0,0,0,0,12,2,1,0,2,1,0,1,1,0,0,1,5,0,2,0,1,0,0,0,0,0,0
2026-07-12T07:40-07:00,Sun,7,2,2,0,0,1,0,0,0,0,12,2,3,0,4,1,0,1,1,0,0,1,6,0,3,0,2,0,0,0,0,0,0
2026-07-12T07:50-07:00,Sun,7,2,2,0,0,1,0,0,0,0,12,2,3,0,4,1,0,1,1,0,0,1,6,0,3,0,2,0,0,0,0,0,0
2026-07-12T08:00-07:00,Sun,8,1,2,0,0,0,0,0,0,0,12,2,3,0,5,1,0,1,1,0,0,1,6,0,3,0,2,0,0,0,0,0,0
2026-07-12T08:10-07:00,Sun,8,1,4,0,0,0,0,0,0,0,12,1,6,0,5,1,0,1,1,0,0,1,7,0,4,0,2,0,0,0,0,0,0
2026-07-12T08:20-07:00,Sun,8,1,4,0,0,0,0,0,0,0,12,1,8,0,6,1,2,1,2,0,0,1,7,0,4,0,2,0,0,0,0,0,0
2026-07-12T09:31-07:00,Sun,9,1,6,0,2,0,0,0,2,0,12,2,10,0,14,0,5,1,2,0,0,2,5,0,8,0,2,0,0,0,0,0,0
2026-07-12T09:41-07:00,Sun,9,1,7,0,3,0,0,0,2,0,12,2,9,0,13,0,5,1,3,0,1,2,8,0,10,0,2,0,0,0,0,0,0
2026-07-12T09:51-07:00,Sun,9,1,7,0,3,0,0,0,2,0,12,2,11,0,13,0,5,1,3,0,1,2,8,0,10,0,2,0,0,0,0,0,0
2026-07-12T10:01-07:00,Sun,10,1,11,0,3,0,0,0,3,0,12,2,9,1,4,0,5,0,4,0,1,2,4,0,10,0,2,0,0,0,0,0,0
2026-07-12T10:11-07:00,Sun,10,1,12,0,3,0,0,0,3,0,12,2,11,1,6,0,5,0,4,0,1,2,5,0,10,0,2,0,0,0,0,0,0
2026-07-12T10:21-07:00,Sun,10,1,14,0,4,0,0,0,3,0,12,2,11,1,6,0,4,0,3,0,1,2,6,0,10,0,2,0,0,0,0,0,0
2026-07-12T11:31-07:00,Sun,11,2,17,0,9,0,1,0,9,0,12,3,20,2,16,0,13,0,7,0,1,2,5,1,2,0,3,0,0,0,0,0,0
2026-07-12T11:41-07:00,Sun,11,2,17,0,9,0,1,0,10,0,12,4,26,2,19,0,13,0,8,0,2,2,2,1,1,0,3,0,0,0,0,0,0
2026-07-12T11:52-07:00,Sun,11,2,19,0,9,0,1,0,10,0,12,4,21,2,16,1,12,0,8,0,2,2,3,1,1,0,3,0,0,0,0,0,0
2026-07-12T12:02-07:00,Sun,12,2,23,0,10,0,1,0,12,0,12,4,20,2,16,1,8,0,8,0,2,1,7,1,2,0,3,0,1,0,0,0,0
2026-07-12T12:12-07:00,Sun,12,2,26,0,11,0,1,0,13,0,12,4,17,2,14,1,8,0,8,0,2,1,9,1,3,0,3,0,1,0,0,0,0
2026-07-12T12:22-07:00,Sun,12,2,23,0,11,0,1,1,10,0,12,4,19,2,22,1,11,0,10,0,2,1,9,1,2,0,3,0,0,0,0,0,0
2026-07-12T13:32-07:00,Sun,13,3,15,0,5,0,0,1,4,0,12,6,17,3,15,2,17,0,14,0,4,2,3,2,14,0,7,1,1,0,7,0,0
2026-07-12T13:42-07:00,Sun,13,3,20,0,7,0,0,1,8,0,12,6,21,3,18,2,14,0,13,0,3,2,3,2,6,0,8,0,3,1,1,0,0
2026-07-12T13:52-07:00,Sun,13,3,22,0,9,0,1,1,9,0,12,6,23,3,21,2,15,0,12,0,3,2,3,2,6,0,8,0,3,1,1,0,0
2026-07-12T14:02-07:00,Sun,14,3,20,0,9,0,1,1,10,0,12,6,23,4,22,2,12,1,10,0,3,2,5,2,8,0,8,0,4,1,1,0,0
2026-07-12T14:12-07:00,Sun,14,3,25,0,10,0,1,1,11,0,12,6,23,4,13,2,15,1,8,0,6,2,8,2,9,0,10,0,6,1,1,0,0
2026-07-12T14:22-07:00,Sun,14,3,29,0,10,0,1,1,13,0,12,6,20,4,12,2,19,1,8,0,6,2,11,3,9,0,9,0,6,1,2,0,0
2026-07-12T15:33-07:00,Sun,15,4,24,1,7,0,1,1,14,0,12,7,26,5,19,2,25,2,10,0,12,3,6,3,5,0,8,0,8,1,3,0,0
2026-07-12T15:43-07:00,Sun,15,4,22,1,8,0,1,1,15,0,12,7,23,5,17,2,23,2,8,0,12,3,7,3,4,0,8,1,9,1,4,0,0
2026-07-12T15:53-07:00,Sun,15,4,24,1,9,0,0,1,14,0,12,7,25,5,19,2,23,2,9,0,13,3,4,3,3,0,8,1,1,1,4,0,0
2026-07-12T16:03-07:00,Sun,16,4,25,1,9,0,0,1,14,0,12,7,27,5,16,3,21,2,10,0,14,3,7,3,3,0,10,1,4,1,4,0,0
2026-07-12T16:13-07:00,Sun,16,5,22,1,9,0,0,1,14,0,12,7,28,5,17,3,11,2,8,0,12,3,9,3,7,0,10,1,4,1,4,0,0
2026-07-12T16:23-07:00,Sun,16,5,25,1,10,0,0,1,15,0,12,7,27,5,20,3,16,2,8,0,11,4,10,3,8,0,10,1,4,1,1,0,0
2026-07-12T17:34-07:00,Sun,17,5,20,1,7,0,1,1,17,0,12,7,23,5,21,3,19,1,11,0,10,3,2,3,11,1,4,1,10,0,2,0,0
2026-07-12T17:44-07:00,Sun,17,5,19,1,7,0,2,1,15,0,12,7,25,5,14,3,20,1,13,0,10,3,2,3,11,1,3,1,9,0,2,0,0
2026-07-12T17:54-07:00,Sun,17,5,22,1,9,0,2,1,12,0,12,7,18,5,11,3,19,1,13,0,10,3,2,4,13,1,2,1,9,0,2,0,0
2026-07-12T18:04-07:00,Sun,18,5,18,1,7,0,2,2,6,0,12,8,24,5,12,3,18,1,11,0,8,3,0,4,5,0,3,1,8,0,3,0,0
2026-07-12T18:14-07:00,Sun,18,5,14,1,5,0,0,2,5,0,12,8,25,5,12,3,13,1,10,0,8,3,2,4,7,0,4,1,9,0,2,0,0
2026-07-12T18:24-07:00,Sun,18,5,18,1,6,0,1,2,8,0,12,8,21,5,15,3,13,1,11,0,9,3,4,4,10,0,5,1,9,0,2,0,0
2026-07-12T19:35-07:00,Sun,19,5,26,0,8,0,1,2,8,0,12,8,19,5,15,3,10,1,8,0,11,4,1,4,3,0,5,2,4,0,3,0,0
2026-07-12T19:45-07:00,Sun,19,5,19,0,7,0,1,1,7,0,12,8,20,5,18,3,9,1,8,0,8,4,0,4,6,0,5,2,3,0,3,0,0
2026-07-12T19:55-07:00,Sun,19,5,12,0,7,0,1,1,3,0,12,8,24,5,16,3,10,1,9,0,9,4,0,4,5,0,6,2,7,0,3,0,0
2026-07-12T20:05-07:00,Sun,20,5,15,0,8,0,0,1,5,0,12,8,19,5,17,3,10,1,8,0,9,3,0,4,3,0,6,2,8,0,3,0,0
2026-07-12T20:15-07:00,Sun,20,5,20,0,8,0,0,1,7,0,12,8,27,5,18,3,11,1,6,0,10,3,1,4,6,0,7,2,7,0,3,0,0
2026-07-12T20:25-07:00,Sun,20,5,20,0,9,0,0,1,8,0,12,9,35,5,20,3,12,1,3,0,10,3,3,4,6,0,8,2,8,0,3,0,0
2026-07-12T21:36-07:00,Sun,21,5,11,1,3,0,0,1,4,0,12,9,20,5,31,3,13,1,7,0,11,2,2,3,10,0,13,1,5,1,4,0,0
2026-07-12T21:46-07:00,Sun,21,5,12,1,3,0,0,1,5,0,12,9,18,5,35,3,14,1,7,0,12,2,1,3,5,1,14,1,4,1,4,0,0
2026-07-12T21:56-07:00,Sun,21,5,15,1,3,0,0,1,5,0,12,9,20,5,33,3,15,1,7,0,12,2,3,3,5,0,0,1,5,1,5,0,0
2026-07-12T22:06-07:00,Sun,22,5,20,1,5,0,1,1,5,0,12,9,27,6,31,3,13,1,6,0,11,2,3,3,8,0,0,1,6,1,6,0,0
2026-07-12T22:16-07:00,Sun,22,5,19,1,6,0,1,1,6,0,12,9,22,6,25,3,17,1,9,0,7,2,2,3,6,0,0,1,5,1,6,0,0
2026-07-12T22:26-07:00,Sun,22,5,19,1,6,0,1,1,5,0,12,9,21,6,14,3,17,1,9,0,7,2,5,3,6,0,0,1,5,1,6,0,0
2026-07-12T23:36-07:00,Sun,23,5,10,1,7,0,0,1,4,0,12,10,6,6,4,3,7,1,15,1,11,2,5,3,1,0,0,1,5,1,2,0,0
2026-07-12T23:47-07:00,Sun,23,5,12,1,8,0,0,1,4,0,12,10,9,6,5,3,8,2,11,0,6,2,6,3,2,0,0,1,5,1,3,0,0
2026-07-12T23:57-07:00,Sun,23,5,14,1,7,0,0,1,3,0,12,10,10,6,6,3,10,1,9,0,4,2,6,3,0,0,0,1,5,1,3,0,0
2026-07-13T00:07-07:00,Mon,0,5,10,1,8,0,0,1,3,0,12,10,8,6,5,3,10,1,10,0,4,2,6,3,0,0,0,1,4,1,3,0,0
2026-07-13T00:17-07:00,Mon,0,5,8,1,5,0,0,1,3,0,12,10,6,6,3,3,7,1,10,0,5,2,6,3,0,0,0,1,5,1,4,0,0
2026-07-13T00:27-07:00,Mon,0,5,5,1,4,0,0,1,2,0,12,10,6,6,3,3,2,1,10,0,5,2,2,3,1,0,0,1,5,1,5,0,0
2026-07-13T00:37-07:00,Mon,0,5,5,1,4,0,0,1,2,0,12,10,5,6,4,3,1,1,10,0,5,2,2,2,1,0,0,1,5,1,5,0,0
2026-07-13T00:47-07:00,Mon,0,5,3,1,3,0,0,1,1,0,12,10,3,6,3,3,1,1,10,0,5,2,0,2,1,0,0,1,1,1,2,0,0
2026-07-13T00:57-07:00,Mon,0,5,3,1,3,0,0,1,1,0,12,10,4,5,2,3,1,1,10,0,5,2,0,2,1,0,0,1,0,1,0,0,0
2026-07-13T01:07-07:00,Mon,1,4,2,1,3,0,0,1,1,0,12,10,3,4,2,3,1,1,10,0,5,2,0,2,1,0,0,1,0,1,0,0,0
2026-07-13T01:17-07:00,Mon,1,4,2,1,3,0,0,1,1,0,12,9,3,4,2,3,1,1,9,0,4,2,0,1,3,0,0,1,0,1,0,0,0
2026-07-13T01:27-07:00,Mon,1,3,2,1,1,0,0,1,1,0,12,7,5,4,3,3,3,1,7,0,4,2,0,1,3,0,0,1,0,1,1,0,0
2026-07-13T02:38-07:00,Mon,2,2,4,0,0,0,0,0,0,0,12,5,0,4,1,3,0,1,0,0,4,1,2,1,4,0,0,0,0,1,1,0,0
2026-07-13T02:48-07:00,Mon,2,2,4,0,0,0,0,0,0,0,12,4,0,4,0,2,0,1,0,0,4,1,1,1,1,0,0,0,0,1,1,0,0
2026-07-13T02:58-07:00,Mon,2,2,3,0,0,0,0,0,0,0,12,4,0,4,0,1,0,1,0,0,4,1,3,1,1,0,0,0,0,1,2,0,0
2026-07-13T03:08-07:00,Mon,3,2,1,0,0,0,0,0,0,0,12,4,1,3,1,1,0,1,0,0,4,1,4,1,0,0,0,0,0,1,1,0,0
2026-07-13T03:18-07:00,Mon,3,2,1,0,0,0,0,0,0,0,12,3,2,3,2,1,0,1,0,0,4,1,3,1,1,0,0,0,0,1,1,0,0
2026-07-13T03:28-07:00,Mon,3,2,0,0,0,0,0,0,0,0,12,2,3,3,4,1,0,1,0,0,4,1,3,1,0,0,0,0,0,1,1,0,0
2026-07-13T04:39-07:00,Mon,4,1,0,0,0,0,0,0,0,0,12,2,4,2,5,0,0,0,0,1,0,0,0,0,0,0,0,0,0,1,0,0,0
2026-07-13T04:49-07:00,Mon,4,1,0,0,0,0,0,0,0,0,12,2,4,2,5,0,0,0,0,1,0,0,0,0,0,0,0,0,0,1,0,0,0
2026-07-13T04:59-07:00,Mon,4,1,1,0,0,0,0,0,0,0,12,2,3,2,4,0,0,0,0,1,0,0,0,0,0,0,0,0,0,1,0,0,0
2026-07-13T05:09-07:00,Mon,5,1,1,0,0,0,0,0,0,0,12,2,2,2,2,0,0,0,0,1,0,0,0,0,0,0,0,0,0,1,0,0,0
2026-07-13T05:19-07:00,Mon,5,1,1,0,0,0,0,0,0,0,12,1,0,2,1,0,0,0,0,1,0,0,0,0,0,0,0,0,0,1,0,0,0
2026-07-13T05:29-07:00,Mon,5,1,0,0,0,0,0,0,0,0,12,1,0,2,0,0,0,0,0,1,0,0,0,0,0,0,0,0,0,1,0,0,0
2026-07-13T06:39-07:00,Mon,6,1,1,0,0,0,0,0,0,0,12,1,0,0,0,0,0,0,0,1,1,0,0,0,0,0,0,0,0,1,1,0,0
2026-07-13T06:49-07:00,Mon,6,1,1,0,0,0,0,0,0,0,12,1,0,0,0,0,0,0,0,1,1,0,1,0,1,0,1,0,1,1,1,0,0
2026-07-13T06:59-07:00,Mon,6,1,1,0,0,0,0,0,0,0,12,1,0,0,0,0,0,0,0,1,1,0,1,0,1,0,1,0,1,1,1,0,0
2026-07-13T07:09-07:00,Mon,7,1,1,0,0,0,0,0,0,0,12,1,1,0,0,0,0,0,0,1,0,0,1,0,1,0,1,0,1,1,1,0,0
2026-07-13T07:19-07:00,Mon,7,1,3,0,0,0,0,0,0,0,12,1,1,0,0,0,0,0,0,1,0,0,2,0,1,0,1,0,1,1,1,0,0
2026-07-13T07:30-07:00,Mon,7,1,2,0,0,0,0,0,0,0,12,1,1,0,0,0,0,0,0,1,0,0,3,0,2,0,2,0,1,1,1,0,0
2026-07-13T08:40-07:00,Mon,8,0,10,0,2,0,1,0,2,0,12,1,10,0,4,0,2,0,1,1,2,0,4,0,2,0,1,0,1,1,1,0,0
2026-07-13T08:50-07:00,Mon,8,0,10,0,2,0,1,0,2,0,12,1,12,0,5,0,2,0,1,1,2,0,5,0,2,0,1,0,1,1,1,0,0
2026-07-13T09:00-07:00,Mon,9,1,11,0,2,0,1,0,2,0,12,1,11,0,6,0,4,0,1,1,2,0,5,0,2,0,1,0,1,1,1,0,0
2026-07-13T09:10-07:00,Mon,9,1,5,0,2,0,1,0,2,0,12,2,8,0,6,0,4,0,1,1,2,0,6,0,2,0,1,0,1,1,1,0,0
2026-07-13T09:20-07:00,Mon,9,1,5,0,2,0,1,0,2,0,12,2,8,0,7,0,5,0,2,1,2,1,8,0,2,0,1,0,1,1,1,0,0
2026-07-13T09:30-07:00,Mon,9,1,4,0,2,0,1,0,3,0,12,2,10,0,8,0,5,0,2,0,2,1,7,0,3,0,2,0,2,1,2,0,0
2026-07-13T10:41-07:00,Mon,10,1,14,0,4,0,0,0,4,0,12,2,14,1,17,0,17,0,5,0,3,2,11,0,8,0,4,0,7,1,3,0,0
2026-07-13T10:51-07:00,Mon,10,1,16,0,4,0,0,0,4,0,12,3,17,1,13,1,7,0,5,0,3,2,4,0,10,0,6,0,10,1,4,0,0
2026-07-13T11:01-07:00,Mon,11,1,17,0,4,0,0,0,5,0,12,3,10,1,13,1,7,0,5,0,3,2,8,0,11,0,6,0,13,1,7,0,0
2026-07-13T11:11-07:00,Mon,11,1,18,0,4,0,0,0,5,0,12,3,9,1,13,1,8,0,6,0,4,2,7,0,10,0,5,0,13,1,8,0,0
2026-07-13T11:21-07:00,Mon,11,1,19,0,5,0,0,0,8,0,12,3,9,1,16,1,10,0,7,0,4,2,5,0,10,0,6,1,8,0,10,0,1
2026-07-13T11:31-07:00,Mon,11,1,20,0,5,0,0,0,8,0,12,3,9,1,19,1,12,0,7,0,4,3,8,0,7,0,7,1,7,0,10,0,1
2026-07-13T12:42-07:00,Mon,12,2,16,0,5,0,0,0,10,0,12,4,23,2,17,1,13,1,10,0,4,3,5,1,9,0,2,1,6,0,11,0,1
2026-07-13T12:52-07:00,Mon,12,2,16,0,5,0,0,0,10,0,12,4,21,2,14,1,11,1,5,0,4,3,6,1,9,0,3,1,6,0,11,0,1
2026-07-13T13:02-07:00,Mon,13,2,19,0,4,0,0,0,8,0,12,5,16,2,13,1,12,1,6,0,5,3,10,2,7,0,3,1,5,0,11,0,1
2026-07-13T13:12-07:00,Mon,13,3,23,0,4,0,0,0,8,0,12,5,17,2,11,1,7,1,6,0,5,3,8,1,8,0,3,1,7,0,13,0,1
2026-07-13T13:22-07:00,Mon,13,3,16,0,5,0,1,0,8,0,12,5,24,2,12,1,7,1,6,0,5,3,14,1,8,0,4,0,8,1,5,0,1
2026-07-13T13:32-07:00,Mon,13,3,19,0,5,0,1,0,8,0,12,5,25,2,14,1,5,1,5,0,5,4,20,1,11,0,6,0,10,1,6,0,2
2026-07-13T14:43-07:00,Mon,14,4,20,0,7,0,1,1,8,0,12,6,26,3,15,1,12,1,9,0,5,3,7,3,7,0,3,1,3,1,5,0,0
2026-07-13T14:53-07:00,Mon,14,4,15,0,6,0,0,1,8,0,12,6,27,3,19,1,15,1,9,0,6,3,6,3,9,0,3,1,0,1,5,0,0
2026-07-13T15:03-07:00,Mon,15,4,17,0,8,0,1,1,7,0,12,7,33,3,26,1,18,1,10,0,6,3,9,3,8,0,3,1,2,1,7,0,0
2026-07-13T15:13-07:00,Mon,15,4,12,0,8,0,1,1,7,0,12,7,22,4,22,1,19,1,11,0,6,3,9,3,6,0,3,1,2,1,7,0,0
2026-07-13T15:23-07:00,Mon,15,4,16,0,8,0,1,1,6,0,12,7,23,4,22,1,21,1,12,0,6,3,7,3,5,0,3,1,2,1,7,0,0
2026-07-13T15:33-07:00,Mon,15,4,16,0,9,0,1,1,6,0,12,7,20,4,22,2,13,1,13,0,6,3,8,3,2,0,3,1,2,1,7,0,0
2026-07-13T16:44-07:00,Mon,16,5,15,0,11,0,1,1,6,0,12,7,34,6,17,2,11,1,10,0,8,3,12,3,6,0,4,1,4,1,2,0,0
2026-07-13T16:54-07:00,Mon,16,5,19,0,11,0,1,1,7,0,12,7,24,6,16,2,8,1,10,0,8,4,12,3,7,0,4,1,3,1,2,0,0
2026-07-13T17:04-07:00,Mon,17,5,15,0,10,0,1,1,6,0,12,7,22,6,19,2,10,1,11,0,8,4,4,3,11,0,5,1,3,1,2,0,0
2026-07-13T17:14-07:00,Mon,17,5,15,0,11,0,1,1,6,0,12,7,30,6,20,2,12,1,9,0,8,4,3,4,12,0,5,1,3,1,2,0,0
2026-07-13T17:24-07:00,Mon,17,5,15,0,9,0,1,1,6,0,12,7,32,6,19,2,13,1,10,0,8,4,2,4,5,0,6,1,3,1,1,0,0
2026-07-13T17:34-07:00,Mon,17,5,17,0,10,0,1,1,6,0,12,7,32,6,20,2,11,1,10,0,8,4,1,4,4,0,5,1,2,1,1,0,0
2026-07-13T18:45-07:00,Mon,18,5,31,1,10,0,1,1,15,0,12,8,32,6,22,2,21,1,15,1,11,3,4,4,9,0,9,1,5,1,1,0,0
2026-07-13T18:55-07:00,Mon,18,5,22,1,11,0,1,1,14,0,12,8,28,6,20,2,21,1,15,1,2,3,6,4,8,0,12,1,7,1,2,0,0
2026-07-13T19:05-07:00,Mon,19,5,21,1,13,0,1,1,12,0,12,8,34,6,18,2,13,1,6,1,4,3,6,4,6,0,13,1,7,1,2,0,0
2026-07-13T19:15-07:00,Mon,19,5,22,1,12,0,1,1,11,0,12,8,30,6,12,2,14,1,6,1,4,3,5,4,5,0,14,1,9,1,2,0,0
2026-07-13T19:25-07:00,Mon,19,5,26,1,12,0,1,1,10,0,12,8,28,6,18,2,16,1,6,1,4,3,5,4,6,0,15,1,9,1,3,0,0
2026-07-13T19:35-07:00,Mon,19,5,27,1,13,0,2,1,11,0,12,8,27,6,19,2,16,1,6,1,4,3,6,4,7,0,14,1,7,1,5,0,0
2026-07-13T20:45-07:00,Mon,20,6,11,1,13,0,2,1,13,0,12,8,30,6,24,2,21,1,8,1,8,3,8,4,8,0,13,1,17,1,2,0,0
2026-07-13T20:55-07:00,Mon,20,6,13,1,12,0,2,2,13,0,12,8,30,6,19,2,17,1,6,1,6,3,9,4,9,0,16,1,18,1,3,0,0
2026-07-13T21:05-07:00,Mon,21,5,13,1,12,0,2,2,5,0,12,8,27,6,20,2,15,1,5,1,5,3,6,4,6,0,16,1,19,1,5,0,0
2026-07-13T21:15-07:00,Mon,21,5,15,1,12,0,2,2,5,0,12,8,32,6,19,2,15,1,4,1,5,3,8,4,4,0,17,1,16,1,3,0,0
2026-07-13T21:26-07:00,Mon,21,5,14,1,13,0,2,2,7,0,12,8,25,6,18,2,17,1,5,1,6,3,6,4,1,1,9,1,9,1,3,0,0
2026-07-13T21:36-07:00,Mon,21,5,14,1,11,0,2,2,5,0,12,8,30,6,15,2,18,1,5,1,5,3,9,4,2,1,0,1,7,1,2,0,0
2026-07-13T22:46-07:00,Mon,22,5,11,1,9,0,2,1,7,0,12,8,13,5,5,2,6,1,4,1,2,3,3,3,4,0,4,1,5,1,0,0,0
2026-07-13T22:56-07:00,Mon,22,5,9,1,9,0,2,1,6,0,12,8,7,4,6,2,5,1,3,1,1,3,3,3,5,0,5,1,6,1,0,0,0
2026-07-13T23:06-07:00,Mon,23,4,9,1,9,0,2,1,4,0,12,8,8,4,6,2,7,1,4,1,2,3,6,3,4,0,4,1,5,1,0,0,0
2026-07-13T23:16-07:00,Mon,23,4,10,1,9,0,2,1,4,0,12,8,8,4,7,2,5,1,3,1,2,3,2,3,3,0,4,1,5,1,0,0,0
2026-07-13T23:26-07:00,Mon,23,3,10,1,8,0,2,1,4,0,12,8,11,4,12,2,6,1,3,1,2,3,1,3,2,0,3,1,5,1,0,0,0
2026-07-13T23:36-07:00,Mon,23,3,10,1,8,0,2,0,3,0,12,8,9,4,11,2,5,1,2,1,1,3,1,3,1,0,3,1,5,1,0,0,0
2026-07-14T00:47-07:00,Tue,0,2,6,1,4,0,0,0,0,0,12,8,3,4,4,2,6,1,3,0,0,3,0,2,0,0,0,1,0,0,0,0,0
2026-07-14T00:57-07:00,Tue,0,2,5,1,4,0,0,0,0,0,12,8,4,4,5,2,6,1,4,0,0,2,0,2,0,0,0,1,0,0,0,0,0
2026-07-14T01:07-07:00,Tue,1,2,4,1,3,0,0,0,0,0,12,7,3,3,3,2,6,1,4,0,0,2,0,2,0,0,0,1,2,0,0,0,0
2026-07-14T01:17-07:00,Tue,1,2,3,1,3,0,0,0,0,0,12,7,4,3,3,2,7,1,5,0,0,2,0,2,0,0,0,1,2,0,0,0,0
2026-07-14T01:27-07:00,Tue,1,2,2,1,2,0,0,0,0,0,12,7,4,3,3,2,6,1,2,0,0,2,0,2,0,0,0,1,2,0,0,0,0
2026-07-14T01:37-07:00,Tue,1,2,0,1,0,0,0,0,0,0,12,7,4,3,2,2,5,1,2,0,0,2,0,2,0,0,0,1,0,0,0,0,0
2026-07-14T02:48-07:00,Tue,2,1,5,1,0,0,0,0,0,0,12,4,3,2,3,2,1,0,2,0,0,1,2,2,0,0,0,1,0,0,0,0,0
2026-07-14T02:58-07:00,Tue,2,1,5,1,0,0,0,0,0,0,12,4,2,2,4,2,1,0,1,0,0,1,2,2,0,0,0,0,0,0,0,0,0
2026-07-14T03:08-07:00,Tue,3,1,5,1,0,0,0,0,0,0,12,3,1,2,4,2,0,0,1,0,0,1,2,2,0,0,0,0,0,0,0,0,0
2026-07-14T03:18-07:00,Tue,3,1,5,1,0,0,0,0,0,0,12,3,2,2,1,2,0,0,1,0,0,1,0,2,0,0,0,0,0,0,0,0,0
2026-07-14T03:28-07:00,Tue,3,1,5,1,0,0,0,0,0,0,12,3,2,2,1,2,0,0,1,0,0,1,0,2,0,0,0,0,0,0,0,0,0
2026-07-14T03:38-07:00,Tue,3,1,4,1,0,0,0,0,0,0,12,3,2,2,2,2,0,0,1,0,0,1,0,2,0,0,0,0,0,0,0,0,0
2026-07-14T04:49-07:00,Tue,4,0,1,1,0,0,0,0,0,0,12,2,8,2,1,2,0,0,2,0,0,1,0,1,3,0,0,0,0,0,0,0,0
2026-07-14T04:59-07:00,Tue,4,0,1,1,0,0,0,0,0,0,12,2,8,2,1,2,0,0,2,0,0,0,0,1,3,0,0,0,0,0,0,0,0
2026-07-14T05:09-07:00,Tue,5,0,1,1,0,0,0,0,0,0,12,2,4,2,1,1,1,0,2,0,0,0,0,1,2,0,0,0,0,0,0,0,0
2026-07-14T05:19-07:00,Tue,5,0,1,1,0,0,0,0,0,0,12,2,4,2,1,1,1,0,2,0,0,0,0,1,2,0,0,0,0,0,0,0,0
2026-07-14T05:29-07:00,Tue,5,0,1,1,0,0,0,0,0,0,12,2,3,2,1,1,1,0,2,0,0,0,0,1,2,0,0,0,0,0,0,0,0
2026-07-14T05:39-07:00,Tue,5,0,1,1,0,0,0,0,0,0,12,2,3,1,4,1,2,0,2,0,0,0,0,1,2,0,0,0,0,0,0,0,0
2026-07-14T05:49-07:00,Tue,5,0,2,1,1,0,0,0,0,0,12,2,2,1,5,1,1,0,2,0,0,0,1,1,3,0,0,0,0,0,0,0,0
2026-07-14T05:59-07:00,Tue,5,0,3,1,0,0,0,0,0,0,12,2,2,1,5,1,0,0,2,0,0,0,1,1,3,0,0,0,0,0,0,0,0
2026-07-14T06:09-07:00,Tue,6,0,3,1,0,0,0,0,0,0,12,2,1,1,5,1,0,0,2,0,0,0,1,1,3,0,0,0,0,0,0,0,0
2026-07-14T06:19-07:00,Tue,6,0,3,1,0,0,0,0,0,0,12,2,0,1,4,1,0,0,2,0,0,0,1,1,3,0,0,0,0,0,0,0,0
2026-07-14T06:29-07:00,Tue,6,0,3,1,0,0,0,0,0,0,12,1,1,1,4,1,0,0,2,0,0,0,1,1,2,0,0,0,0,0,0,0,0
2026-07-14T06:40-07:00,Tue,6,0,3,1,0,0,0,0,0,0,12,1,1,1,0,1,0,0,2,0,0,0,1,1,2,0,0,0,0,0,0,0,0
2026-07-14T07:50-07:00,Tue,7,0,2,1,0,0,0,0,0,0,12,1,4,0,0,1,0,0,0,0,0,0,1,1,5,0,0,0,0,0,0,0,0
2026-07-14T08:00-07:00,Tue,8,0,3,1,0,0,0,0,0,0,12,1,5,0,0,1,0,0,0,0,0,0,1,1,5,0,0,0,0,0,0,0,0
2026-07-14T08:10-07:00,Tue,8,0,6,1,0,0,0,0,0,0,12,1,5,0,0,1,0,0,0,0,0,0,1,1,4,0,0,0,0,0,0,0,0
2026-07-14T08:20-07:00,Tue,8,0,6,1,2,0,1,0,1,0,12,1,6,0,0,1,0,0,0,0,0,0,1,1,0,0,0,0,0,0,0,0,0
2026-07-14T08:30-07:00,Tue,8,0,7,1,2,0,1,0,2,0,12,1,7,0,2,1,1,0,0,0,0,0,1,1,0,0,0,0,0,0,0,0,0
2026-07-14T08:40-07:00,Tue,8,0,8,1,3,0,2,0,3,0,12,1,8,0,2,1,2,0,0,0,0,0,2,1,0,0,0,0,0,0,0,0,0
2026-07-14T09:51-07:00,Tue,9,0,11,1,3,0,1,0,4,0,12,1,15,0,9,1,4,0,0,0,0,0,11,1,8,0,3,0,2,0,2,0,0
2026-07-14T10:01-07:00,Tue,10,0,11,1,3,0,1,0,4,0,12,1,16,0,9,1,3,0,0,0,0,1,5,1,6,0,3,0,2,0,2,0,0
2026-07-14T10:11-07:00,Tue,10,0,11,1,2,0,1,0,4,0,12,2,13,0,13,1,6,0,1,0,0,1,4,1,3,0,2,0,2,0,2,0,0
2026-07-14T10:21-07:00,Tue,10,0,12,1,2,0,1,0,4,0,12,2,16,0,15,1,8,0,3,0,0,1,4,1,4,0,3,0,4,0,3,0,0
2026-07-14T10:31-07:00,Tue,10,0,14,1,2,0,1,0,4,0,12,2,19,0,16,1,7,0,3,0,0,1,7,1,7,0,3,0,4,0,3,0,0
2026-07-14T10:41-07:00,Tue,10,0,19,1,1,0,0,0,5,0,12,2,15,1,8,1,6,0,3,0,0,1,6,1,8,0,4,0,5,0,3,0,0
2026-07-14T11:52-07:00,Tue,11,0,0,0,0,0,0,0,0,0,0,0,0,0,0,0,0,0,0,0,0,0,0,0,0,0,0,0,0,0,0,0,0
2026-07-14T12:02-07:00,Tue,12,0,0,0,0,0,0,0,0,0,0,0,0,0,0,0,0,0,0,0,0,0,0,0,0,0,0,0,0,0,0,0,0
2026-07-14T12:12-07:00,Tue,12,0,0,0,0,0,0,0,0,0,0,0,0,0,0,0,0,0,0,0,0,0,0,0,0,0,0,0,0,0,0,0,0
2026-07-14T12:32-07:00,Tue,12,0,0,0,0,0,0,0,0,0,0,0,0,0,0,0,0,0,0,0,0,0,0,0,0,0,0,0,0,0,0,0,0
2026-07-14T12:42-07:00,Tue,12,0,0,0,0,0,0,0,0,0,0,0,0,0,0,0,0,0,0,0,0,0,0,0,0,0,0,0,0,0,0,0,0
2026-07-14T12:52-07:00,Tue,12,0,0,0,0,0,0,0,0,0,0,0,0,0,0,0,0,0,0,0,0,0,0,0,0,0,0,0,0,0,0,0,0
2026-07-14T13:13-07:00,Tue,13,0,0,0,0,0,0,0,0,0,0,0,0,0,0,0,0,0,0,0,0,0,0,0,0,0,0,0,0,0,0,0,0
2026-07-14T13:17-07:00,Tue,13,2,16,0,6,0,0,1,6,0,12,4,13,2,13,1,12,0,12,0,0,2,8,2,4,0,3,0,6,1,8,0,0
2026-07-14T13:27-07:00,Tue,13,2,17,0,7,0,0,1,7,0,12,4,15,2,17,1,15,0,12,0,0,2,5,2,2,0,3,0,6,1,8,0,0
2026-07-14T13:37-07:00,Tue,13,2,17,0,7,0,0,1,7,0,12,5,10,2,18,1,16,0,12,0,0,2,9,2,6,0,4,0,7,1,8,0,0
2026-07-14T13:47-07:00,Tue,13,3,21,0,8,0,0,1,8,0,12,5,13,2,23,1,21,0,14,0,0,3,2,2,5,0,3,0,5,1,7,0,0
2026-07-14T13:57-07:00,Tue,13,3,17,0,8,0,0,1,8,0,12,5,17,2,25,1,22,1,11,0,0,3,3,2,9,0,5,0,7,1,9,0,0
2026-07-14T14:07-07:00,Tue,14,3,18,0,8,0,0,1,8,0,12,5,14,2,25,1,22,1,7,0,0,2,7,2,10,0,5,0,8,2,9,0,0
2026-07-14T15:18-07:00,Tue,15,4,13,0,13,0,1,1,4,0,12,6,18,3,30,2,17,1,6,0,0,3,1,3,4,0,3,0,9,2,3,0,0
2026-07-14T15:28-07:00,Tue,15,4,14,0,14,0,1,1,4,0,12,6,18,2,31,2,17,1,7,0,0,3,1,3,4,0,3,0,9,2,2,0,0
2026-07-14T15:38-07:00,Tue,15,4,13,0,13,0,1,1,6,0,12,6,23,3,27,2,18,1,7,0,0,2,6,3,4,0,3,0,6,2,2,0,0
2026-07-14T15:48-07:00,Tue,15,4,16,0,13,0,1,1,6,0,12,6,25,3,16,2,14,1,7,0,0,2,10,3,2,0,3,0,8,2,4,0,0
2026-07-14T15:58-07:00,Tue,15,4,17,0,13,0,2,1,5,0,12,6,26,3,16,2,12,1,7,0,0,3,11,3,2,0,3,0,8,2,3,0,0
2026-07-14T16:08-07:00,Tue,16,4,16,0,13,0,2,1,5,0,12,7,16,3,22,2,14,1,7,0,0,3,3,3,2,0,3,0,8,2,3,0,0
2026-07-14T17:19-07:00,Tue,17,4,18,1,7,0,0,1,9,0,12,7,30,3,25,2,12,1,3,0,1,3,7,3,4,0,4,0,4,1,1,0,0
2026-07-14T17:29-07:00,Tue,17,4,20,1,7,0,0,1,9,0,12,7,20,4,26,2,13,1,4,0,1,3,9,3,5,0,5,0,4,1,1,0,0
2026-07-14T17:39-07:00,Tue,17,4,21,1,9,0,1,1,11,0,12,7,18,4,14,2,13,1,4,0,1,3,7,3,7,0,5,0,5,1,2,0,0
2026-07-14T17:49-07:00,Tue,17,4,22,1,11,0,1,1,12,0,12,7,21,4,13,2,15,1,5,0,1,3,10,3,4,0,6,0,6,1,4,0,0
2026-07-14T17:59-07:00,Tue,17,4,17,1,11,0,1,1,10,0,12,7,21,4,13,2,11,1,3,0,1,4,2,3,5,0,8,0,8,1,5,0,0
2026-07-14T18:09-07:00,Tue,18,4,19,1,10,0,1,1,10,0,12,7,13,4,11,2,10,1,6,0,3,4,3,3,4,0,8,0,8,1,5,0,0
2026-07-14T19:20-07:00,Tue,19,5,14,1,11,0,0,1,6,0,12,8,32,4,14,2,6,1,10,0,4,4,8,2,6,0,7,1,11,1,11,0,0
2026-07-14T19:30-07:00,Tue,19,5,15,1,9,0,0,1,5,0,12,8,21,4,17,2,5,1,10,0,4,4,6,2,6,0,6,1,10,1,10,0,0
2026-07-14T19:40-07:00,Tue,19,5,15,1,9,0,0,1,5,0,12,8,19,4,17,2,5,1,11,0,4,4,8,2,9,0,7,1,12,1,10,0,0
2026-07-14T19:50-07:00,Tue,19,5,15,1,9,0,0,1,6,0,12,8,24,4,20,2,4,1,11,0,4,4,5,2,6,0,6,1,11,2,10,0,0
2026-07-14T20:00-07:00,Tue,20,5,13,1,10,0,0,1,6,0,12,8,22,4,19,2,7,1,13,0,6,4,5,2,10,0,6,1,10,1,5,0,0
2026-07-14T20:10-07:00,Tue,20,5,15,1,11,0,0,1,8,0,12,8,22,4,17,2,7,1,13,0,7,4,5,2,12,0,7,1,11,1,6,0,0
2026-07-14T21:20-07:00,Tue,21,5,19,1,11,0,0,1,10,0,12,8,30,4,22,1,16,1,7,0,10,3,7,3,9,0,12,1,12,1,10,0,0
2026-07-14T21:30-07:00,Tue,21,5,18,1,11,0,0,1,9,0,12,8,32,4,27,1,17,1,8,0,11,3,4,3,10,0,12,1,15,1,12,0,0
2026-07-14T21:40-07:00,Tue,21,5,20,1,11,0,0,1,9,0,12,9,35,4,26,1,19,1,8,0,11,3,3,3,10,0,13,2,17,1,12,0,0
2026-07-14T21:50-07:00,Tue,21,5,27,1,13,0,0,1,10,0,12,9,21,4,21,1,18,1,8,0,11,3,5,3,9,0,14,2,8,1,14,0,0
2026-07-14T22:01-07:00,Tue,22,6,30,1,12,0,0,1,10,0,12,9,20,4,21,1,18,1,10,0,11,3,5,3,10,0,13,2,10,1,15,0,0
2026-07-14T22:11-07:00,Tue,22,6,22,1,12,0,0,1,10,0,12,9,22,4,23,2,19,1,10,0,10,3,4,3,11,0,13,2,11,2,16,0,0
2026-07-14T23:21-07:00,Tue,23,6,8,1,3,0,0,1,1,0,12,9,26,4,9,2,15,1,12,0,12,2,8,3,5,0,12,1,4,2,2,0,0
2026-07-14T23:31-07:00,Tue,23,5,7,1,2,0,0,0,0,0,12,9,3,4,5,2,16,1,11,0,11,2,7,3,5,0,12,1,5,2,2,0,0
2026-07-14T23:41-07:00,Tue,23,5,6,1,2,0,0,0,0,0,12,9,2,4,4,2,17,1,9,0,10,2,4,3,3,0,12,1,5,2,1,0,0
2026-07-14T23:51-07:00,Tue,23,5,3,1,2,0,0,0,0,0,12,9,2,4,7,2,17,1,8,0,10,2,3,3,0,0,10,1,4,2,1,0,0
2026-07-15T00:01-07:00,Wed,0,5,3,1,2,0,0,0,0,0,12,9,10,4,6,2,14,1,7,0,11,2,2,3,2,0,10,1,3,2,1,0,0
2026-07-15T00:11-07:00,Wed,0,4,2,1,1,0,0,0,0,0,12,9,13,4,7,2,14,1,8,0,11,2,1,3,1,0,8,1,2,2,1,0,0
2026-07-15T01:22-07:00,Wed,1,3,3,1,1,0,0,0,0,0,12,8,7,3,9,2,8,1,6,0,10,2,1,2,3,0,0,1,0,1,0,0,0
2026-07-15T01:32-07:00,Wed,1,3,2,1,1,0,0,0,0,0,12,7,7,3,8,2,5,1,6,0,10,2,0,2,3,0,0,1,0,1,0,0,0
2026-07-15T01:42-07:00,Wed,1,3,1,1,1,0,0,0,0,0,12,6,5,2,10,2,6,1,5,0,10,2,0,2,4,0,0,1,0,1,0,0,0
2026-07-15T01:52-07:00,Wed,1,2,1,1,1,0,0,0,0,0,12,6,5,2,9,2,4,1,4,0,10,2,1,2,3,0,0,1,0,1,0,0,0
2026-07-15T02:02-07:00,Wed,2,2,1,1,1,0,0,0,0,0,12,6,5,2,8,2,3,1,3,0,9,2,1,2,3,0,0,1,0,1,0,0,0
2026-07-15T02:12-07:00,Wed,2,2,1,1,1,0,0,0,0,0,12,6,4,2,6,2,4,1,3,0,8,2,0,2,1,0,0,1,0,1,0,0,0
2026-07-15T02:22-07:00,Wed,2,2,1,1,0,0,0,0,0,0,12,6,3,2,6,2,4,1,3,0,8,2,0,2,1,0,0,1,0,1,0,0,0
2026-07-15T02:32-07:00,Wed,2,1,0,1,0,0,0,0,0,0,12,6,3,2,6,2,3,1,4,0,8,2,0,2,0,0,0,1,0,1,0,0,0
2026-07-15T02:43-07:00,Wed,2,1,0,1,0,0,0,0,0,0,12,6,1,2,4,2,2,1,4,0,8,1,3,2,1,0,0,0,0,1,0,0,0
2026-07-15T02:53-07:00,Wed,2,1,0,1,0,0,0,0,0,0,12,5,1,2,3,2,1,1,4,0,8,1,3,2,1,0,0,0,0,1,0,0,0
2026-07-15T03:03-07:00,Wed,3,1,0,1,0,0,0,0,0,0,12,5,1,2,3,2,1,1,4,0,8,1,1,2,0,0,0,0,0,1,0,0,0
2026-07-15T03:13-07:00,Wed,3,1,0,1,0,0,0,0,0,0,12,5,1,2,1,1,0,1,4,0,8,1,0,2,0,0,0,0,0,1,0,0,0
2026-07-15T04:23-07:00,Wed,4,0,0,1,0,0,0,0,0,0,12,2,2,1,1,1,0,1,0,0,8,1,1,2,1,0,0,0,0,0,0,0,0
2026-07-15T04:33-07:00,Wed,4,0,0,1,0,0,0,0,0,0,12,2,2,1,1,1,0,1,0,0,8,1,0,2,0,0,0,0,0,0,0,0,0
2026-07-15T04:43-07:00,Wed,4,0,0,1,0,0,0,0,0,0,12,2,1,1,1,1,0,1,0,0,8,1,0,1,0,0,0,0,0,0,0,0,0
2026-07-15T04:53-07:00,Wed,4,0,1,1,0,0,0,0,0,0,12,2,0,1,1,1,1,1,1,0,8,0,0,1,0,0,0,0,0,0,0,0,0
2026-07-15T05:03-07:00,Wed,5,0,0,1,2,0,0,0,0,0,12,2,0,1,1,1,1,1,1,0,8,0,0,1,0,0,0,0,0,0,0,0,0
2026-07-15T05:14-07:00,Wed,5,0,0,1,2,0,0,0,0,0,12,2,0,1,1,1,1,1,1,0,8,0,0,1,0,0,0,0,0,0,0,0,0
2026-07-15T06:24-07:00,Wed,6,0,0,0,0,0,0,0,0,0,12,2,0,1,2,0,2,1,2,0,0,0,0,1,0,0,0,0,0,0,0,0,0
2026-07-15T06:34-07:00,Wed,6,0,0,0,0,0,0,0,0,0,12,2,0,1,2,0,2,1,2,0,0,0,0,1,0,0,0,0,0,0,0,0,0
2026-07-15T06:44-07:00,Wed,6,0,0,0,0,0,0,0,0,0,12,2,1,1,2,0,2,1,2,0,0,0,0,1,0,0,0,0,0,0,0,0,0
2026-07-15T06:54-07:00,Wed,6,0,0,0,0,0,0,0,0,0,12,2,1,1,2,0,2,1,2,0,0,0,0,1,0,0,0,0,0,0,0,0,0
2026-07-15T07:04-07:00,Wed,7,0,0,0,0,0,0,0,0,0,12,2,1,1,1,0,1,1,1,0,0,0,0,1,0,0,0,0,0,0,0,0,0
2026-07-15T07:14-07:00,Wed,7,0,0,0,0,0,0,0,0,0,12,2,1,1,2,0,1,1,2,0,0,0,0,1,0,0,0,0,0,0,0,0,0
2026-07-15T08:25-07:00,Wed,8,0,4,0,0,0,0,0,2,0,12,2,5,1,3,0,1,1,1,0,0,0,0,0,0,0,0,0,0,0,0,0,0
2026-07-15T08:35-07:00,Wed,8,0,5,0,0,0,0,0,2,0,12,1,6,1,3,0,1,1,1,0,0,0,0,0,0,0,0,0,0,0,0,0,0
2026-07-15T08:45-07:00,Wed,8,0,6,0,0,0,0,0,2,0,12,1,8,1,2,0,1,1,1,0,0,0,0,0,0,0,0,0,0,0,0,0,0
2026-07-15T08:55-07:00,Wed,8,0,9,0,2,0,0,0,3,0,12,1,9,0,2,0,1,1,1,0,0,0,0,0,0,0,0,0,0,0,0,0,0
2026-07-15T09:05-07:00,Wed,9,0,10,0,2,0,0,0,3,0,12,1,13,0,5,0,2,1,0,0,0,0,1,0,0,0,0,0,0,0,0,0,0
2026-07-15T09:15-07:00,Wed,9,0,11,0,2,0,0,0,3,0,12,2,13,0,6,0,3,1,0,0,0,0,1,0,0,0,0,0,0,0,0,0,0
2026-07-15T10:26-07:00,Wed,10,1,10,0,3,0,0,0,4,0,12,3,10,0,10,0,9,0,2,0,1,1,6,0,5,0,2,0,2,0,0,0,0
2026-07-15T10:36-07:00,Wed,10,1,13,0,3,0,0,0,4,0,12,3,12,0,11,0,10,0,2,0,1,1,12,0,6,0,3,0,3,0,1,0,0
2026-07-15T10:46-07:00,Wed,10,1,16,0,3,0,0,0,4,0,12,3,15,0,12,0,11,0,3,0,1,1,10,0,6,0,3,0,3,0,1,0,0
2026-07-15T10:56-07:00,Wed,10,1,19,0,3,0,0,0,5,0,12,3,17,0,15,0,13,0,4,0,1,1,10,0,7,0,3,0,3,0,1,0,0
2026-07-15T11:06-07:00,Wed,11,2,22,0,4,0,0,0,5,0,12,3,17,1,17,1,14,0,4,0,1,2,2,0,7,0,4,0,4,0,2,0,0
2026-07-15T11:16-07:00,Wed,11,2,15,0,4,0,0,0,4,0,12,3,17,1,17,1,7,0,4,0,1,2,1,0,7,0,4,0,4,0,2,0,0
2026-07-15T11:26-07:00,Wed,11,2,16,0,5,0,0,0,5,0,12,3,19,1,16,1,6,0,4,0,1,2,1,0,6,0,3,0,3,0,2,0,0
2026-07-15T11:36-07:00,Wed,11,2,17,0,6,0,0,0,8,0,12,4,20,1,18,1,7,0,4,0,1,2,2,0,7,0,3,0,3,0,2,0,0
2026-07-15T11:46-07:00,Wed,11,3,21,0,6,0,0,0,8,0,12,4,16,0,22,1,7,0,4,0,1,2,2,0,10,0,3,0,3,0,2,0,0
2026-07-15T11:56-07:00,Wed,11,3,17,0,7,0,0,0,8,0,12,4,19,0,26,1,8,0,6,0,3,2,3,0,9,0,3,0,3,0,3,0,0
2026-07-15T12:06-07:00,Wed,12,3,21,0,7,0,0,0,7,0,12,5,20,1,25,1,8,0,7,0,3,2,2,1,9,0,3,0,3,0,3,0,0
2026-07-15T12:16-07:00,Wed,12,3,24,0,7,0,0,0,7,0,12,5,19,1,15,1,8,0,7,0,3,1,4,1,0,0,3,0,4,0,4,0,0
2026-07-15T13:27-07:00,Wed,13,4,24,0,10,0,1,0,11,0,12,5,26,1,23,1,16,0,12,0,4,2,3,1,3,0,6,1,3,0,10,0,0
2026-07-15T13:37-07:00,Wed,13,4,22,0,11,0,2,1,12,0,12,5,27,1,22,1,14,0,11,0,4,2,1,1,2,0,4,1,5,0,11,0,0
2026-07-15T13:47-07:00,Wed,13,4,21,0,12,0,3,1,8,0,12,5,28,1,20,1,14,0,10,0,3,2,1,1,4,0,4,1,5,0,11,0,0
2026-07-15T13:57-07:00,Wed,13,4,22,0,12,0,3,1,9,0,12,5,27,2,17,1,16,0,10,0,3,2,3,1,4,0,5,1,5,0,10,0,0
2026-07-15T14:07-07:00,Wed,14,4,22,0,12,0,3,1,7,0,12,5,25,2,17,1,18,0,11,0,4,2,6,1,6,0,5,1,5,0,10,0,0
2026-07-15T14:17-07:00,Wed,14,4,25,0,13,0,3,1,13,0,12,5,23,2,21,1,21,0,12,0,5,2,3,1,6,0,5,1,3,0,9,0,0
2026-07-15T15:28-07:00,Wed,15,4,16,1,4,0,4,2,4,0,12,5,27,2,23,3,17,0,15,0,8,2,8,2,8,0,10,1,8,0,11,0,0
2026-07-15T15:38-07:00,Wed,15,4,15,1,4,0,4,2,4,0,12,5,24,2,24,3,19,0,15,0,8,2,4,2,9,0,11,1,10,0,12,0,0
2026-07-15T15:48-07:00,Wed,15,4,15,1,5,0,0,2,6,0,12,5,21,2,25,3,21,0,17,0,8,2,4,2,8,0,12,1,10,0,12,0,0
2026-07-15T15:58-07:00,Wed,15,4,22,1,9,0,0,2,8,0,12,5,21,3,28,3,21,0,17,0,8,2,3,2,8,0,12,2,9,0,11,0,0
2026-07-15T16:08-07:00,Wed,16,4,18,1,11,0,1,2,8,0,12,5,22,3,20,3,19,0,16,0,7,2,2,2,9,0,10,2,3,0,7,0,0
2026-07-15T16:18-07:00,Wed,16,4,21,1,13,0,2,2,8,0,12,6,15,3,22,3,19,0,17,0,8,2,3,2,9,0,12,2,5,0,7,0,0
2026-07-15T17:29-07:00,Wed,17,5,17,1,14,0,3,2,9,0,12,6,22,4,18,3,10,1,4,0,7,2,3,2,11,0,5,2,10,0,10,0,0
2026-07-15T17:39-07:00,Wed,17,5,19,1,13,0,3,2,7,0,12,6,28,4,24,3,11,1,4,0,7,2,4,2,11,0,5,2,11,0,11,0,0
2026-07-15T17:49-07:00,Wed,17,5,21,1,13,0,3,2,6,0,12,6,28,4,25,3,10,1,3,0,7,2,3,3,9,0,5,2,9,0,11,0,0
2026-07-15T17:59-07:00,Wed,17,5,24,1,12,0,3,1,12,0,12,6,27,4,27,3,10,1,3,0,7,2,4,2,5,0,5,2,7,0,11,0,0
2026-07-15T18:09-07:00,Wed,18,5,28,1,16,0,3,1,14,0,12,6,28,4,27,3,9,1,2,0,7,2,4,2,5,0,3,2,8,0,12,0,0
2026-07-15T18:19-07:00,Wed,18,5,31,1,19,0,3,1,15,0,12,6,26,3,29,3,9,1,3,0,7,2,7,2,8,0,4,2,8,0,13,0,0
2026-07-15T19:29-07:00,Wed,19,6,34,1,14,0,4,1,19,0,12,6,21,4,13,2,7,1,2,0,6,2,3,2,10,0,14,2,13,0,7,0,0
2026-07-15T19:39-07:00,Wed,19,6,28,1,12,0,4,1,17,0,12,6,24,4,13,2,7,1,3,0,6,2,5,2,10,0,13,2,14,0,7,0,0
2026-07-15T19:50-07:00,Wed,19,6,26,1,8,0,4,1,16,0,12,6,24,4,13,2,7,1,3,0,6,2,8,2,14,0,13,3,10,0,9,0,0
2026-07-15T20:00-07:00,Wed,20,6,27,1,10,0,4,1,16,0,12,6,26,4,14,2,8,1,4,0,7,2,9,2,18,0,11,3,8,0,9,0,0
2026-07-15T20:10-07:00,Wed,20,6,28,1,13,0,5,1,17,0,12,6,23,4,14,2,9,1,4,0,7,2,12,3,19,0,12,3,8,0,9,0,0
2026-07-15T20:20-07:00,Wed,20,6,30,1,13,0,5,1,17,0,12,6,30,4,13,2,9,1,2,0,4,2,8,3,9,0,13,3,9,0,10,0,0
2026-07-15T21:30-07:00,Wed,21,7,14,1,4,0,4,1,15,0,12,7,30,4,25,1,12,1,4,0,4,2,12,3,11,0,6,3,4,0,13,0,0
2026-07-15T21:41-07:00,Wed,21,7,14,1,3,0,4,1,15,0,12,7,30,4,22,1,12,1,5,0,5,3,7,3,8,0,6,3,6,0,15,0,0
2026-07-15T21:51-07:00,Wed,21,7,16,1,3,0,4,1,15,0,12,7,26,4,26,1,11,1,5,0,5,3,7,3,7,0,6,3,5,0,17,0,0
2026-07-15T22:01-07:00,Wed,22,7,17,1,5,0,4,2,19,0,12,7,29,4,26,1,11,1,7,0,6,3,9,3,9,0,7,3,6,0,18,0,0
2026-07-15T22:11-07:00,Wed,22,7,16,1,6,0,5,1,15,0,12,7,33,4,28,1,12,1,8,0,6,3,6,3,9,0,6,3,4,0,18,0,0
2026-07-15T22:21-07:00,Wed,22,7,13,1,6,0,5,1,16,0,12,8,28,4,29,1,14,1,10,0,7,3,4,3,10,0,7,3,5,0,19,0,0
2026-07-15T23:31-07:00,Wed,23,5,13,1,7,0,5,2,6,0,12,8,15,5,13,1,11,2,3,0,8,2,4,1,5,0,5,3,1,0,10,0,0
2026-07-15T23:41-07:00,Wed,23,5,11,1,7,0,5,2,6,0,12,8,13,5,13,1,11,2,2,0,8,2,2,1,6,0,5,3,1,0,7,0,0
2026-07-15T23:51-07:00,Wed,23,5,13,1,7,0,5,2,6,0,12,8,12,5,9,1,10,2,2,0,8,2,1,1,5,0,0,3,0,0,7,0,0
2026-07-16T00:01-07:00,Thu,0,6,8,0,6,0,5,2,4,0,12,8,10,5,11,1,10,2,1,0,8,2,1,1,7,0,0,2,1,0,7,0,0
2026-07-16T00:12-07:00,Thu,0,6,8,0,0,0,5,2,4,0,12,8,5,5,11,1,11,2,2,0,8,2,2,1,9,0,0,2,1,0,7,0,0
2026-07-16T00:22-07:00,Thu,0,6,5,0,0,0,5,2,3,0,12,8,6,5,9,1,12,2,3,0,8,2,2,1,10,0,0,2,0,0,7,0,0
2026-07-16T01:32-07:00,Thu,1,4,2,0,2,0,0,1,5,0,12,6,5,4,3,1,4,2,2,0,8,2,0,1,3,0,0,2,0,0,0,0,0
2026-07-16T01:42-07:00,Thu,1,4,2,0,2,0,0,1,6,0,12,6,5,4,3,1,2,1,3,1,8,2,3,1,4,0,0,2,0,0,0,0,0
2026-07-16T01:52-07:00,Thu,1,4,1,0,2,0,0,1,6,0,12,5,5,4,3,1,2,1,1,1,10,2,2,1,4,0,0,2,0,0,0,0,0
2026-07-16T02:02-07:00,Thu,2,4,0,0,2,0,0,1,5,0,12,4,4,4,3,1,1,1,1,1,11,2,1,1,2,0,0,2,0,0,0,0,0
2026-07-16T02:12-07:00,Thu,2,4,0,0,0,0,0,1,5,0,12,4,6,3,2,1,1,1,1,1,11,2,1,1,2,0,0,2,0,0,0,0,0
2026-07-16T02:23-07:00,Thu,2,4,0,0,0,0,0,1,4,0,12,4,4,3,4,1,0,1,0,1,8,2,1,1,2,0,0,2,0,0,0,0,0
2026-07-16T02:33-07:00,Thu,2,4,0,0,0,0,0,1,4,0,12,4,4,3,5,1,0,1,0,1,7,2,1,1,2,0,0,2,0,0,0,0,0
2026-07-16T02:43-07:00,Thu,2,4,0,0,0,0,0,1,4,0,12,4,3,2,6,1,0,0,0,1,7,1,2,1,4,0,0,2,0,0,0,0,0
2026-07-16T02:53-07:00,Thu,2,3,0,0,0,0,0,1,4,0,12,4,2,2,6,1,0,0,0,1,0,0,0,1,1,0,0,2,0,0,0,0,0
2026-07-16T03:03-07:00,Thu,3,3,0,0,0,0,0,1,4,0,12,4,3,2,6,1,0,0,0,1,0,0,0,1,2,0,0,2,0,0,0,0,0
2026-07-16T03:13-07:00,Thu,3,3,0,0,0,0,0,1,3,0,12,4,2,2,5,1,0,0,0,1,0,0,0,1,3,0,0,2,0,0,0,0,0
2026-07-16T03:23-07:00,Thu,3,2,0,0,0,0,0,1,2,0,12,4,2,2,5,1,0,0,0,1,0,0,0,1,5,0,0,2,0,0,0,0,0
2026-07-16T04:34-07:00,Thu,4,1,2,0,0,0,0,1,0,0,12,1,3,1,1,0,0,1,0,0,0,0,1,1,0,0,0,1,0,0,0,0,0
2026-07-16T04:44-07:00,Thu,4,1,2,0,0,0,0,1,0,0,12,1,3,1,1,0,0,1,0,0,0,0,1,1,0,0,0,1,0,0,0,0,0
2026-07-16T04:54-07:00,Thu,4,1,2,0,0,0,0,1,0,0,12,1,2,1,0,0,0,1,0,0,0,0,1,1,0,0,0,1,0,0,0,0,0
2026-07-16T05:04-07:00,Thu,5,1,1,0,0,0,0,1,0,0,12,1,2,1,0,0,0,1,0,0,0,0,1,1,0,0,0,1,0,0,0,0,0
2026-07-16T05:14-07:00,Thu,5,1,1,0,0,0,0,1,0,0,12,1,2,1,0,0,0,1,0,0,0,0,1,1,0,0,0,0,0,0,0,0,0
2026-07-16T05:24-07:00,Thu,5,1,0,0,0,0,0,1,0,0,12,0,3,1,1,0,0,1,0,0,0,0,1,1,0,0,0,0,0,0,0,0,0
2026-07-16T06:35-07:00,Thu,6,1,4,0,0,0,0,0,0,0,12,0,2,1,1,0,0,1,0,0,0,0,1,1,0,0,0,0,0,0,0,0,0
2026-07-16T06:45-07:00,Thu,6,1,3,0,0,0,0,0,0,0,12,0,2,1,1,0,0,1,0,0,0,0,1,1,0,0,0,0,0,0,0,0,0
2026-07-16T06:55-07:00,Thu,6,1,3,0,0,0,0,0,0,0,12,0,2,0,1,0,0,1,0,0,0,0,1,1,0,0,0,0,0,0,0,0,0
2026-07-16T07:05-07:00,Thu,7,1,3,0,0,0,0,0,0,0,12,0,2,0,1,0,0,1,0,0,0,0,1,1,0,0,0,0,0,0,0,0,0
2026-07-16T07:15-07:00,Thu,7,1,3,0,0,0,0,0,0,0,12,0,3,0,1,0,0,1,0,0,0,0,2,1,1,0,1,0,1,0,1,0,0
2026-07-16T07:25-07:00,Thu,7,1,5,0,0,0,0,0,0,0,12,0,3,0,1,0,0,1,0,0,0,0,2,1,1,0,1,0,1,0,1,0,0
2026-07-16T08:36-07:00,Thu,8,1,7,0,0,0,0,0,0,0,12,0,6,0,0,0,0,0,0,1,0,0,4,1,1,0,1,0,1,0,1,0,0
2026-07-16T08:46-07:00,Thu,8,1,7,0,0,0,0,0,0,0,12,0,7,0,0,0,0,0,0,1,0,0,6,1,3,0,1,0,1,0,1,0,0
2026-07-16T08:56-07:00,Thu,8,1,7,0,0,0,0,0,0,0,12,1,11,0,0,0,0,0,0,1,0,0,6,1,3,0,1,0,1,0,1,0,0
2026-07-16T09:06-07:00,Thu,9,1,8,0,0,0,0,0,0,0,12,1,9,0,0,0,0,0,0,1,1,0,6,1,3,0,1,0,1,0,1,0,0
2026-07-16T09:16-07:00,Thu,9,1,10,0,1,0,1,0,1,0,12,1,8,0,0,0,0,0,0,1,1,0,6,1,3,0,1,0,1,0,1,0,0
2026-07-16T09:26-07:00,Thu,9,2,5,0,1,0,1,0,2,0,12,1,9,0,1,0,1,0,1,1,1,0,9,1,2,0,1,0,1,0,1,0,0
2026-07-16T10:37-07:00,Thu,10,2,13,0,3,0,1,0,5,0,12,2,18,0,7,0,2,0,1,1,0,1,9,1,6,0,4,0,5,0,3,0,0
2026-07-16T10:47-07:00,Thu,10,2,16,0,4,0,1,0,7,0,12,2,18,0,10,0,4,0,2,1,0,1,7,1,9,0,5,0,5,0,4,0,0
2026-07-16T10:57-07:00,Thu,10,2,17,0,4,0,1,0,6,0,12,2,17,1,12,0,4,0,2,1,0,1,10,2,15,0,6,0,5,0,5,0,0
2026-07-16T11:07-07:00,Thu,11,2,20,0,4,0,1,0,6,0,12,3,17,0,13,0,5,0,2,1,0,1,8,2,3,0,7,0,6,0,6,0,0
2026-07-16T11:17-07:00,Thu,11,2,23,0,5,0,1,0,7,0,12,3,18,0,13,0,5,0,2,1,0,1,8,2,4,0,9,0,9,0,7,0,0
2026-07-16T11:27-07:00,Thu,11,2,24,0,6,0,1,0,7,0,12,3,18,0,17,0,10,0,3,1,0,1,10,2,6,0,10,0,10,0,7,0,0
2026-07-16T12:37-07:00,Thu,12,3,22,0,5,0,0,0,10,0,12,4,25,2,14,0,17,0,6,0,1,2,9,2,11,1,8,0,9,0,7,0,0
2026-07-16T12:48-07:00,Thu,12,3,22,0,6,0,0,1,12,0,12,4,18,2,13,0,19,0,7,0,1,2,11,2,9,1,9,0,11,0,9,0,0
2026-07-16T12:58-07:00,Thu,12,3,18,0,6,0,0,1,5,0,12,4,23,2,12,1,19,0,7,0,1,3,5,2,9,1,11,0,12,0,8,0,0
2026-07-16T13:08-07:00,Thu,13,3,16,0,6,0,0,1,5,0,12,5,14,2,13,1,13,0,7,0,1,3,4,2,11,1,2,1,9,0,12,0,0
2026-07-16T13:18-07:00,Thu,13,3,16,0,9,0,0,1,7,0,12,6,14,2,13,1,13,0,7,0,1,3,4,2,5,1,3,1,10,0,14,0,0
2026-07-16T13:28-07:00,Thu,13,3,20,0,10,0,0,1,7,0,12,6,17,3,15,1,16,0,8,0,1,3,5,2,5,1,4,1,7,0,14,0,0
2026-07-16T14:38-07:00,Thu,14,4,22,0,14,0,0,1,9,0,12,6,19,2,21,2,10,0,10,0,1,2,9,2,7,1,2,1,13,0,17,0,0
2026-07-16T14:48-07:00,Thu,14,4,21,0,14,0,0,1,8,0,12,6,22,2,23,2,10,0,11,0,1,2,9,2,6,1,3,1,13,0,18,0,0
2026-07-16T14:59-07:00,Thu,14,4,23,0,14,0,0,1,7,0,12,6,19,2,21,2,8,0,10,0,1,2,9,2,6,1,5,1,15,0,19,0,0
2026-07-16T15:09-07:00,Thu,15,5,19,0,18,0,0,1,7,0,12,6,19,2,22,2,12,0,12,0,2,2,7,2,9,1,7,1,16,1,20,0,0
2026-07-16T15:19-07:00,Thu,15,5,23,0,20,0,2,1,10,0,12,6,23,2,22,2,12,0,12,0,2,2,8,2,8,1,4,2,6,0,5,0,0
2026-07-16T15:29-07:00,Thu,15,5,22,0,19,0,2,1,9,0,12,6,22,2,20,3,11,0,6,0,2,2,9,2,9,1,4,2,8,0,11,0,0
2026-07-16T15:39-07:00,Thu,15,5,21,1,19,0,2,1,11,0,12,7,12,2,22,3,8,0,8,0,3,2,10,2,8,1,5,2,9,0,14,0,0
2026-07-16T15:49-07:00,Thu,15,5,18,1,11,0,2,1,11,0,12,7,11,2,19,3,7,0,8,0,3,2,13,2,7,1,7,2,11,0,16,0,0
2026-07-16T15:59-07:00,Thu,15,5,18,1,11,0,2,1,13,0,12,7,11,3,13,3,6,0,8,0,3,3,4,2,3,1,1,2,4,1,3,0,0
2026-07-16T16:09-07:00,Thu,16,5,18,1,12,0,2,1,12,0,12,7,18,3,12,3,6,0,8,0,3,3,6,2,7,1,2,2,3,1,5,0,0
2026-07-16T16:19-07:00,Thu,16,5,16,1,11,0,2,1,12,0,12,7,14,3,8,3,4,0,8,0,3,3,8,2,8,1,4,2,7,1,6,0,0
2026-07-16T16:29-07:00,Thu,16,5,19,1,12,0,2,1,10,0,12,7,13,3,10,3,5,0,9,0,3,3,10,3,14,1,6,2,9,1,8,0,0
2026-07-16T16:39-07:00,Thu,16,5,21,1,11,0,2,1,8,0,12,7,12,3,12,3,7,0,10,0,3,3,1,3,3,1,8,2,11,1,10,0,0
2026-07-16T16:49-07:00,Thu,16,5,20,1,11,0,2,1,9,0,12,7,15,3,14,3,8,0,10,0,3,3,0,3,4,1,8,2,3,1,10,0,0
2026-07-16T16:59-07:00,Thu,16,5,20,1,11,0,2,1,9,0,12,7,14,3,14,3,6,0,10,0,3,3,1,3,5,1,5,2,3,1,10,0,0
2026-07-16T17:10-07:00,Thu,17,4,20,1,11,0,2,1,9,0,12,7,17,3,14,3,6,0,10,0,3,2,5,3,8,1,2,2,3,1,10,0,0
2026-07-16T17:20-07:00,Thu,17,4,25,1,11,0,2,1,10,0,12,7,18,3,16,3,8,0,11,0,3,2,9,3,11,1,2,2,4,1,9,0,0
2026-07-16T17:30-07:00,Thu,17,5,21,1,11,0,2,1,9,0,12,7,22,3,17,3,9,0,11,0,3,2,8,3,8,1,1,2,4,1,11,0,0
2026-07-16T18:40-07:00,Thu,18,4,25,1,15,0,7,1,16,0,12,6,18,3,19,3,10,0,15,0,2,2,1,3,7,0,4,2,4,1,8,0,0
2026-07-16T18:50-07:00,Thu,18,4,25,1,16,0,7,1,15,0,12,6,20,3,21,3,11,0,16,0,2,2,5,3,10,0,6,2,7,1,8,0,0
2026-07-16T19:00-07:00,Thu,19,5,34,1,18,0,7,1,17,0,12,6,22,3,22,3,9,0,16,0,2,2,5,3,10,0,7,2,7,1,7,0,0
2026-07-16T19:10-07:00,Thu,19,5,27,1,19,0,6,1,15,0,12,6,22,3,28,3,14,0,18,0,3,1,7,3,14,0,7,2,6,1,6,0,0
2026-07-16T19:20-07:00,Thu,19,5,26,1,19,0,6,1,14,0,12,6,18,3,31,3,15,0,19,0,3,1,6,3,15,0,6,2,8,1,6,0,0
2026-07-16T19:30-07:00,Thu,19,5,27,1,13,0,2,1,14,0,12,6,24,4,30,3,14,0,19,0,3,1,6,3,10,0,5,2,8,1,8,0,0
2026-07-16T20:41-07:00,Thu,20,6,27,1,11,0,3,1,13,0,12,7,23,4,20,3,12,0,13,0,5,1,12,4,10,0,15,2,10,1,2,0,0
2026-07-16T20:51-07:00,Thu,20,6,20,1,10,0,3,1,12,0,12,7,27,4,25,3,14,0,15,0,5,2,2,4,8,0,12,2,8,1,2,0,0
2026-07-16T21:01-07:00,Thu,21,6,20,1,10,0,3,1,12,0,12,7,30,4,31,3,18,0,17,0,6,2,4,4,13,0,6,2,12,1,3,0,0
2026-07-16T21:11-07:00,Thu,21,6,20,1,10,0,2,1,13,0,12,8,34,4,33,3,18,0,17,0,6,2,7,4,16,0,8,2,14,1,7,0,0
2026-07-16T21:21-07:00,Thu,21,6,21,1,10,0,2,1,14,0,12,8,31,4,36,3,23,1,18,0,6,2,6,4,14,0,9,2,14,1,6,0,0
2026-07-16T21:31-07:00,Thu,21,6,24,1,12,0,2,1,14,0,12,8,36,4,37,3,24,1,18,0,6,2,6,4,15,0,9,2,13,1,5,0,0
2026-07-16T22:42-07:00,Thu,22,6,20,1,9,0,1,1,9,0,12,9,43,5,16,4,9,0,10,0,7,2,5,4,3,0,0,2,4,1,6,0,0
2026-07-16T22:52-07:00,Thu,22,6,16,1,9,0,1,0,9,0,12,9,29,5,16,4,9,0,10,0,7,2,6,4,5,0,0,2,3,1,6,0,0
2026-07-16T23:02-07:00,Thu,23,6,16,1,8,0,1,0,7,0,12,9,33,5,17,4,10,0,11,0,8,2,3,4,5,0,0,2,0,1,3,0,0
2026-07-16T23:12-07:00,Thu,23,6,13,0,6,0,1,0,5,0,12,9,37,5,14,4,8,0,11,0,8,2,8,4,6,0,0,2,1,1,3,0,0
2026-07-16T23:22-07:00,Thu,23,6,15,0,6,0,1,0,5,0,12,9,42,5,14,4,7,0,11,0,8,2,6,4,5,0,0,2,0,1,0,0,0
2026-07-16T23:32-07:00,Thu,23,6,11,0,6,0,1,0,5,0,12,9,37,5,13,4,8,0,12,0,8,2,10,4,6,0,0,2,0,1,0,0,0
2026-07-17T00:43-07:00,Fri,0,5,8,0,1,0,1,0,2,0,12,9,6,5,5,4,4,0,12,0,8,2,8,3,0,0,0,2,0,1,0,0,0
2026-07-17T00:53-07:00,Fri,0,4,7,0,1,0,1,0,0,0,12,9,4,5,3,4,4,0,12,0,8,2,8,3,0,0,0,2,0,1,0,0,0
2026-07-17T01:03-07:00,Fri,1,4,6,0,1,0,1,0,0,0,12,9,3,5,3,4,4,0,12,0,8,3,9,3,1,0,0,1,0,1,0,0,0
2026-07-17T01:13-07:00,Fri,1,4,4,0,1,0,1,0,0,0,12,8,4,5,2,4,4,0,12,0,8,2,5,3,2,0,0,1,0,1,0,0,0
2026-07-17T01:23-07:00,Fri,1,4,4,0,1,0,1,0,0,0,12,8,3,5,2,3,3,0,12,0,8,2,5,3,3,0,0,1,0,1,0,0,0
2026-07-17T01:33-07:00,Fri,1,4,3,0,1,0,0,0,0,0,12,7,3,5,2,3,3,0,12,0,8,2,7,2,4,0,0,1,2,0,0,0,0
2026-07-17T02:44-07:00,Fri,2,3,0,0,0,0,0,0,0,0,12,4,5,4,1,2,1,0,6,0,8,2,6,2,6,0,0,1,1,0,0,0,0
2026-07-17T02:54-07:00,Fri,2,3,0,0,0,0,0,0,0,0,12,4,5,4,1,2,0,0,5,0,7,2,6,2,6,0,0,1,2,0,0,0,0
2026-07-17T03:04-07:00,Fri,3,3,0,0,0,0,0,0,0,0,12,4,4,4,1,2,1,0,6,0,8,2,4,2,6,0,0,1,1,0,0,0,0
2026-07-17T03:14-07:00,Fri,3,3,0,0,0,0,0,0,0,0,12,4,4,4,1,1,1,1,3,0,8,2,0,2,4,0,0,1,1,0,0,0,0
2026-07-17T03:24-07:00,Fri,3,2,0,0,0,0,0,0,0,0,12,4,5,2,1,1,2,1,2,0,8,2,0,2,0,0,0,1,0,0,0,0,0
2026-07-17T03:34-07:00,Fri,3,2,1,0,0,0,0,0,0,0,12,4,5,2,1,1,2,1,2,0,8,2,0,2,1,0,0,1,0,0,0,0,0
2026-07-17T04:45-07:00,Fri,4,2,1,0,0,0,0,0,0,0,12,3,1,1,0,1,0,0,1,0,8,1,3,2,0,0,0,1,0,0,0,0,0
2026-07-17T04:55-07:00,Fri,4,2,1,0,0,0,0,0,0,0,12,3,1,1,0,1,0,0,1,0,8,1,0,2,0,0,0,1,0,0,0,0,0
2026-07-17T05:05-07:00,Fri,5,1,4,0,0,0,0,0,0,0,12,3,1,1,0,1,0,0,1,0,8,1,0,2,0,0,0,0,0,0,0,0,0
2026-07-17T05:15-07:00,Fri,5,1,3,0,0,0,0,0,0,0,12,3,1,0,0,1,0,0,1,0,8,1,0,2,0,0,0,0,0,0,0,0,0
2026-07-17T05:25-07:00,Fri,5,1,4,0,0,0,0,0,0,0,12,3,0,0,0,1,0,0,1,0,8,1,0,2,0,0,0,0,0,0,0,0,0
2026-07-17T05:35-07:00,Fri,5,1,5,0,0,0,0,0,0,0,12,3,0,0,1,0,0,1,0,0,1,1,0,2,0,0,0,0,0,0,0,0,0
2026-07-17T05:45-07:00,Fri,5,1,4,0,0,0,0,0,0,0,12,3,0,0,1,0,0,1,0,0,1,1,0,1,2,0,0,0,0,0,0,0,0
2026-07-17T05:55-07:00,Fri,5,1,5,0,0,0,0,0,0,0,12,3,1,0,1,0,0,1,0,0,1,1,0,1,2,0,0,0,0,0,0,0,0
2026-07-17T06:05-07:00,Fri,6,1,6,0,0,0,0,0,0,0,12,3,3,0,2,0,0,1,0,0,1,1,0,1,2,0,0,0,0,0,0,0,0
2026-07-17T06:15-07:00,Fri,6,1,7,0,0,0,0,0,0,0,12,3,3,0,2,0,0,1,0,0,1,1,0,1,0,0,0,0,0,0,0,0,0
2026-07-17T06:25-07:00,Fri,6,1,4,0,0,0,0,0,0,0,11,3,3,0,2,0,0,1,0,0,1,1,0,1,0,0,0,0,0,0,0,0,0
2026-07-17T06:36-07:00,Fri,6,1,3,0,0,0,0,0,0,0,11,3,3,0,2,0,0,1,0,0,1,1,0,1,0,0,0,0,0,0,0,0,0
2026-07-17T07:46-07:00,Fri,7,1,3,0,1,0,0,0,1,0,11,1,3,0,3,0,0,1,0,0,2,0,1,1,0,0,0,0,0,0,0,0,0
2026-07-17T07:56-07:00,Fri,7,1,3,0,1,0,0,0,1,0,11,1,4,0,3,0,0,1,0,0,2,0,1,1,0,0,0,0,0,0,0,0,0
2026-07-17T08:06-07:00,Fri,8,1,3,0,1,0,0,0,1,0,11,1,4,0,3,0,0,1,0,0,2,0,1,1,0,0,0,0,0,0,0,0,0
2026-07-17T08:16-07:00,Fri,8,1,5,0,1,0,0,0,1,0,11,1,5,0,3,0,0,1,0,0,2,0,1,1,0,0,0,0,0,0,0,0,0
2026-07-17T08:26-07:00,Fri,8,1,5,0,1,0,0,0,1,0,11,1,5,0,3,0,0,1,0,0,2,0,2,1,0,0,0,0,0,0,0,0,0
2026-07-17T08:36-07:00,Fri,8,1,6,0,2,0,0,0,1,0,11,1,5,0,3,0,0,1,0,0,2,0,4,1,0,0,0,0,0,0,0,0,0
2026-07-17T09:47-07:00,Fri,9,2,9,0,3,0,0,0,4,0,11,1,10,0,13,0,6,1,2,0,2,0,9,1,1,0,1,0,0,0,0,0,0
2026-07-17T09:57-07:00,Fri,9,2,9,0,4,0,0,0,4,0,11,1,13,0,14,0,6,1,2,0,2,1,7,1,1,0,1,0,0,0,0,0,0
2026-07-17T10:07-07:00,Fri,10,2,10,0,5,0,0,0,5,0,11,2,12,0,12,0,6,1,2,0,2,1,0,1,1,0,1,0,0,0,0,0,0
2026-07-17T10:17-07:00,Fri,10,2,12,0,5,0,0,0,5,0,11,2,13,1,14,0,6,0,2,0,2,1,0,1,2,0,1,0,0,0,0,0,0
2026-07-17T10:27-07:00,Fri,10,2,15,0,5,0,0,0,5,0,11,2,14,1,8,0,6,0,2,0,2,1,0,1,1,0,0,0,0,0,0,0,0
2026-07-17T10:37-07:00,Fri,10,2,17,0,6,0,1,0,6,0,11,2,16,1,10,0,7,0,2,0,2,1,2,1,2,0,0,0,0,0,0,0,0
2026-07-17T11:48-07:00,Fri,11,2,26,0,9,0,2,0,10,0,11,3,23,1,11,1,9,0,6,0,2,2,9,2,8,0,7,0,10,0,7,0,0
2026-07-17T11:58-07:00,Fri,11,3,33,0,9,0,2,0,13,0,11,3,30,1,16,1,10,0,6,0,2,1,13,2,7,0,7,0,13,0,10,0,0
2026-07-17T12:08-07:00,Fri,12,3,24,0,8,0,1,0,13,0,11,3,29,2,20,1,11,0,6,0,2,2,14,2,6,0,7,0,13,0,10,0,0
2026-07-17T12:18-07:00,Fri,12,3,28,0,8,0,1,1,14,0,11,3,35,2,15,1,11,0,7,0,2,2,7,2,4,0,7,0,15,0,12,0,0
2026-07-17T12:28-07:00,Fri,12,3,25,0,9,0,1,1,9,0,11,3,36,2,14,1,10,0,7,0,2,2,7,2,4,0,7,0,14,0,12,0,0
2026-07-17T12:38-07:00,Fri,12,3,29,0,10,0,2,1,9,0,11,4,30,2,11,1,9,0,8,0,2,2,6,2,4,0,7,0,14,1,4,0,0
2026-07-17T13:49-07:00,Fri,13,5,25,0,17,0,6,1,13,0,11,5,17,2,20,1,15,0,14,0,5,2,7,2,11,0,8,1,10,1,10,0,1
2026-07-17T13:59-07:00,Fri,13,5,28,0,16,0,6,1,12,0,11,5,21,2,15,1,15,1,13,0,5,3,9,2,11,0,4,1,4,1,10,0,1
2026-07-17T14:09-07:00,Fri,14,5,32,0,19,0,8,1,14,0,11,6,21,2,15,1,11,1,6,0,5,3,1,2,10,0,3,1,3,1,10,0,1
2026-07-17T14:19-07:00,Fri,14,6,34,0,19,0,8,1,15,0,11,6,26,2,17,1,10,1,6,0,5,2,4,2,11,0,4,1,4,1,11,0,2
2026-07-17T14:29-07:00,Fri,14,6,25,0,22,0,11,1,17,0,11,6,27,2,21,1,12,1,7,0,5,2,7,2,11,0,4,1,3,1,12,0,2
2026-07-17T14:39-07:00,Fri,14,6,25,0,21,0,13,1,15,0,11,6,25,2,19,1,12,1,6,0,5,2,5,2,14,0,4,1,4,1,13,0,2
2026-07-17T15:50-07:00,Fri,15,6,20,1,13,0,15,1,20,0,11,7,35,3,24,1,15,1,6,0,5,1,8,4,12,0,6,1,4,2,5,0,1
2026-07-17T16:00-07:00,Fri,16,6,21,1,14,0,15,2,20,0,11,8,34,3,25,1,14,1,6,0,5,2,3,4,11,0,7,1,4,2,5,0,1
2026-07-17T16:10-07:00,Fri,16,6,22,1,14,0,15,2,9,0,11,8,27,3,23,1,14,1,7,0,5,2,3,4,10,0,8,1,5,2,6,0,1
2026-07-17T16:20-07:00,Fri,16,6,22,1,15,0,16,2,7,0,11,8,30,3,22,1,15,1,7,0,6,2,8,4,12,0,8,1,7,2,8,0,1
2026-07-17T16:30-07:00,Fri,16,6,22,1,16,0,16,2,5,0,11,8,28,3,23,1,16,1,9,0,6,3,8,4,14,0,9,1,8,2,9,0,2
2026-07-17T16:40-07:00,Fri,16,6,27,1,17,0,17,2,8,0,11,8,30,3,26,1,19,1,11,0,8,3,2,4,15,1,12,1,13,2,13,0,2
2026-07-17T17:51-07:00,Fri,17,7,48,1,21,1,13,2,7,0,11,8,28,4,25,2,12,1,10,0,9,2,6,5,6,0,6,1,7,2,8,0,3
2026-07-17T18:01-07:00,Fri,18,7,40,2,21,1,14,2,8,0,11,8,28,4,26,2,13,1,10,0,9,2,9,5,7,0,6,1,8,2,9,0,1
2026-07-17T18:11-07:00,Fri,18,7,28,2,13,1,15,2,9,0,11,8,27,4,30,2,16,1,8,0,9,3,10,5,7,0,8,1,8,2,9,0,1
2026-07-17T18:21-07:00,Fri,18,7,33,2,17,1,16,2,10,0,11,8,29,4,30,2,16,1,9,0,10,3,2,5,7,0,11,1,9,2,7,0,1
2026-07-17T18:31-07:00,Fri,18,7,32,2,17,1,11,2,10,0,11,8,30,4,29,2,17,1,10,0,10,3,3,5,11,0,11,2,1,2,6,0,1
2026-07-17T18:41-07:00,Fri,18,7,32,2,20,1,14,2,9,0,11,8,28,4,31,2,15,1,10,0,10,3,4,5,12,0,11,2,1,2,4,0,0
2026-07-17T19:52-07:00,Fri,19,8,39,2,27,1,10,2,12,0,11,8,32,4,14,2,9,1,6,0,10,3,6,5,7,1,9,1,6,2,4,0,0
2026-07-17T20:02-07:00,Fri,20,9,39,2,27,1,9,2,12,0,11,8,37,4,13,2,9,1,6,0,10,3,7,5,7,1,9,1,7,2,3,0,0
2026-07-17T20:12-07:00,Fri,20,9,28,2,27,1,10,2,12,0,11,8,34,4,10,2,9,1,5,0,10,3,6,5,11,1,12,1,9,2,5,0,0
2026-07-17T20:22-07:00,Fri,20,9,36,2,27,1,8,2,11,0,11,8,36,4,14,2,13,1,7,0,10,3,5,5,12,1,15,1,9,2,5,0,0
2026-07-17T20:32-07:00,Fri,20,9,43,2,25,1,6,2,11,0,11,9,34,4,15,2,13,1,6,0,10,3,5,5,15,2,15,1,9,2,3,0,0
2026-07-17T20:42-07:00,Fri,20,9,50,2,30,1,10,2,11,0,11,9,39,4,20,2,15,1,6,0,10,3,7,5,14,1,8,1,8,2,4,0,0
2026-07-17T21:52-07:00,Fri,21,9,61,2,32,1,19,2,16,0,11,10,27,4,27,2,18,1,5,0,12,4,8,6,11,2,3,1,10,2,6,0,0
2026-07-17T22:02-07:00,Fri,22,9,59,2,32,1,18,2,15,0,11,10,30,4,28,2,19,1,5,0,12,4,4,6,13,2,9,1,14,2,8,0,0
2026-07-17T22:12-07:00,Fri,22,9,70,2,35,1,19,2,18,0,11,10,27,4,32,2,20,1,6,0,12,4,5,6,11,2,9,2,18,2,10,0,0
2026-07-17T22:22-07:00,Fri,22,9,64,2,26,1,17,2,15,0,11,10,31,4,23,2,15,1,5,0,12,4,5,6,10,2,9,2,18,2,8,0,0
2026-07-17T22:32-07:00,Fri,22,9,62,2,21,1,18,2,14,0,11,10,26,4,22,2,14,1,5,0,12,4,2,6,11,2,11,2,6,2,9,0,0
2026-07-17T22:43-07:00,Fri,22,9,59,2,22,1,17,2,16,0,11,10,27,4,23,2,16,1,6,0,12,4,7,6,13,2,7,2,7,2,9,0,0
2026-07-17T22:53-07:00,Fri,22,9,55,2,20,1,13,2,15,0,11,10,18,4,27,2,19,1,7,0,12,4,10,6,8,2,5,2,9,2,10,0,0
2026-07-17T23:03-07:00,Fri,23,9,48,2,19,1,10,2,13,0,11,10,13,4,28,2,19,1,8,0,13,4,7,6,5,2,2,2,6,2,6,0,0
2026-07-17T23:13-07:00,Fri,23,9,47,2,19,1,10,2,16,0,11,10,14,5,31,2,20,1,9,0,13,4,8,6,6,2,1,2,3,2,5,0,0
2026-07-17T23:23-07:00,Fri,23,9,41,2,17,1,10,2,15,0,11,10,18,5,23,2,20,1,9,0,13,3,8,6,6,2,1,2,3,2,5,0,0
2026-07-17T23:33-07:00,Fri,23,9,35,2,11,1,8,2,12,0,11,10,13,5,22,2,20,1,9,0,13,3,3,6,5,2,1,2,3,2,5,0,0
2026-07-17T23:43-07:00,Fri,23,9,25,2,7,1,6,2,10,0,11,10,13,5,23,2,20,1,9,0,13,3,5,6,6,2,0,2,2,2,5,0,0
2026-07-18T00:54-07:00,Sat,0,8,13,1,8,1,4,2,3,0,11,9,6,5,7,2,5,1,8,0,12,3,8,5,1,2,0,2,0,1,2,0,0
2026-07-18T01:04-07:00,Sat,1,8,13,1,7,1,4,1,8,0,11,9,6,5,8,2,4,1,7,0,11,3,8,4,1,2,0,2,0,1,2,0,0
2026-07-18T01:14-07:00,Sat,1,8,10,1,6,1,4,1,5,0,11,8,7,5,8,2,4,1,4,0,11,3,8,4,1,1,2,2,0,1,2,0,0
2026-07-18T01:24-07:00,Sat,1,8,6,1,4,1,4,1,5,0,11,8,6,5,7,1,5,1,3,0,11,3,6,4,1,1,2,2,1,1,3,0,0
2026-07-18T01:34-07:00,Sat,1,8,7,0,3,1,3,1,5,0,11,7,9,5,6,1,4,1,3,0,11,3,4,4,1,1,2,2,1,1,4,0,0
2026-07-18T01:44-07:00,Sat,1,7,7,0,3,1,2,1,2,0,11,7,6,4,5,1,4,1,3,0,11,3,2,3,1,1,2,2,1,1,4,0,0
2026-07-18T02:54-07:00,Sat,2,5,1,0,0,1,0,0,0,0,11,5,2,2,3,0,4,1,3,0,11,3,2,2,1,1,0,2,0,1,0,0,0
2026-07-18T03:04-07:00,Sat,3,5,2,0,0,1,0,0,0,0,11,4,3,2,4,0,5,1,4,0,12,3,1,2,1,1,0,2,0,1,0,0,0
2026-07-18T03:14-07:00,Sat,3,5,2,0,0,1,0,0,0,0,11,4,3,2,3,0,4,1,3,0,12,3,1,2,1,1,0,2,0,1,0,0,0
2026-07-18T03:25-07:00,Sat,3,4,2,0,0,1,0,0,0,0,11,4,2,2,5,0,4,1,3,0,1,3,1,2,1,1,0,2,0,1,0,0,0
2026-07-18T03:35-07:00,Sat,3,4,2,0,0,1,0,0,0,0,11,3,2,2,5,0,4,1,1,0,1,2,1,2,3,0,0,2,0,1,0,0,0
2026-07-18T03:45-07:00,Sat,3,4,2,0,0,1,0,0,0,0,11,3,3,2,5,0,4,1,1,0,1,2,1,2,1,0,0,1,0,1,0,0,0
2026-07-18T04:55-07:00,Sat,4,3,0,0,0,0,0,0,0,0,11,2,4,1,3,0,3,1,1,0,1,1,1,1,4,0,0,0,0,1,0,0,0
2026-07-18T05:05-07:00,Sat,5,3,0,0,0,0,0,0,0,0,11,2,1,1,1,0,2,1,0,0,1,1,1,1,4,0,0,0,0,1,0,0,0
2026-07-18T05:15-07:00,Sat,5,3,1,0,0,0,0,0,0,0,11,2,1,1,1,0,2,1,0,0,1,1,2,1,4,0,0,0,0,1,0,0,0
2026-07-18T05:25-07:00,Sat,5,2,2,0,0,0,0,0,0,0,11,2,1,0,1,0,2,0,0,0,0,1,2,1,1,0,0,0,0,1,0,0,0
2026-07-18T05:35-07:00,Sat,5,2,2,0,0,0,0,0,0,0,11,2,1,0,1,0,2,0,0,0,0,1,2,1,0,0,0,0,0,1,0,0,0
2026-07-18T05:46-07:00,Sat,5,2,2,0,0,0,0,0,0,0,11,2,1,0,1,0,2,0,0,0,0,1,3,1,0,0,0,0,0,1,0,0,0
2026-07-18T06:56-07:00,Sat,6,2,3,0,0,0,0,0,0,0,11,1,2,0,2,0,0,0,0,0,0,1,0,0,0,0,0,0,0,1,0,0,0
2026-07-18T07:06-07:00,Sat,7,2,3,0,0,0,0,0,0,0,11,1,4,0,3,0,0,0,0,0,0,1,0,0,0,0,0,0,0,1,0,0,0
2026-07-18T07:16-07:00,Sat,7,2,3,0,0,0,0,0,0,0,11,1,4,0,3,0,0,0,0,0,0,1,0,0,0,0,0,0,0,1,0,0,0
2026-07-18T07:26-07:00,Sat,7,2,1,0,0,0,0,0,0,0,11,1,6,0,4,0,0,0,0,0,0,1,0,0,0,0,0,0,0,0,0,0,0
2026-07-18T07:36-07:00,Sat,7,2,2,0,0,0,0,0,0,0,11,1,6,0,4,0,0,0,0,0,0,1,0,0,0,0,0,0,0,0,0,0,0
2026-07-18T07:46-07:00,Sat,7,2,1,0,0,0,0,0,0,0,11,1,6,0,4,0,0,0,0,0,0,1,0,0,1,0,0,0,0,0,0,0,0
2026-07-18T08:57-07:00,Sat,8,2,5,0,1,0,0,0,1,0,11,1,16,0,5,0,1,0,0,0,0,1,7,0,3,0,0,0,0,0,0,0,0
2026-07-18T09:07-07:00,Sat,9,2,6,0,1,0,0,0,1,0,11,2,16,0,7,0,2,0,1,0,0,1,2,0,2,0,0,0,0,0,0,0,0
2026-07-18T09:17-07:00,Sat,9,2,5,0,1,0,0,0,1,0,11,2,15,0,8,0,3,0,1,0,0,1,5,0,3,0,0,0,1,0,1,0,0
2026-07-18T09:27-07:00,Sat,9,2,4,0,1,0,0,0,1,0,11,2,15,0,10,0,4,0,1,0,0,1,8,0,4,0,0,0,1,0,1,0,0
2026-07-18T09:37-07:00,Sat,9,2,4,0,1,0,0,0,2,0,11,2,14,0,11,0,5,0,1,0,0,1,9,0,4,0,0,0,1,0,1,0,0
2026-07-18T09:47-07:00,Sat,9,2,3,0,1,0,0,0,2,0,11,2,15,0,12,0,6,0,2,0,0,1,11,0,6,0,0,0,1,0,1,0,0
2026-07-18T10:58-07:00,Sat,10,2,8,0,2,0,0,0,2,0,11,3,15,1,9,1,9,0,5,0,2,1,7,0,5,0,1,0,2,0,2,0,0
2026-07-18T11:08-07:00,Sat,11,2,11,0,3,0,0,0,3,0,11,3,20,1,5,1,3,0,5,0,2,1,9,0,7,0,1,0,2,0,2,0,0
2026-07-18T11:18-07:00,Sat,11,2,9,0,3,0,0,0,2,0,11,3,15,1,6,1,4,0,5,0,2,1,13,0,9,0,1,0,3,0,2,0,0
2026-07-18T11:28-07:00,Sat,11,2,13,0,5,0,0,0,4,0,11,4,24,1,8,1,3,0,5,0,2,1,10,0,9,0,1,0,5,0,3,0,0
2026-07-18T11:38-07:00,Sat,11,2,13,0,5,0,0,0,4,0,11,4,23,1,11,1,3,0,5,0,2,1,11,0,10,0,2,0,5,0,2,0,0
2026-07-18T11:48-07:00,Sat,11,2,15,0,5,0,0,0,4,0,11,4,23,1,12,1,4,0,5,0,2,1,14,1,11,0,2,0,5,0,2,0,0
2026-07-18T12:59-07:00,Sat,12,3,21,0,4,0,1,0,6,0,11,5,22,2,20,1,10,0,10,0,4,2,2,2,8,0,6,1,10,0,13,0,0
2026-07-18T13:09-07:00,Sat,13,3,23,0,4,0,1,0,6,0,11,6,24,2,19,1,9,0,10,0,4,2,3,2,8,0,5,1,9,0,12,0,0
2026-07-18T13:19-07:00,Sat,13,3,28,0,5,0,1,0,6,0,11,6,19,2,22,1,12,0,10,0,4,2,3,2,7,0,7,1,15,1,8,0,0
2026-07-18T13:29-07:00,Sat,13,3,27,0,6,0,1,0,7,0,11,6,20,3,16,1,14,0,11,0,4,2,5,2,9,0,7,1,5,1,5,0,0
2026-07-18T13:39-07:00,Sat,13,4,30,0,7,0,1,0,8,0,11,6,18,3,15,1,15,0,11,0,4,2,7,2,10,0,6,1,5,1,3,0,0
2026-07-18T13:49-07:00,Sat,13,4,24,0,7,0,1,0,7,0,11,6,16,3,18,1,16,0,12,0,4,2,9,2,8,0,7,1,5,1,3,0,0
2026-07-18T14:59-07:00,Sat,14,6,31,0,7,0,3,0,13,0,11,8,28,3,12,2,10,0,10,0,5,3,9,4,2,0,3,1,6,1,8,0,0
2026-07-18T15:10-07:00,Sat,15,7,25,0,12,0,3,0,14,0,11,8,22,3,17,2,12,0,12,0,5,3,3,4,1,0,3,1,5,1,8,0,0
2026-07-18T15:20-07:00,Sat,15,7,25,0,12,0,2,0,14,0,11,8,20,3,18,2,12,0,12,0,5,3,6,4,0,0,3,1,7,1,9,0,0
2026-07-18T15:30-07:00,Sat,15,7,28,0,14,0,3,0,15,0,11,8,23,3,22,2,11,0,12,0,5,3,2,4,0,0,4,1,9,1,11,0,0
2026-07-18T15:40-07:00,Sat,15,7,29,0,16,0,4,1,14,0,11,8,29,3,26,2,13,1,12,0,5,3,2,4,1,0,4,1,8,1,10,0,0
2026-07-18T15:50-07:00,Sat,15,8,28,0,17,0,6,1,10,0,11,8,28,3,29,2,9,1,3,0,5,3,1,4,1,0,7,1,11,1,10,0,0
2026-07-18T17:02-07:00,Sat,17,7,33,1,8,0,8,0,16,0,11,9,23,4,25,2,9,1,3,0,6,2,11,4,10,0,9,2,5,1,16,0,0
2026-07-18T17:12-07:00,Sat,17,7,33,1,9,0,9,0,17,0,11,9,34,4,24,2,8,1,2,0,6,2,7,4,10,0,8,2,3,1,14,0,0
2026-07-18T17:22-07:00,Sat,17,7,28,1,11,0,9,0,18,0,11,9,39,4,25,2,9,1,2,0,6,2,8,4,5,0,7,2,4,1,12,0,0
2026-07-18T17:32-07:00,Sat,17,7,30,1,13,0,10,0,19,0,11,9,35,4,22,2,7,1,2,0,6,2,9,4,6,0,8,2,3,1,12,0,0
2026-07-18T17:42-07:00,Sat,17,7,36,1,15,0,10,0,18,0,11,9,35,4,17,2,8,1,2,0,6,2,5,4,4,0,8,2,7,1,14,0,0
2026-07-18T17:52-07:00,Sat,17,7,38,1,16,0,11,0,18,0,11,9,34,4,16,2,8,1,2,0,6,2,5,4,8,0,8,2,4,1,15,0,0
2026-07-18T19:02-07:00,Sat,19,7,39,1,23,0,10,1,10,0,11,9,27,3,20,2,11,0,5,0,7,4,9,4,7,1,15,2,8,1,5,0,0
2026-07-18T19:12-07:00,Sat,19,7,46,1,23,1,10,1,10,0,11,9,32,3,22,2,12,0,5,0,7,4,9,4,7,1,2,2,3,1,4,0,0
2026-07-18T19:23-07:00,Sat,19,7,45,1,21,1,3,1,12,0,11,9,31,3,22,2,15,0,5,0,7,4,5,4,8,1,0,2,2,1,2,1,0
2026-07-18T19:33-07:00,Sat,19,7,48,1,22,1,4,1,11,0,11,9,32,3,18,2,13,0,5,0,7,4,9,4,4,1,0,2,3,1,3,1,1
2026-07-18T19:43-07:00,Sat,19,7,52,1,21,1,6,1,11,0,11,9,28,3,19,2,14,0,5,0,7,4,5,4,3,1,0,2,4,1,4,1,1
2026-07-18T19:53-07:00,Sat,19,8,56,1,23,1,7,1,13,0,11,9,32,3,19,2,12,0,5,0,7,4,7,4,3,1,0,2,4,1,3,1,3
2026-07-18T21:03-07:00,Sat,21,8,45,2,14,1,13,1,16,0,11,9,34,3,21,1,9,0,8,0,5,4,8,4,4,0,5,2,13,1,10,1,3
2026-07-18T21:13-07:00,Sat,21,8,40,2,13,1,13,1,15,0,11,9,36,3,23,1,10,0,8,0,5,4,8,4,8,0,6,2,14,1,11,1,2
2026-07-18T21:23-07:00,Sat,21,8,42,2,15,1,15,1,17,0,11,9,34,3,22,1,11,0,8,0,5,4,6,4,11,0,7,2,15,1,13,1,3
2026-07-18T21:33-07:00,Sat,21,8,44,2,16,1,16,1,17,0,11,10,41,3,20,1,11,0,8,0,5,4,9,5,8,0,8,2,15,1,12,1,3
2026-07-18T21:43-07:00,Sat,21,8,37,2,16,1,17,1,16,0,11,10,32,3,22,1,13,0,9,0,5,5,4,5,14,0,8,3,15,1,8,1,3
2026-07-18T21:54-07:00,Sat,21,8,37,2,13,1,15,1,17,0,11,10,29,3,17,1,12,0,9,0,5,5,6,5,16,0,10,3,6,1,5,1,3
2026-07-18T23:04-07:00,Sat,23,9,30,1,12,1,9,1,16,0,11,10,26,4,19,2,7,0,14,0,4,5,12,6,8,1,11,4,3,0,6,1,0
2026-07-18T23:14-07:00,Sat,23,9,30,1,13,1,10,1,13,0,11,10,27,4,16,2,8,0,15,0,4,5,9,6,9,0,4,4,3,0,6,1,0
2026-07-18T23:24-07:00,Sat,23,9,28,1,11,1,11,1,13,0,11,10,28,4,17,2,10,0,17,0,5,5,9,6,1,0,4,4,3,0,6,1,0
2026-07-18T23:34-07:00,Sat,23,9,20,1,8,1,11,1,11,0,11,10,26,4,20,2,8,0,16,0,4,5,6,6,1,0,5,4,5,0,8,1,0
2026-07-18T23:44-07:00,Sat,23,9,19,1,9,1,11,1,12,0,11,10,35,4,23,2,10,0,17,0,4,5,4,6,1,0,5,4,5,0,8,1,0
2026-07-18T23:54-07:00,Sat,23,9,19,1,9,1,13,1,14,0,11,11,32,4,22,2,11,0,18,0,5,5,2,6,0,0,5,4,6,0,9,1,0
2026-07-19T01:05-07:00,Sun,1,9,12,1,8,1,9,1,12,0,11,11,11,4,9,2,6,0,18,0,4,5,0,5,1,0,0,4,1,0,6,1,0
2026-07-19T01:15-07:00,Sun,1,9,9,1,7,1,6,1,12,0,11,11,7,4,4,2,3,0,18,0,4,5,0,5,1,0,0,4,1,0,6,1,0
2026-07-19T01:25-07:00,Sun,1,7,9,1,6,1,6,1,12,0,11,10,6,4,6,2,3,0,18,0,4,5,0,4,2,0,0,4,1,0,7,1,0
2026-07-19T01:35-07:00,Sun,1,6,10,1,6,1,8,1,12,0,11,9,6,4,4,2,6,0,11,0,1,5,0,4,1,0,0,4,1,0,7,1,0
2026-07-19T01:45-07:00,Sun,1,6,7,1,5,1,7,1,8,0,11,9,7,4,2,1,6,0,11,0,1,5,0,4,1,0,0,4,1,0,0,1,0
2026-07-19T01:55-07:00,Sun,1,6,6,1,5,1,8,1,8,0,11,9,7,4,2,1,5,0,10,0,0,4,1,4,3,0,0,2,1,0,0,1,0
2026-07-19T02:06-07:00,Sun,2,5,7,0,5,1,7,1,7,0,11,9,7,4,2,1,1,0,8,0,0,4,0,4,3,0,0,2,1,0,0,1,0
2026-07-19T02:16-07:00,Sun,2,5,7,0,6,1,7,1,6,0,11,9,8,4,2,1,1,0,4,0,0,4,0,4,2,0,0,2,0,0,0,1,0
2026-07-19T02:26-07:00,Sun,2,5,7,0,0,1,7,1,4,0,11,9,6,4,2,1,0,0,4,0,0,3,1,4,3,0,0,2,0,0,0,1,0
2026-07-19T02:36-07:00,Sun,2,5,7,0,0,1,5,1,3,0,11,8,6,4,2,1,0,0,3,0,0,3,0,3,3,0,0,3,0,0,0,1,0
2026-07-19T02:46-07:00,Sun,2,5,6,0,0,1,2,1,3,0,11,8,5,3,1,1,0,0,0,0,0,2,1,3,2,0,0,2,0,0,0,1,0
2026-07-19T02:56-07:00,Sun,2,5,4,0,0,1,1,1,1,0,11,7,5,3,1,1,0,0,0,0,0,2,2,3,1,0,0,2,1,0,0,1,0
2026-07-19T04:07-07:00,Sun,4,3,0,0,0,1,0,0,0,0,11,3,1,2,0,1,0,0,0,0,0,2,1,3,1,0,0,1,1,0,0,1,0
2026-07-19T04:17-07:00,Sun,4,3,0,0,0,1,0,0,0,0,11,3,2,2,0,1,0,0,0,0,0,2,2,3,1,0,0,1,1,0,0,1,0
2026-07-19T04:27-07:00,Sun,4,2,0,0,0,1,0,0,0,0,11,3,2,2,0,1,0,0,0,0,0,2,4,3,1,0,0,1,2,0,0,1,0
2026-07-19T04:37-07:00,Sun,4,2,0,0,0,1,0,0,0,0,11,3,1,2,0,1,0,0,0,0,0,2,3,3,1,0,0,1,2,0,0,1,0
2026-07-19T04:47-07:00,Sun,4,2,1,0,0,1,0,0,0,0,11,3,2,1,0,1,0,0,0,0,0,2,2,2,1,0,0,1,2,0,0,1,0
2026-07-19T04:57-07:00,Sun,4,2,1,0,0,1,0,0,0,0,11,3,1,1,0,1,0,0,0,0,0,1,2,1,3,0,0,1,2,0,0,0,0
2026-07-19T06:08-07:00,Sun,6,2,2,0,0,0,0,0,0,0,11,2,4,1,0,0,0,0,0,0,0,1,0,1,1,0,0,0,0,0,0,0,0
2026-07-19T06:18-07:00,Sun,6,2,2,0,0,0,0,0,0,0,11,2,5,1,0,0,0,0,0,0,0,1,0,1,1,0,0,0,0,0,0,0,0
2026-07-19T06:28-07:00,Sun,6,2,2,0,0,0,0,0,0,0,11,1,6,1,1,0,0,0,0,0,0,1,1,1,1,0,0,0,0,0,0,0,0
2026-07-19T06:38-07:00,Sun,6,2,2,0,0,0,0,0,0,0,11,1,6,1,1,0,0,0,0,0,0,1,2,1,2,0,0,0,0,0,0,0,0
2026-07-19T06:48-07:00,Sun,6,2,2,0,0,0,0,0,0,0,11,1,5,1,2,0,0,0,0,0,0,1,0,1,1,0,0,0,0,0,0,0,0
2026-07-19T06:58-07:00,Sun,6,2,2,0,0,0,0,0,0,0,11,1,4,1,2,0,0,0,0,0,0,1,0,1,1,0,0,0,0,0,0,0,0
2026-07-19T08:09-07:00,Sun,8,2,3,0,0,0,0,0,0,0,11,1,7,1,3,0,0,0,0,0,0,1,3,1,0,0,0,0,0,0,0,0,0
2026-07-19T08:19-07:00,Sun,8,2,3,0,0,0,0,0,0,0,11,1,7,1,3,0,0,0,0,0,0,1,3,1,0,0,0,0,0,0,0,0,0
2026-07-19T08:29-07:00,Sun,8,2,4,0,0,0,0,0,1,0,11,1,6,1,2,0,0,0,0,0,0,1,4,1,0,0,0,0,0,0,0,0,0
2026-07-19T08:39-07:00,Sun,8,2,6,0,0,0,0,0,1,0,11,2,4,1,3,0,1,0,0,0,0,1,4,1,0,0,0,0,0,0,0,0,0
2026-07-19T08:49-07:00,Sun,8,2,6,0,0,0,0,0,1,0,11,2,4,1,3,0,1,0,0,0,0,1,4,1,0,0,0,0,0,0,0,0,0
2026-07-19T08:59-07:00,Sun,8,2,6,0,0,0,0,0,1,0,11,2,5,1,3,0,1,0,0,0,0,1,5,1,0,0,0,0,0,0,0,0,0
2026-07-19T10:09-07:00,Sun,10,2,10,0,4,0,0,0,5,0,11,3,4,1,7,0,5,0,2,0,0,2,3,1,2,0,0,0,0,0,0,0,0
2026-07-19T10:19-07:00,Sun,10,2,7,0,4,0,0,0,5,0,11,3,4,1,8,0,6,0,2,0,0,2,5,1,2,0,0,0,0,0,0,0,0
2026-07-19T10:29-07:00,Sun,10,2,10,0,5,0,0,0,7,0,11,3,4,1,9,0,6,0,2,0,0,2,2,1,3,0,0,0,0,0,0,0,0
2026-07-19T10:40-07:00,Sun,10,2,10,0,5,0,0,0,7,0,11,3,7,1,10,0,7,0,3,0,0,2,3,1,4,0,0,0,0,0,0,0,0
2026-07-19T10:50-07:00,Sun,10,2,12,0,6,0,0,0,7,0,11,3,10,1,11,0,8,0,3,0,0,2,6,1,5,0,0,0,0,0,0,0,0
2026-07-19T11:00-07:00,Sun,11,2,23,0,6,0,0,0,7,0,11,3,14,1,12,0,8,0,3,0,0,2,9,1,7,0,0,0,0,0,0,0,0
2026-07-19T12:10-07:00,Sun,12,3,30,0,7,0,1,0,7,0,11,2,20,2,11,0,9,0,3,0,0,2,2,1,4,0,2,0,5,0,6,0,2
2026-07-19T12:20-07:00,Sun,12,3,28,0,7,0,1,0,7,0,11,2,19,2,9,0,10,0,3,0,0,2,1,1,5,0,2,0,5,0,6,0,2
2026-07-19T12:30-07:00,Sun,12,3,28,0,7,0,1,0,7,0,11,3,14,2,9,0,11,0,3,0,0,2,1,1,6,0,2,0,5,0,6,0,2
2026-07-19T12:40-07:00,Sun,12,3,26,0,7,0,2,0,8,0,11,3,14,2,10,1,9,0,3,0,0,2,1,1,7,0,2,0,5,0,6,0,2
2026-07-19T12:50-07:00,Sun,12,4,31,0,7,0,2,0,9,0,11,3,12,3,7,1,6,0,4,0,0,2,2,1,7,0,1,0,4,0,5,0,2
2026-07-19T13:00-07:00,Sun,13,4,21,0,7,0,2,0,10,0,11,3,14,3,11,1,9,0,5,0,0,2,4,1,8,0,1,1,0,0,5,0,2
2026-07-19T14:11-07:00,Sun,14,5,27,0,15,0,1,1,8,0,11,4,11,3,13,1,5,0,4,0,0,3,1,2,8,0,1,1,0,0,5,0,0
2026-07-19T14:21-07:00,Sun,14,5,30,0,15,0,1,1,8,0,11,4,10,3,10,1,5,0,4,0,0,3,3,3,7,0,1,1,0,0,5,0,0
2026-07-19T14:31-07:00,Sun,14,5,31,0,16,0,1,1,8,0,11,4,9,3,10,1,5,0,4,0,0,3,5,3,2,0,2,1,0,0,5,0,0
